// Created by Crowbar 0.74
version 1
nodes
  0 "bip_pelvis" -1
  1 "bip_spine_0" 0
  2 "bip_spine_1" 1
  3 "bip_spine_2" 2
  4 "bip_spine_3" 3
  5 "bip_neck" 4
  6 "bip_head" 5
  7 "slug_jiggle" 6
end
skeleton
  time 0
    0 0.000000 46.698845 -0.827201 -3.130702 0.000000 0.000000
    1 0.000000 -5.005421 0.000000 -0.241270 0.000000 0.000000
    2 0.000000 -5.178513 0.000001 -0.081909 0.000000 0.000000
    3 0.000000 -7.272385 -0.000012 0.297061 0.000000 0.000000
    4 0.000000 -4.878658 0.000007 0.226212 0.000000 0.000000
    5 0.000000 -4.423134 0.000004 -0.049979 0.000000 0.000000
    6 0.000000 -2.858559 0.000002 -0.161005 0.000000 0.000000
    7 1.247154 -7.937370 -2.415128 3.141234 -1.569051 1.871009
end
triangles
hwn2024_triboniophorus
  6 1.689821 85.851761 -3.239813 0.065701 0.366711 -0.928012 0.968750 0.984375 2 6 0.500000 7 0.500000
  6 2.656120 85.156609 -3.142667 0.372768 0.046974 -0.926735 0.984375 0.921875 2 6 0.500000 7 0.500000
  6 1.583986 85.574135 -3.296249 -0.008694 0.192110 -0.981335 0.984375 0.984375 2 6 0.500000 7 0.500000
hwn2024_triboniophorus
  6 1.080492 85.384361 1.463541 0.276773 0.924692 0.261422 0.910156 0.441406 2 6 0.500000 7 0.500000
  6 1.729195 84.872543 2.554358 0.338887 0.884262 0.321304 0.964844 0.500000 2 6 0.500000 7 0.500000
  6 1.759884 85.130142 1.562706 0.338057 0.899255 0.277593 0.910156 0.500000 2 6 0.500000 7 0.500000
hwn2024_triboniophorus
  6 1.759884 85.130142 1.562706 0.338057 0.899255 0.277593 0.910156 0.500000 2 6 0.500000 7 0.500000
  6 1.729195 84.872543 2.554358 0.338887 0.884262 0.321304 0.964844 0.500000 2 6 0.500000 7 0.500000
  6 2.767548 84.526398 2.266870 0.411232 0.858859 0.305368 0.964844 0.562500 2 6 0.500000 7 0.500000
hwn2024_triboniophorus
  6 1.759884 85.130142 1.562706 0.338057 0.899255 0.277593 0.910156 0.500000 2 6 0.500000 7 0.500000
  6 2.767548 84.526398 2.266870 0.411232 0.858859 0.305368 0.964844 0.562500 2 6 0.500000 7 0.500000
  6 2.428566 84.911720 1.376486 0.398389 0.878016 0.265280 0.910156 0.562500 2 6 0.500000 7 0.500000
hwn2024_triboniophorus
  6 2.982021 84.769890 0.933747 0.443977 0.865285 0.232737 0.910156 0.621094 2 6 0.500000 7 0.500000
  6 2.428566 84.911720 1.376486 0.398389 0.878016 0.265280 0.910156 0.562500 2 6 0.500000 7 0.500000
  6 2.767548 84.526398 2.266870 0.411232 0.858859 0.305368 0.964844 0.562500 2 6 0.500000 7 0.500000
hwn2024_triboniophorus
  6 2.982021 84.769890 0.933747 0.443977 0.865285 0.232737 0.910156 0.621094 2 6 0.500000 7 0.500000
  6 2.767548 84.526398 2.266870 0.411232 0.858859 0.305368 0.964844 0.562500 2 6 0.500000 7 0.500000
  6 3.639933 84.295982 1.585107 0.471134 0.842587 0.260923 0.964844 0.621094 2 6 0.500000 7 0.500000
hwn2024_triboniophorus
  6 3.351255 84.728340 0.305309 0.472190 0.866145 0.163795 0.910156 0.683594 2 6 0.500000 7 0.500000
  6 2.982021 84.769890 0.933747 0.443977 0.865285 0.232737 0.910156 0.621094 2 6 0.500000 7 0.500000
  6 3.639933 84.295982 1.585107 0.471134 0.842587 0.260923 0.964844 0.621094 2 6 0.500000 7 0.500000
hwn2024_triboniophorus
  6 3.351255 84.728340 0.305309 0.472190 0.866145 0.163795 0.910156 0.683594 2 6 0.500000 7 0.500000
  6 3.639933 84.295982 1.585107 0.471134 0.842587 0.260923 0.964844 0.621094 2 6 0.500000 7 0.500000
  6 4.217138 84.226440 0.614524 0.501981 0.838617 0.211511 0.964844 0.683594 2 6 0.500000 7 0.500000
hwn2024_triboniophorus
  6 3.351255 84.728340 0.305309 0.472190 0.866145 0.163795 0.910156 0.683594 2 6 0.500000 7 0.500000
  6 4.217138 84.226440 0.614524 0.501981 0.838617 0.211511 0.964844 0.683594 2 6 0.500000 7 0.500000
  6 4.419966 84.344742 -0.492966 0.510176 0.844958 0.160519 0.964844 0.742188 2 6 0.500000 7 0.500000
hwn2024_triboniophorus
  6 3.351255 84.728340 0.305309 0.472190 0.866145 0.163795 0.910156 0.683594 2 6 0.500000 7 0.500000
  6 4.419966 84.344742 -0.492966 0.510176 0.844958 0.160519 0.964844 0.742188 2 6 0.500000 7 0.500000
  6 3.479467 84.804565 -0.411806 0.472190 0.866145 0.163795 0.910156 0.742188 2 6 0.500000 7 0.500000
hwn2024_triboniophorus
  6 3.479467 84.804565 -0.411806 0.472190 0.866145 0.163795 0.910156 0.742188 2 6 0.500000 7 0.500000
  6 4.419966 84.344742 -0.492966 0.510176 0.844958 0.160519 0.964844 0.742188 2 6 0.500000 7 0.500000
  6 4.222981 84.640800 -1.566226 0.494429 0.862207 0.110179 0.964844 0.804688 2 6 0.500000 7 0.500000
hwn2024_triboniophorus
  6 3.479467 84.804565 -0.411806 0.472190 0.866145 0.163795 0.910156 0.742188 2 6 0.500000 7 0.500000
  6 4.222981 84.640800 -1.566226 0.494429 0.862207 0.110179 0.964844 0.804688 2 6 0.500000 7 0.500000
  6 3.353872 84.987480 -1.106754 0.459525 0.878236 0.132431 0.910156 0.804688 2 6 0.500000 7 0.500000
hwn2024_triboniophorus
  6 3.353872 84.987480 -1.106754 0.459525 0.878236 0.132431 0.910156 0.804688 2 6 0.500000 7 0.500000
  6 4.222981 84.640800 -1.566226 0.494429 0.862207 0.110179 0.964844 0.804688 2 6 0.500000 7 0.500000
  6 3.642801 85.053345 -2.446895 0.455383 0.887911 0.065115 0.964844 0.863281 2 6 0.500000 7 0.500000
hwn2024_triboniophorus
  6 3.353872 84.987480 -1.106754 0.459525 0.878236 0.132431 0.910156 0.804688 2 6 0.500000 7 0.500000
  6 3.642801 85.053345 -2.446895 0.455383 0.887911 0.065115 0.964844 0.863281 2 6 0.500000 7 0.500000
  6 2.988295 85.241783 -1.675792 0.427825 0.898428 0.098958 0.910156 0.863281 2 6 0.500000 7 0.500000
hwn2024_triboniophorus
  6 2.422012 85.523567 -2.036407 0.378035 0.922628 0.076460 0.910156 0.921875 2 6 0.500000 7 0.500000
  6 2.988295 85.241783 -1.675792 0.427825 0.898428 0.098958 0.910156 0.863281 2 6 0.500000 7 0.500000
  6 3.642801 85.053345 -2.446895 0.455383 0.887911 0.065115 0.964844 0.863281 2 6 0.500000 7 0.500000
hwn2024_triboniophorus
  6 2.422012 85.523567 -2.036407 0.378035 0.922628 0.076460 0.910156 0.921875 2 6 0.500000 7 0.500000
  6 3.642801 85.053345 -2.446895 0.455383 0.887911 0.065115 0.964844 0.863281 2 6 0.500000 7 0.500000
  6 2.762793 85.501518 -3.004204 0.392566 0.919074 0.034572 0.964844 0.921875 2 6 0.500000 7 0.500000
hwn2024_triboniophorus
  6 1.742868 85.780670 -2.134319 0.317956 0.945085 0.075622 0.910156 0.984375 2 6 0.500000 7 0.500000
  6 2.422012 85.523567 -2.036407 0.378035 0.922628 0.076460 0.910156 0.921875 2 6 0.500000 7 0.500000
  6 2.762793 85.501518 -3.004204 0.392566 0.919074 0.034572 0.964844 0.921875 2 6 0.500000 7 0.500000
hwn2024_triboniophorus
  6 1.742868 85.780670 -2.134319 0.317956 0.945085 0.075622 0.910156 0.984375 2 6 0.500000 7 0.500000
  6 2.762793 85.501518 -3.004204 0.392566 0.919074 0.034572 0.964844 0.921875 2 6 0.500000 7 0.500000
  6 1.716702 85.908447 -3.154086 0.316815 0.947954 0.031787 0.964844 0.984375 2 6 0.500000 7 0.500000
hwn2024_triboniophorus
  6 1.716702 85.908447 -3.154086 0.316815 0.947954 0.031787 0.964844 0.984375 2 6 0.500000 7 0.500000
  6 2.762793 85.501518 -3.004204 0.392566 0.919074 0.034572 0.964844 0.921875 2 6 0.500000 7 0.500000
  6 2.761900 85.434090 -3.086259 0.421297 0.221021 -0.879578 0.968750 0.921875 2 6 0.500000 7 0.500000
hwn2024_triboniophorus
  6 1.716702 85.908447 -3.154086 0.316815 0.947954 0.031787 0.964844 0.984375 2 6 0.500000 7 0.500000
  6 2.761900 85.434090 -3.086259 0.421297 0.221021 -0.879578 0.968750 0.921875 2 6 0.500000 7 0.500000
  6 1.689821 85.851761 -3.239813 0.065701 0.366711 -0.928012 0.968750 0.984375 2 6 0.500000 7 0.500000
hwn2024_triboniophorus
  6 1.689821 85.851761 -3.239813 0.065701 0.366711 -0.928012 0.968750 0.984375 2 6 0.500000 7 0.500000
  6 2.761900 85.434090 -3.086259 0.421297 0.221021 -0.879578 0.968750 0.921875 2 6 0.500000 7 0.500000
  6 2.656120 85.156609 -3.142667 0.372768 0.046974 -0.926735 0.984375 0.921875 2 6 0.500000 7 0.500000
hwn2024_triboniophorus
  6 2.761900 85.434090 -3.086259 0.421297 0.221021 -0.879578 0.968750 0.921875 2 6 0.500000 7 0.500000
  6 3.558010 84.696892 -2.571446 0.683323 -0.102379 -0.722903 0.984375 0.863281 2 6 0.500000 7 0.500000
  6 2.656120 85.156609 -3.142667 0.372768 0.046974 -0.926735 0.984375 0.921875 2 6 0.500000 7 0.500000
hwn2024_triboniophorus
  6 2.761900 85.434090 -3.086259 0.421297 0.221021 -0.879578 0.968750 0.921875 2 6 0.500000 7 0.500000
  6 3.663780 84.974350 -2.515035 0.720579 0.069017 -0.689929 0.968750 0.863281 2 6 0.500000 7 0.500000
  6 3.558010 84.696892 -2.571446 0.683323 -0.102379 -0.722903 0.984375 0.863281 2 6 0.500000 7 0.500000
hwn2024_triboniophorus
  6 2.762793 85.501518 -3.004204 0.392566 0.919074 0.034572 0.964844 0.921875 2 6 0.500000 7 0.500000
  6 3.663780 84.974350 -2.515035 0.720579 0.069017 -0.689929 0.968750 0.863281 2 6 0.500000 7 0.500000
  6 2.761900 85.434090 -3.086259 0.421297 0.221021 -0.879578 0.968750 0.921875 2 6 0.500000 7 0.500000
hwn2024_triboniophorus
  6 2.762793 85.501518 -3.004204 0.392566 0.919074 0.034572 0.964844 0.921875 2 6 0.500000 7 0.500000
  6 3.642801 85.053345 -2.446895 0.455383 0.887911 0.065115 0.964844 0.863281 2 6 0.500000 7 0.500000
  6 3.663780 84.974350 -2.515035 0.720579 0.069017 -0.689929 0.968750 0.863281 2 6 0.500000 7 0.500000
hwn2024_triboniophorus
  6 4.222981 84.640800 -1.566226 0.494429 0.862207 0.110179 0.964844 0.804688 2 6 0.500000 7 0.500000
  6 3.663780 84.974350 -2.515035 0.720579 0.069017 -0.689929 0.968750 0.863281 2 6 0.500000 7 0.500000
  6 3.642801 85.053345 -2.446895 0.455383 0.887911 0.065115 0.964844 0.863281 2 6 0.500000 7 0.500000
hwn2024_triboniophorus
  6 4.222981 84.640800 -1.566226 0.494429 0.862207 0.110179 0.964844 0.804688 2 6 0.500000 7 0.500000
  6 4.259974 84.550362 -1.612107 0.918967 -0.061448 -0.389516 0.968750 0.804688 2 6 0.500000 7 0.500000
  6 3.663780 84.974350 -2.515035 0.720579 0.069017 -0.689929 0.968750 0.863281 2 6 0.500000 7 0.500000
hwn2024_triboniophorus
  6 4.419966 84.344742 -0.492966 0.510176 0.844958 0.160519 0.964844 0.742188 2 6 0.500000 7 0.500000
  6 4.259974 84.550362 -1.612107 0.918967 -0.061448 -0.389516 0.968750 0.804688 2 6 0.500000 7 0.500000
  6 4.222981 84.640800 -1.566226 0.494429 0.862207 0.110179 0.964844 0.804688 2 6 0.500000 7 0.500000
hwn2024_triboniophorus
  6 4.259974 84.550362 -1.612107 0.918967 -0.061448 -0.389516 0.968750 0.804688 2 6 0.500000 7 0.500000
  6 3.558010 84.696892 -2.571446 0.683323 -0.102379 -0.722903 0.984375 0.863281 2 6 0.500000 7 0.500000
  6 3.663780 84.974350 -2.515035 0.720579 0.069017 -0.689929 0.968750 0.863281 2 6 0.500000 7 0.500000
hwn2024_triboniophorus
  6 4.259974 84.550362 -1.612107 0.918967 -0.061448 -0.389516 0.968750 0.804688 2 6 0.500000 7 0.500000
  6 4.155073 84.272346 -1.668400 0.868949 -0.237861 -0.433992 0.984375 0.804688 2 6 0.500000 7 0.500000
  6 3.558010 84.696892 -2.571446 0.683323 -0.102379 -0.722903 0.984375 0.863281 2 6 0.500000 7 0.500000
hwn2024_triboniophorus
  6 4.463164 84.245720 -0.511821 0.987791 -0.153241 -0.028044 0.968750 0.742188 2 6 0.500000 7 0.500000
  6 4.155073 84.272346 -1.668400 0.868949 -0.237861 -0.433992 0.984375 0.804688 2 6 0.500000 7 0.500000
  6 4.259974 84.550362 -1.612107 0.918967 -0.061448 -0.389516 0.968750 0.804688 2 6 0.500000 7 0.500000
hwn2024_triboniophorus
  6 4.419966 84.344742 -0.492966 0.510176 0.844958 0.160519 0.964844 0.742188 2 6 0.500000 7 0.500000
  6 4.463164 84.245720 -0.511821 0.987791 -0.153241 -0.028044 0.968750 0.742188 2 6 0.500000 7 0.500000
  6 4.259974 84.550362 -1.612107 0.918967 -0.061448 -0.389516 0.968750 0.804688 2 6 0.500000 7 0.500000
hwn2024_triboniophorus
  6 4.419966 84.344742 -0.492966 0.510176 0.844958 0.160519 0.964844 0.742188 2 6 0.500000 7 0.500000
  6 4.254719 84.124420 0.623302 0.917798 -0.202776 0.341362 0.968750 0.683594 2 6 0.500000 7 0.500000
  6 4.463164 84.245720 -0.511821 0.987791 -0.153241 -0.028044 0.968750 0.742188 2 6 0.500000 7 0.500000
hwn2024_triboniophorus
  6 4.419966 84.344742 -0.492966 0.510176 0.844958 0.160519 0.964844 0.742188 2 6 0.500000 7 0.500000
  6 4.217138 84.226440 0.614524 0.501981 0.838617 0.211511 0.964844 0.683594 2 6 0.500000 7 0.500000
  6 4.254719 84.124420 0.623302 0.917798 -0.202776 0.341362 0.968750 0.683594 2 6 0.500000 7 0.500000
hwn2024_triboniophorus
  6 4.217138 84.226440 0.614524 0.501981 0.838617 0.211511 0.964844 0.683594 2 6 0.500000 7 0.500000
  6 3.661539 84.196198 1.617929 0.717049 -0.200597 0.667534 0.968750 0.621094 2 6 0.500000 7 0.500000
  6 4.254719 84.124420 0.623302 0.917798 -0.202776 0.341362 0.968750 0.683594 2 6 0.500000 7 0.500000
hwn2024_triboniophorus
  6 4.217138 84.226440 0.614524 0.501981 0.838617 0.211511 0.964844 0.683594 2 6 0.500000 7 0.500000
  6 3.639933 84.295982 1.585107 0.471134 0.842587 0.260923 0.964844 0.621094 2 6 0.500000 7 0.500000
  6 3.661539 84.196198 1.617929 0.717049 -0.200597 0.667534 0.968750 0.621094 2 6 0.500000 7 0.500000
hwn2024_triboniophorus
  6 3.639933 84.295982 1.585107 0.471134 0.842587 0.260923 0.964844 0.621094 2 6 0.500000 7 0.500000
  6 2.765974 84.432915 2.316530 0.414598 -0.137010 0.899632 0.968750 0.562500 2 6 0.500000 7 0.500000
  6 3.661539 84.196198 1.617929 0.717049 -0.200597 0.667534 0.968750 0.621094 2 6 0.500000 7 0.500000
hwn2024_triboniophorus
  6 3.639933 84.295982 1.585107 0.471134 0.842587 0.260923 0.964844 0.621094 2 6 0.500000 7 0.500000
  6 2.767548 84.526398 2.266870 0.411232 0.858859 0.305368 0.964844 0.562500 2 6 0.500000 7 0.500000
  6 2.765974 84.432915 2.316530 0.414598 -0.137010 0.899632 0.968750 0.562500 2 6 0.500000 7 0.500000
hwn2024_triboniophorus
  6 2.767548 84.526398 2.266870 0.411232 0.858859 0.305368 0.964844 0.562500 2 6 0.500000 7 0.500000
  6 1.701691 84.787895 2.611234 0.036372 -0.004624 0.999328 0.968750 0.500000 2 6 0.500000 7 0.500000
  6 2.765974 84.432915 2.316530 0.414598 -0.137010 0.899632 0.968750 0.562500 2 6 0.500000 7 0.500000
hwn2024_triboniophorus
  6 2.767548 84.526398 2.266870 0.411232 0.858859 0.305368 0.964844 0.562500 2 6 0.500000 7 0.500000
  6 1.729195 84.872543 2.554358 0.338887 0.884262 0.321304 0.964844 0.500000 2 6 0.500000 7 0.500000
  6 1.701691 84.787895 2.611234 0.036372 -0.004624 0.999328 0.968750 0.500000 2 6 0.500000 7 0.500000
hwn2024_triboniophorus
  6 0.681458 85.274323 2.402950 0.259256 0.917097 0.302851 0.964844 0.441406 2 6 0.500000 7 0.500000
  6 1.701691 84.787895 2.611234 0.036372 -0.004624 0.999328 0.968750 0.500000 2 6 0.500000 7 0.500000
  6 1.729195 84.872543 2.554358 0.338887 0.884262 0.321304 0.964844 0.500000 2 6 0.500000 7 0.500000
hwn2024_triboniophorus
  6 1.080492 85.384361 1.463541 0.276773 0.924692 0.261422 0.910156 0.441406 2 6 0.500000 7 0.500000
  6 0.681458 85.274323 2.402950 0.259256 0.917097 0.302851 0.964844 0.441406 2 6 0.500000 7 0.500000
  6 1.729195 84.872543 2.554358 0.338887 0.884262 0.321304 0.964844 0.500000 2 6 0.500000 7 0.500000
hwn2024_triboniophorus
  6 0.495625 85.630974 1.093271 0.228229 0.948059 0.221576 0.910156 0.378906 2 6 0.500000 7 0.500000
  6 0.681458 85.274323 2.402950 0.259256 0.917097 0.302851 0.964844 0.441406 2 6 0.500000 7 0.500000
  6 1.080492 85.384361 1.463541 0.276773 0.924692 0.261422 0.910156 0.441406 2 6 0.500000 7 0.500000
hwn2024_triboniophorus
  6 0.495625 85.630974 1.093271 0.228229 0.948059 0.221576 0.910156 0.378906 2 6 0.500000 7 0.500000
  6 -0.216293 85.666634 1.835146 0.197578 0.946932 0.253542 0.964844 0.378906 2 6 0.500000 7 0.500000
  6 0.681458 85.274323 2.402950 0.259256 0.917097 0.302851 0.964844 0.441406 2 6 0.500000 7 0.500000
hwn2024_triboniophorus
  6 0.097153 85.834602 0.510627 0.200360 0.963851 0.175635 0.910156 0.320312 2 6 0.500000 7 0.500000
  6 -0.216293 85.666634 1.835146 0.197578 0.946932 0.253542 0.964844 0.378906 2 6 0.500000 7 0.500000
  6 0.495625 85.630974 1.093271 0.228229 0.948059 0.221576 0.910156 0.378906 2 6 0.500000 7 0.500000
hwn2024_triboniophorus
  6 0.097153 85.834602 0.510627 0.200360 0.963851 0.175635 0.910156 0.320312 2 6 0.500000 7 0.500000
  6 -0.825634 85.987144 0.936843 0.161512 0.967763 0.193258 0.964844 0.320312 2 6 0.500000 7 0.500000
  6 -0.216293 85.666634 1.835146 0.197578 0.946932 0.253542 0.964844 0.378906 2 6 0.500000 7 0.500000
hwn2024_triboniophorus
  6 -0.050573 85.976730 -0.193314 0.214275 0.968851 0.124155 0.910156 0.257812 2 6 0.500000 7 0.500000
  6 -0.825634 85.987144 0.936843 0.161512 0.967763 0.193258 0.964844 0.320312 2 6 0.500000 7 0.500000
  6 0.097153 85.834602 0.510627 0.200360 0.963851 0.175635 0.910156 0.320312 2 6 0.500000 7 0.500000
hwn2024_triboniophorus
  6 4.463164 84.245720 -0.511821 0.987791 -0.153241 -0.028044 0.968750 0.742188 2 6 0.500000 7 0.500000
  6 4.361336 83.966171 -0.567641 0.940490 -0.334132 -0.061923 0.984375 0.742188 2 6 0.500000 7 0.500000
  6 4.155073 84.272346 -1.668400 0.868949 -0.237861 -0.433992 0.984375 0.804688 2 6 0.500000 7 0.500000
hwn2024_triboniophorus
  6 4.463164 84.245720 -0.511821 0.987791 -0.153241 -0.028044 0.968750 0.742188 2 6 0.500000 7 0.500000
  6 4.151922 83.845406 0.567338 0.866569 -0.384535 0.318106 0.984375 0.683594 2 6 0.500000 7 0.500000
  6 4.361336 83.966171 -0.567641 0.940490 -0.334132 -0.061923 0.984375 0.742188 2 6 0.500000 7 0.500000
hwn2024_triboniophorus
  6 4.463164 84.245720 -0.511821 0.987791 -0.153241 -0.028044 0.968750 0.742188 2 6 0.500000 7 0.500000
  6 4.254719 84.124420 0.623302 0.917798 -0.202776 0.341362 0.968750 0.683594 2 6 0.500000 7 0.500000
  6 4.151922 83.845406 0.567338 0.866569 -0.384535 0.318106 0.984375 0.683594 2 6 0.500000 7 0.500000
hwn2024_triboniophorus
  6 4.254719 84.124420 0.623302 0.917798 -0.202776 0.341362 0.968750 0.683594 2 6 0.500000 7 0.500000
  6 3.556232 83.918526 1.561590 0.673052 -0.373731 0.638221 0.984375 0.621094 2 6 0.500000 7 0.500000
  6 4.151922 83.845406 0.567338 0.866569 -0.384535 0.318106 0.984375 0.683594 2 6 0.500000 7 0.500000
hwn2024_triboniophorus
  6 4.254719 84.124420 0.623302 0.917798 -0.202776 0.341362 0.968750 0.683594 2 6 0.500000 7 0.500000
  6 3.661539 84.196198 1.617929 0.717049 -0.200597 0.667534 0.968750 0.621094 2 6 0.500000 7 0.500000
  6 3.556232 83.918526 1.561590 0.673052 -0.373731 0.638221 0.984375 0.621094 2 6 0.500000 7 0.500000
hwn2024_triboniophorus
  6 3.661539 84.196198 1.617929 0.717049 -0.200597 0.667534 0.968750 0.621094 2 6 0.500000 7 0.500000
  6 2.660265 84.155563 2.260143 0.352422 -0.313313 0.881835 0.984375 0.562500 2 6 0.500000 7 0.500000
  6 3.556232 83.918526 1.561590 0.673052 -0.373731 0.638221 0.984375 0.621094 2 6 0.500000 7 0.500000
hwn2024_triboniophorus
  6 3.661539 84.196198 1.617929 0.717049 -0.200597 0.667534 0.968750 0.621094 2 6 0.500000 7 0.500000
  6 2.765974 84.432915 2.316530 0.414598 -0.137010 0.899632 0.968750 0.562500 2 6 0.500000 7 0.500000
  6 2.660265 84.155563 2.260143 0.352422 -0.313313 0.881835 0.984375 0.562500 2 6 0.500000 7 0.500000
hwn2024_triboniophorus
  6 2.765974 84.432915 2.316530 0.414598 -0.137010 0.899632 0.968750 0.562500 2 6 0.500000 7 0.500000
  6 1.595976 84.510506 2.554837 -0.013981 -0.225369 0.974173 0.984375 0.500000 2 6 0.500000 7 0.500000
  6 2.660265 84.155563 2.260143 0.352422 -0.313313 0.881835 0.984375 0.562500 2 6 0.500000 7 0.500000
hwn2024_triboniophorus
  6 2.765974 84.432915 2.316530 0.414598 -0.137010 0.899632 0.968750 0.562500 2 6 0.500000 7 0.500000
  6 1.701691 84.787895 2.611234 0.036372 -0.004624 0.999328 0.968750 0.500000 2 6 0.500000 7 0.500000
  6 1.595976 84.510506 2.554837 -0.013981 -0.225369 0.974173 0.984375 0.500000 2 6 0.500000 7 0.500000
hwn2024_triboniophorus
  6 0.627869 85.200241 2.456117 -0.298686 0.124832 0.946152 0.968750 0.441406 2 6 0.500000 7 0.500000
  6 1.595976 84.510506 2.554837 -0.013981 -0.225369 0.974173 0.984375 0.500000 2 6 0.500000 7 0.500000
  6 1.701691 84.787895 2.611234 0.036372 -0.004624 0.999328 0.968750 0.500000 2 6 0.500000 7 0.500000
hwn2024_triboniophorus
  6 0.681458 85.274323 2.402950 0.259256 0.917097 0.302851 0.964844 0.441406 2 6 0.500000 7 0.500000
  6 0.627869 85.200241 2.456117 -0.298686 0.124832 0.946152 0.968750 0.441406 2 6 0.500000 7 0.500000
  6 1.701691 84.787895 2.611234 0.036372 -0.004624 0.999328 0.968750 0.500000 2 6 0.500000 7 0.500000
hwn2024_triboniophorus
  6 -0.216293 85.666634 1.835146 0.197578 0.946932 0.253542 0.964844 0.378906 2 6 0.500000 7 0.500000
  6 0.627869 85.200241 2.456117 -0.298686 0.124832 0.946152 0.968750 0.441406 2 6 0.500000 7 0.500000
  6 0.681458 85.274323 2.402950 0.259256 0.917097 0.302851 0.964844 0.441406 2 6 0.500000 7 0.500000
hwn2024_triboniophorus
  6 -0.216293 85.666634 1.835146 0.197578 0.946932 0.253542 0.964844 0.378906 2 6 0.500000 7 0.500000
  6 -0.292128 85.603241 1.874242 -0.598100 0.279034 0.751277 0.968750 0.378906 2 6 0.500000 7 0.500000
  6 0.627869 85.200241 2.456117 -0.298686 0.124832 0.946152 0.968750 0.441406 2 6 0.500000 7 0.500000
hwn2024_triboniophorus
  6 -0.825634 85.987144 0.936843 0.161512 0.967763 0.193258 0.964844 0.320312 2 6 0.500000 7 0.500000
  6 -0.292128 85.603241 1.874242 -0.598100 0.279034 0.751277 0.968750 0.378906 2 6 0.500000 7 0.500000
  6 -0.216293 85.666634 1.835146 0.197578 0.946932 0.253542 0.964844 0.378906 2 6 0.500000 7 0.500000
hwn2024_triboniophorus
  6 -0.825634 85.987144 0.936843 0.161512 0.967763 0.193258 0.964844 0.320312 2 6 0.500000 7 0.500000
  6 -0.917213 85.932884 0.953904 -0.789371 0.443169 0.424847 0.968750 0.320312 2 6 0.500000 7 0.500000
  6 -0.292128 85.603241 1.874242 -0.598100 0.279034 0.751277 0.968750 0.378906 2 6 0.500000 7 0.500000
hwn2024_triboniophorus
  6 -1.052258 86.204185 -0.151121 0.156697 0.979450 0.126977 0.964844 0.257812 2 6 0.500000 7 0.500000
  6 -0.917213 85.932884 0.953904 -0.789371 0.443169 0.424847 0.968750 0.320312 2 6 0.500000 7 0.500000
  6 -0.825634 85.987144 0.936843 0.161512 0.967763 0.193258 0.964844 0.320312 2 6 0.500000 7 0.500000
hwn2024_triboniophorus
  6 -1.052258 86.204185 -0.151121 0.156697 0.979450 0.126977 0.964844 0.257812 2 6 0.500000 7 0.500000
  6 -1.149120 86.155685 -0.161187 -0.854515 0.511808 0.088640 0.968750 0.257812 2 6 0.500000 7 0.500000
  6 -0.917213 85.932884 0.953904 -0.789371 0.443169 0.424847 0.968750 0.320312 2 6 0.500000 7 0.500000
hwn2024_triboniophorus
  6 -0.849947 86.327087 -1.255550 0.156697 0.979450 0.126977 0.964844 0.199219 2 6 0.500000 7 0.500000
  6 -1.149120 86.155685 -0.161187 -0.854515 0.511808 0.088640 0.968750 0.257812 2 6 0.500000 7 0.500000
  6 -1.052258 86.204185 -0.151121 0.156697 0.979450 0.126977 0.964844 0.257812 2 6 0.500000 7 0.500000
hwn2024_triboniophorus
  6 0.627869 85.200241 2.456117 -0.298686 0.124832 0.946152 0.968750 0.441406 2 6 0.500000 7 0.500000
  6 0.522072 84.922607 2.399678 -0.364444 -0.050122 0.929875 0.984375 0.441406 2 6 0.500000 7 0.500000
  6 1.595976 84.510506 2.554837 -0.013981 -0.225369 0.974173 0.984375 0.500000 2 6 0.500000 7 0.500000
hwn2024_triboniophorus
  6 -0.292128 85.603241 1.874242 -0.598100 0.279034 0.751277 0.968750 0.378906 2 6 0.500000 7 0.500000
  6 0.522072 84.922607 2.399678 -0.364444 -0.050122 0.929875 0.984375 0.441406 2 6 0.500000 7 0.500000
  6 0.627869 85.200241 2.456117 -0.298686 0.124832 0.946152 0.968750 0.441406 2 6 0.500000 7 0.500000
hwn2024_triboniophorus
  6 -0.292128 85.603241 1.874242 -0.598100 0.279034 0.751277 0.968750 0.378906 2 6 0.500000 7 0.500000
  6 -0.398077 85.325134 1.817714 -0.667413 0.104829 0.737273 0.984375 0.378906 2 6 0.500000 7 0.500000
  6 0.522072 84.922607 2.399678 -0.364444 -0.050122 0.929875 0.984375 0.441406 2 6 0.500000 7 0.500000
hwn2024_triboniophorus
  6 -0.917213 85.932884 0.953904 -0.789371 0.443169 0.424847 0.968750 0.320312 2 6 0.500000 7 0.500000
  6 -0.398077 85.325134 1.817714 -0.667413 0.104829 0.737273 0.984375 0.378906 2 6 0.500000 7 0.500000
  6 -0.292128 85.603241 1.874242 -0.598100 0.279034 0.751277 0.968750 0.378906 2 6 0.500000 7 0.500000
hwn2024_triboniophorus
  6 -0.917213 85.932884 0.953904 -0.789371 0.443169 0.424847 0.968750 0.320312 2 6 0.500000 7 0.500000
  6 -1.023853 85.654274 0.897388 -0.868087 0.244688 0.431917 0.984375 0.320312 2 6 0.500000 7 0.500000
  6 -0.398077 85.325134 1.817714 -0.667413 0.104829 0.737273 0.984375 0.378906 2 6 0.500000 7 0.500000
hwn2024_triboniophorus
  6 -1.149120 86.155685 -0.161187 -0.854515 0.511808 0.088640 0.968750 0.257812 2 6 0.500000 7 0.500000
  6 -1.023853 85.654274 0.897388 -0.868087 0.244688 0.431917 0.984375 0.320312 2 6 0.500000 7 0.500000
  6 -0.917213 85.932884 0.953904 -0.789371 0.443169 0.424847 0.968750 0.320312 2 6 0.500000 7 0.500000
hwn2024_triboniophorus
  6 -1.149120 86.155685 -0.161187 -0.854515 0.511808 0.088640 0.968750 0.257812 2 6 0.500000 7 0.500000
  6 -1.256319 85.876846 -0.217628 -0.929552 0.363227 0.063244 0.984375 0.257812 2 6 0.500000 7 0.500000
  6 -1.023853 85.654274 0.897388 -0.868087 0.244688 0.431917 0.984375 0.320312 2 6 0.500000 7 0.500000
hwn2024_triboniophorus
  6 -0.941584 86.281784 -1.293460 -0.775257 0.556435 -0.298926 0.968750 0.199219 2 6 0.500000 7 0.500000
  6 -1.256319 85.876846 -0.217628 -0.929552 0.363227 0.063244 0.984375 0.257812 2 6 0.500000 7 0.500000
  6 -1.149120 86.155685 -0.161187 -0.854515 0.511808 0.088640 0.968750 0.257812 2 6 0.500000 7 0.500000
hwn2024_triboniophorus
  6 -0.941584 86.281784 -1.293460 -0.775257 0.556435 -0.298926 0.968750 0.199219 2 6 0.500000 7 0.500000
  6 -1.047945 86.002716 -1.350112 -0.860197 0.397982 -0.318859 0.984375 0.199219 2 6 0.500000 7 0.500000
  6 -1.256319 85.876846 -0.217628 -0.929552 0.363227 0.063244 0.984375 0.257812 2 6 0.500000 7 0.500000
hwn2024_triboniophorus
  6 -0.941584 86.281784 -1.293460 -0.775257 0.556435 -0.298926 0.968750 0.199219 2 6 0.500000 7 0.500000
  6 -0.425571 86.019318 -2.327913 -0.660756 0.383000 -0.645533 0.984375 0.136719 2 6 0.500000 7 0.500000
  6 -1.047945 86.002716 -1.350112 -0.860197 0.397982 -0.318859 0.984375 0.199219 2 6 0.500000 7 0.500000
hwn2024_triboniophorus
  6 -0.849947 86.327087 -1.255550 0.156697 0.979450 0.126977 0.964844 0.199219 2 6 0.500000 7 0.500000
  6 -0.941584 86.281784 -1.293460 -0.775257 0.556435 -0.298926 0.968750 0.199219 2 6 0.500000 7 0.500000
  6 -1.149120 86.155685 -0.161187 -0.854515 0.511808 0.088640 0.968750 0.257812 2 6 0.500000 7 0.500000
hwn2024_triboniophorus
  6 -0.849947 86.327087 -1.255550 0.156697 0.979450 0.126977 0.964844 0.199219 2 6 0.500000 7 0.500000
  6 -0.319391 86.297920 -2.271328 -0.590736 0.547556 -0.592632 0.968750 0.136719 2 6 0.500000 7 0.500000
  6 -0.941584 86.281784 -1.293460 -0.775257 0.556435 -0.298926 0.968750 0.199219 2 6 0.500000 7 0.500000
hwn2024_triboniophorus
  6 -0.941584 86.281784 -1.293460 -0.775257 0.556435 -0.298926 0.968750 0.199219 2 6 0.500000 7 0.500000
  6 -0.319391 86.297920 -2.271328 -0.590736 0.547556 -0.592632 0.968750 0.136719 2 6 0.500000 7 0.500000
  6 -0.425571 86.019318 -2.327913 -0.660756 0.383000 -0.645533 0.984375 0.136719 2 6 0.500000 7 0.500000
hwn2024_triboniophorus
  6 -0.319391 86.297920 -2.271328 -0.590736 0.547556 -0.592632 0.968750 0.136719 2 6 0.500000 7 0.500000
  6 0.502073 85.878227 -3.009927 -0.354860 0.314166 -0.880553 0.984375 0.078125 2 6 0.500000 7 0.500000
  6 -0.425571 86.019318 -2.327913 -0.660756 0.383000 -0.645533 0.984375 0.136719 2 6 0.500000 7 0.500000
hwn2024_triboniophorus
  6 -0.050573 85.976730 -0.193314 0.214275 0.968851 0.124155 0.910156 0.257812 2 6 0.500000 7 0.500000
  6 -1.052258 86.204185 -0.151121 0.156697 0.979450 0.126977 0.964844 0.257812 2 6 0.500000 7 0.500000
  6 -0.825634 85.987144 0.936843 0.161512 0.967763 0.193258 0.964844 0.320312 2 6 0.500000 7 0.500000
hwn2024_triboniophorus
  6 0.081234 86.054619 -0.907795 0.214275 0.968851 0.124155 0.910156 0.199219 2 6 0.500000 7 0.500000
  6 -1.052258 86.204185 -0.151121 0.156697 0.979450 0.126977 0.964844 0.257812 2 6 0.500000 7 0.500000
  6 -0.050573 85.976730 -0.193314 0.214275 0.968851 0.124155 0.910156 0.257812 2 6 0.500000 7 0.500000
hwn2024_triboniophorus
  6 0.081234 86.054619 -0.907795 0.214275 0.968851 0.124155 0.910156 0.199219 2 6 0.500000 7 0.500000
  6 -0.849947 86.327087 -1.255550 0.156697 0.979450 0.126977 0.964844 0.199219 2 6 0.500000 7 0.500000
  6 -1.052258 86.204185 -0.151121 0.156697 0.979450 0.126977 0.964844 0.257812 2 6 0.500000 7 0.500000
hwn2024_triboniophorus
  6 0.081234 86.054619 -0.907795 0.214275 0.968851 0.124155 0.910156 0.199219 2 6 0.500000 7 0.500000
  6 -0.243675 86.342720 -2.209423 0.186469 0.977948 0.094057 0.964844 0.136719 2 6 0.500000 7 0.500000
  6 -0.849947 86.327087 -1.255550 0.156697 0.979450 0.126977 0.964844 0.199219 2 6 0.500000 7 0.500000
hwn2024_triboniophorus
  6 -0.849947 86.327087 -1.255550 0.156697 0.979450 0.126977 0.964844 0.199219 2 6 0.500000 7 0.500000
  6 -0.243675 86.342720 -2.209423 0.186469 0.977948 0.094057 0.964844 0.136719 2 6 0.500000 7 0.500000
  6 -0.319391 86.297920 -2.271328 -0.590736 0.547556 -0.592632 0.968750 0.136719 2 6 0.500000 7 0.500000
hwn2024_triboniophorus
  6 -0.243675 86.342720 -2.209423 0.186469 0.977948 0.094057 0.964844 0.136719 2 6 0.500000 7 0.500000
  6 0.608034 86.156235 -2.953436 -0.291419 0.481739 -0.826440 0.968750 0.078125 2 6 0.500000 7 0.500000
  6 -0.319391 86.297920 -2.271328 -0.590736 0.547556 -0.592632 0.968750 0.136719 2 6 0.500000 7 0.500000
hwn2024_triboniophorus
  6 -0.319391 86.297920 -2.271328 -0.590736 0.547556 -0.592632 0.968750 0.136719 2 6 0.500000 7 0.500000
  6 0.608034 86.156235 -2.953436 -0.291419 0.481739 -0.826440 0.968750 0.078125 2 6 0.500000 7 0.500000
  6 0.502073 85.878227 -3.009927 -0.354860 0.314166 -0.880553 0.984375 0.078125 2 6 0.500000 7 0.500000
hwn2024_triboniophorus
  6 0.608034 86.156235 -2.953436 -0.291419 0.481739 -0.826440 0.968750 0.078125 2 6 0.500000 7 0.500000
  6 1.583986 85.574135 -3.296249 -0.008694 0.192110 -0.981335 0.984375 0.015625 2 6 0.500000 7 0.500000
  6 0.502073 85.878227 -3.009927 -0.354860 0.314166 -0.880553 0.984375 0.078125 2 6 0.500000 7 0.500000
hwn2024_triboniophorus
  6 0.608034 86.156235 -2.953436 -0.291419 0.481739 -0.826440 0.968750 0.078125 2 6 0.500000 7 0.500000
  6 1.689821 85.851761 -3.239813 0.065701 0.366711 -0.928012 0.968750 0.015625 2 6 0.500000 7 0.500000
  6 1.583986 85.574135 -3.296249 -0.008694 0.192110 -0.981335 0.984375 0.015625 2 6 0.500000 7 0.500000
hwn2024_triboniophorus
  6 0.661133 86.204781 -2.874812 0.241447 0.968732 0.057104 0.964844 0.078125 2 6 0.500000 7 0.500000
  6 1.689821 85.851761 -3.239813 0.065701 0.366711 -0.928012 0.968750 0.015625 2 6 0.500000 7 0.500000
  6 0.608034 86.156235 -2.953436 -0.291419 0.481739 -0.826440 0.968750 0.078125 2 6 0.500000 7 0.500000
hwn2024_triboniophorus
  6 0.661133 86.204781 -2.874812 0.241447 0.968732 0.057104 0.964844 0.078125 2 6 0.500000 7 0.500000
  6 1.716702 85.908447 -3.154086 0.316815 0.947954 0.031787 0.964844 0.015625 2 6 0.500000 7 0.500000
  6 1.689821 85.851761 -3.239813 0.065701 0.366711 -0.928012 0.968750 0.015625 2 6 0.500000 7 0.500000
hwn2024_triboniophorus
  6 1.058399 85.967484 -1.954382 0.258253 0.961300 0.095953 0.910156 0.078125 2 6 0.500000 7 0.500000
  6 1.716702 85.908447 -3.154086 0.316815 0.947954 0.031787 0.964844 0.015625 2 6 0.500000 7 0.500000
  6 0.661133 86.204781 -2.874812 0.241447 0.968732 0.057104 0.964844 0.078125 2 6 0.500000 7 0.500000
hwn2024_triboniophorus
  6 1.058399 85.967484 -1.954382 0.258253 0.961300 0.095953 0.910156 0.078125 2 6 0.500000 7 0.500000
  6 1.742868 85.780670 -2.134319 0.317956 0.945085 0.075622 0.910156 0.015625 2 6 0.500000 7 0.500000
  6 1.716702 85.908447 -3.154086 0.316815 0.947954 0.031787 0.964844 0.015625 2 6 0.500000 7 0.500000
hwn2024_triboniophorus
  6 -0.243675 86.342720 -2.209423 0.186469 0.977948 0.094057 0.964844 0.136719 2 6 0.500000 7 0.500000
  6 0.661133 86.204781 -2.874812 0.241447 0.968732 0.057104 0.964844 0.078125 2 6 0.500000 7 0.500000
  6 0.608034 86.156235 -2.953436 -0.291419 0.481739 -0.826440 0.968750 0.078125 2 6 0.500000 7 0.500000
hwn2024_triboniophorus
  6 0.473778 86.058098 -1.524282 0.214275 0.968851 0.124155 0.910156 0.136719 2 6 0.500000 7 0.500000
  6 0.661133 86.204781 -2.874812 0.241447 0.968732 0.057104 0.964844 0.078125 2 6 0.500000 7 0.500000
  6 -0.243675 86.342720 -2.209423 0.186469 0.977948 0.094057 0.964844 0.136719 2 6 0.500000 7 0.500000
hwn2024_triboniophorus
  6 0.081234 86.054619 -0.907795 0.214275 0.968851 0.124155 0.910156 0.199219 2 6 0.500000 7 0.500000
  6 0.473778 86.058098 -1.524282 0.214275 0.968851 0.124155 0.910156 0.136719 2 6 0.500000 7 0.500000
  6 -0.243675 86.342720 -2.209423 0.186469 0.977948 0.094057 0.964844 0.136719 2 6 0.500000 7 0.500000
hwn2024_triboniophorus
  6 0.473778 86.058098 -1.524282 0.214275 0.968851 0.124155 0.910156 0.136719 2 6 0.500000 7 0.500000
  6 1.058399 85.967484 -1.954382 0.258253 0.961300 0.095953 0.910156 0.078125 2 6 0.500000 7 0.500000
  6 0.661133 86.204781 -2.874812 0.241447 0.968732 0.057104 0.964844 0.078125 2 6 0.500000 7 0.500000
hwn2024_triboniophorus
  6 2.319131 82.062744 -2.255810 0.939838 0.303038 0.157713 0.331586 0.864728 1 6 1.000000
  6 2.045210 82.516327 -2.338389 0.587618 0.705397 -0.396384 0.297142 0.887902 1 6 1.000000
  6 2.209914 82.226357 -1.941788 0.987977 0.144878 0.053957 0.313250 0.847749 1 6 1.000000
hwn2024_triboniophorus
  6 2.319131 82.062744 -2.255810 0.939838 0.303038 0.157713 0.331586 0.864728 1 6 1.000000
  6 2.143765 82.309563 -2.598849 0.556524 0.767691 -0.317697 0.319738 0.894098 1 6 1.000000
  6 2.045210 82.516327 -2.338389 0.587618 0.705397 -0.396384 0.297142 0.887902 1 6 1.000000
hwn2024_triboniophorus
  6 2.417029 81.931946 -2.543864 0.949515 0.299519 0.093326 0.345945 0.878610 1 6 1.000000
  6 2.143765 82.309563 -2.598849 0.556524 0.767691 -0.317697 0.319738 0.894098 1 6 1.000000
  6 2.319131 82.062744 -2.255810 0.939838 0.303038 0.157713 0.331586 0.864728 1 6 1.000000
hwn2024_triboniophorus
  6 2.417029 81.931946 -2.543864 0.949515 0.299519 0.093326 0.345945 0.878610 1 6 1.000000
  6 2.235744 82.144379 -2.817745 0.545205 0.791149 -0.277189 0.335601 0.899223 1 6 1.000000
  6 2.143765 82.309563 -2.598849 0.556524 0.767691 -0.317697 0.319738 0.894098 1 6 1.000000
hwn2024_triboniophorus
  6 2.456727 81.884857 -2.807216 0.967532 0.137696 -0.211946 0.353468 0.890897 1 6 1.000000
  6 2.235744 82.144379 -2.817745 0.545205 0.791149 -0.277189 0.335601 0.899223 1 6 1.000000
  6 2.417029 81.931946 -2.543864 0.949515 0.299519 0.093326 0.345945 0.878610 1 6 1.000000
hwn2024_triboniophorus
  6 2.456727 81.884857 -2.807216 0.967532 0.137696 -0.211946 0.353468 0.890897 1 6 1.000000
  6 2.315035 81.945885 -3.022493 0.668613 0.353859 -0.654018 0.351482 0.904411 1 6 1.000000
  6 2.235744 82.144379 -2.817745 0.545205 0.791149 -0.277189 0.335601 0.899223 1 6 1.000000
hwn2024_triboniophorus
  6 1.238406 82.349579 -2.430844 -0.509667 0.407090 -0.757969 0.295820 0.962381 1 6 1.000000
  6 1.025217 82.431313 -2.161880 -0.467391 0.072475 -0.881075 0.282001 0.975588 1 6 1.000000
  6 1.152596 82.794937 -2.210999 -0.142548 0.256358 -0.956013 0.265897 0.957586 1 6 1.000000
hwn2024_triboniophorus
  6 0.789516 82.526527 -2.145323 0.307612 -0.132880 -0.942188 0.272719 0.984294 1 6 1.000000
  6 1.152596 82.794937 -2.210999 -0.142548 0.256358 -0.956013 0.265897 0.957586 1 6 1.000000
  6 1.025217 82.431313 -2.161880 -0.467391 0.072475 -0.881075 0.282001 0.975588 1 6 1.000000
hwn2024_triboniophorus
  6 0.789516 82.526527 -2.145323 0.307612 -0.132880 -0.942188 0.272719 0.984294 1 6 1.000000
  6 0.830063 82.902260 -2.196109 0.272614 0.182310 -0.944693 0.257817 0.974224 1 6 1.000000
  6 1.152596 82.794937 -2.210999 -0.142548 0.256358 -0.956013 0.265897 0.957586 1 6 1.000000
hwn2024_triboniophorus
  6 0.830063 82.902260 -2.196109 0.272614 0.182310 -0.944693 0.257817 0.974224 1 6 1.000000
  6 1.098572 83.353729 -2.122384 -0.003702 0.126984 -0.991898 0.225238 0.957790 2 6 0.882794 7 0.117206
  6 1.152596 82.794937 -2.210999 -0.142548 0.256358 -0.956013 0.265897 0.957586 1 6 1.000000
hwn2024_triboniophorus
  6 1.521392 82.873260 -2.207631 0.199539 0.426987 -0.881967 0.259477 0.924552 1 6 1.000000
  6 1.152596 82.794937 -2.210999 -0.142548 0.256358 -0.956013 0.265897 0.957586 1 6 1.000000
  6 1.098572 83.353729 -2.122384 -0.003702 0.126984 -0.991898 0.225238 0.957790 2 6 0.882794 7 0.117206
hwn2024_triboniophorus
  6 1.521392 82.873260 -2.207631 0.199539 0.426987 -0.881967 0.259477 0.924552 1 6 1.000000
  6 1.485097 82.532707 -2.478197 -0.127832 0.645913 -0.752632 0.289115 0.931857 1 6 1.000000
  6 1.152596 82.794937 -2.210999 -0.142548 0.256358 -0.956013 0.265897 0.957586 1 6 1.000000
hwn2024_triboniophorus
  6 2.045210 82.516327 -2.338389 0.587618 0.705397 -0.396384 0.297142 0.887902 1 6 1.000000
  6 1.485097 82.532707 -2.478197 -0.127832 0.645913 -0.752632 0.289115 0.931857 1 6 1.000000
  6 1.521392 82.873260 -2.207631 0.199539 0.426987 -0.881967 0.259477 0.924552 1 6 1.000000
hwn2024_triboniophorus
  6 2.045210 82.516327 -2.338389 0.587618 0.705397 -0.396384 0.297142 0.887902 1 6 1.000000
  6 1.685423 82.331299 -2.743823 -0.113739 0.745970 -0.656195 0.312998 0.925362 1 6 1.000000
  6 1.485097 82.532707 -2.478197 -0.127832 0.645913 -0.752632 0.289115 0.931857 1 6 1.000000
hwn2024_triboniophorus
  6 2.045210 82.516327 -2.338389 0.587618 0.705397 -0.396384 0.297142 0.887902 1 6 1.000000
  6 2.143765 82.309563 -2.598849 0.556524 0.767691 -0.317697 0.319738 0.894098 1 6 1.000000
  6 1.685423 82.331299 -2.743823 -0.113739 0.745970 -0.656195 0.312998 0.925362 1 6 1.000000
hwn2024_triboniophorus
  6 2.143765 82.309563 -2.598849 0.556524 0.767691 -0.317697 0.319738 0.894098 1 6 1.000000
  6 1.875244 82.159424 -2.975126 -0.048094 0.718444 -0.693920 0.332227 0.921767 1 6 1.000000
  6 1.685423 82.331299 -2.743823 -0.113739 0.745970 -0.656195 0.312998 0.925362 1 6 1.000000
hwn2024_triboniophorus
  6 2.143765 82.309563 -2.598849 0.556524 0.767691 -0.317697 0.319738 0.894098 1 6 1.000000
  6 2.235744 82.144379 -2.817745 0.545205 0.791149 -0.277189 0.335601 0.899223 1 6 1.000000
  6 1.875244 82.159424 -2.975126 -0.048094 0.718444 -0.693920 0.332227 0.921767 1 6 1.000000
hwn2024_triboniophorus
  6 2.235744 82.144379 -2.817745 0.545205 0.791149 -0.277189 0.335601 0.899223 1 6 1.000000
  6 2.081998 82.040390 -3.106205 0.153344 0.473425 -0.867383 0.345164 0.916356 1 6 1.000000
  6 1.875244 82.159424 -2.975126 -0.048094 0.718444 -0.693920 0.332227 0.921767 1 6 1.000000
hwn2024_triboniophorus
  6 2.235744 82.144379 -2.817745 0.545205 0.791149 -0.277189 0.335601 0.899223 1 6 1.000000
  6 2.315035 81.945885 -3.022493 0.668613 0.353859 -0.654018 0.351482 0.904411 1 6 1.000000
  6 2.081998 82.040390 -3.106205 0.153344 0.473425 -0.867383 0.345164 0.916356 1 6 1.000000
hwn2024_triboniophorus
  6 2.233675 81.704536 -3.045594 0.528701 -0.269160 -0.805002 0.367011 0.909569 1 6 1.000000
  6 2.081998 82.040390 -3.106205 0.153344 0.473425 -0.867383 0.345164 0.916356 1 6 1.000000
  6 2.315035 81.945885 -3.022493 0.668613 0.353859 -0.654018 0.351482 0.904411 1 6 1.000000
hwn2024_triboniophorus
  6 2.456727 81.884857 -2.807216 0.967532 0.137696 -0.211946 0.353468 0.890897 1 6 1.000000
  6 2.233675 81.704536 -3.045594 0.528701 -0.269160 -0.805002 0.367011 0.909569 1 6 1.000000
  6 2.315035 81.945885 -3.022493 0.668613 0.353859 -0.654018 0.351482 0.904411 1 6 1.000000
hwn2024_triboniophorus
  6 2.456727 81.884857 -2.807216 0.967532 0.137696 -0.211946 0.353468 0.890897 1 6 1.000000
  6 2.420637 81.659630 -2.765052 0.922583 -0.323872 -0.209636 0.368641 0.887160 1 6 1.000000
  6 2.233675 81.704536 -3.045594 0.528701 -0.269160 -0.805002 0.367011 0.909569 1 6 1.000000
hwn2024_triboniophorus
  6 2.420637 81.659630 -2.765052 0.922583 -0.323872 -0.209636 0.368641 0.887160 1 6 1.000000
  6 2.456727 81.884857 -2.807216 0.967532 0.137696 -0.211946 0.353468 0.890897 1 6 1.000000
  6 2.417029 81.931946 -2.543864 0.949515 0.299519 0.093326 0.345945 0.878610 1 6 1.000000
hwn2024_triboniophorus
  6 2.420637 81.659630 -2.765052 0.922583 -0.323872 -0.209636 0.368641 0.887160 1 6 1.000000
  6 2.417029 81.931946 -2.543864 0.949515 0.299519 0.093326 0.345945 0.878610 1 6 1.000000
  6 2.389889 81.706680 -2.426342 0.972274 -0.003296 0.233820 0.361952 0.866146 1 6 1.000000
hwn2024_triboniophorus
  6 2.233675 81.704536 -3.045594 0.528701 -0.269160 -0.805002 0.367011 0.909569 1 6 1.000000
  6 1.943577 81.856453 -3.142917 -0.064980 0.078342 -0.994807 0.354893 0.928144 1 6 1.000000
  6 2.081998 82.040390 -3.106205 0.153344 0.473425 -0.867383 0.345164 0.916356 1 6 1.000000
hwn2024_triboniophorus
  6 1.943577 81.856453 -3.142917 -0.064980 0.078342 -0.994807 0.354893 0.928144 1 6 1.000000
  6 1.875244 82.159424 -2.975126 -0.048094 0.718444 -0.693920 0.332227 0.921767 1 6 1.000000
  6 2.081998 82.040390 -3.106205 0.153344 0.473425 -0.867383 0.345164 0.916356 1 6 1.000000
hwn2024_triboniophorus
  6 1.943577 81.856453 -3.142917 -0.064980 0.078342 -0.994807 0.354893 0.928144 1 6 1.000000
  6 1.674791 82.004822 -2.999232 -0.323842 0.524119 -0.787671 0.337940 0.940301 1 6 1.000000
  6 1.875244 82.159424 -2.975126 -0.048094 0.718444 -0.693920 0.332227 0.921767 1 6 1.000000
hwn2024_triboniophorus
  6 1.674791 82.004822 -2.999232 -0.323842 0.524119 -0.787671 0.337940 0.940301 1 6 1.000000
  6 1.685423 82.331299 -2.743823 -0.113739 0.745970 -0.656195 0.312998 0.925362 1 6 1.000000
  6 1.875244 82.159424 -2.975126 -0.048094 0.718444 -0.693920 0.332227 0.921767 1 6 1.000000
hwn2024_triboniophorus
  6 1.674791 82.004822 -2.999232 -0.323842 0.524119 -0.787671 0.337940 0.940301 1 6 1.000000
  6 1.456459 82.175934 -2.736064 -0.412410 0.558528 -0.719697 0.316856 0.950280 1 6 1.000000
  6 1.685423 82.331299 -2.743823 -0.113739 0.745970 -0.656195 0.312998 0.925362 1 6 1.000000
hwn2024_triboniophorus
  6 1.456459 82.175934 -2.736064 -0.412410 0.558528 -0.719697 0.316856 0.950280 1 6 1.000000
  6 1.485097 82.532707 -2.478197 -0.127832 0.645913 -0.752632 0.289115 0.931857 1 6 1.000000
  6 1.685423 82.331299 -2.743823 -0.113739 0.745970 -0.656195 0.312998 0.925362 1 6 1.000000
hwn2024_triboniophorus
  6 1.456459 82.175934 -2.736064 -0.412410 0.558528 -0.719697 0.316856 0.950280 1 6 1.000000
  6 1.238406 82.349579 -2.430844 -0.509667 0.407090 -0.757969 0.295820 0.962381 1 6 1.000000
  6 1.485097 82.532707 -2.478197 -0.127832 0.645913 -0.752632 0.289115 0.931857 1 6 1.000000
hwn2024_triboniophorus
  6 1.238406 82.349579 -2.430844 -0.509667 0.407090 -0.757969 0.295820 0.962381 1 6 1.000000
  6 1.152596 82.794937 -2.210999 -0.142548 0.256358 -0.956013 0.265897 0.957586 1 6 1.000000
  6 1.485097 82.532707 -2.478197 -0.127832 0.645913 -0.752632 0.289115 0.931857 1 6 1.000000
hwn2024_triboniophorus
  6 2.644634 82.772697 -0.647315 0.945229 -0.275111 -0.175659 0.241396 0.738056 2 6 0.847224 7 0.152776
  6 2.493362 82.799095 -1.092245 0.909501 -0.237044 -0.341495 0.246228 0.781558 2 6 0.876001 7 0.123999
  6 2.741680 83.431618 -1.010790 0.888116 -0.253711 -0.383250 0.182239 0.776847 2 6 0.662277 7 0.337723
hwn2024_triboniophorus
  6 2.741680 83.431618 -1.010790 0.888116 -0.253711 -0.383250 0.182239 0.776847 2 6 0.662277 7 0.337723
  6 2.493362 82.799095 -1.092245 0.909501 -0.237044 -0.341495 0.246228 0.781558 2 6 0.876001 7 0.123999
  6 2.362646 83.018890 -1.527856 0.824881 -0.153233 -0.544143 0.233930 0.826643 2 6 0.854625 7 0.145375
hwn2024_triboniophorus
  6 2.741680 83.431618 -1.010790 0.888116 -0.253711 -0.383250 0.182239 0.776847 2 6 0.662277 7 0.337723
  6 2.362646 83.018890 -1.527856 0.824881 -0.153233 -0.544143 0.233930 0.826643 2 6 0.854625 7 0.145375
  6 2.457029 83.613571 -1.557802 0.742231 -0.147516 -0.653707 0.177935 0.834917 2 6 0.670824 7 0.329176
hwn2024_triboniophorus
  6 2.457029 83.613571 -1.557802 0.742231 -0.147516 -0.653707 0.177935 0.834917 2 6 0.670824 7 0.329176
  6 2.362646 83.018890 -1.527856 0.824881 -0.153233 -0.544143 0.233930 0.826643 2 6 0.854625 7 0.145375
  6 2.072468 83.207283 -1.905786 0.604007 0.017083 -0.796796 0.226290 0.873524 2 6 0.860324 7 0.139676
hwn2024_triboniophorus
  6 2.457029 83.613571 -1.557802 0.742231 -0.147516 -0.653707 0.177935 0.834917 2 6 0.670824 7 0.329176
  6 2.072468 83.207283 -1.905786 0.604007 0.017083 -0.796796 0.226290 0.873524 2 6 0.860324 7 0.139676
  6 1.846733 83.854965 -2.027067 0.409210 -0.064550 -0.910154 0.173205 0.905299 2 6 0.709670 7 0.290330
hwn2024_triboniophorus
  6 2.072468 83.207283 -1.905786 0.604007 0.017083 -0.796796 0.226290 0.873524 2 6 0.860324 7 0.139676
  6 1.597054 83.342514 -2.099002 0.185970 0.074632 -0.979717 0.221527 0.919923 2 6 0.865264 7 0.134736
  6 1.846733 83.854965 -2.027067 0.409210 -0.064550 -0.910154 0.173205 0.905299 2 6 0.709670 7 0.290330
hwn2024_triboniophorus
  6 1.597054 83.342514 -2.099002 0.185970 0.074632 -0.979717 0.221527 0.919923 2 6 0.865264 7 0.134736
  6 1.247805 84.037308 -2.125513 -0.040885 0.045758 -0.998115 0.170517 0.957790 2 6 0.687970 7 0.312030
  6 1.846733 83.854965 -2.027067 0.409210 -0.064550 -0.910154 0.173205 0.905299 2 6 0.709670 7 0.290330
hwn2024_triboniophorus
  6 1.597054 83.342514 -2.099002 0.185970 0.074632 -0.979717 0.221527 0.919923 2 6 0.865264 7 0.134736
  6 1.098572 83.353729 -2.122384 -0.003702 0.126984 -0.991898 0.225238 0.957790 2 6 0.882794 7 0.117206
  6 1.247805 84.037308 -2.125513 -0.040885 0.045758 -0.998115 0.170517 0.957790 2 6 0.687970 7 0.312030
hwn2024_triboniophorus
  6 1.521392 82.873260 -2.207631 0.199539 0.426987 -0.881967 0.259477 0.924552 1 6 1.000000
  6 1.098572 83.353729 -2.122384 -0.003702 0.126984 -0.991898 0.225238 0.957790 2 6 0.882794 7 0.117206
  6 1.597054 83.342514 -2.099002 0.185970 0.074632 -0.979717 0.221527 0.919923 2 6 0.865264 7 0.134736
hwn2024_triboniophorus
  6 1.970778 82.780190 -2.049143 0.650200 0.335295 -0.681775 0.265067 0.880625 1 6 1.000000
  6 1.521392 82.873260 -2.207631 0.199539 0.426987 -0.881967 0.259477 0.924552 1 6 1.000000
  6 1.597054 83.342514 -2.099002 0.185970 0.074632 -0.979717 0.221527 0.919923 2 6 0.865264 7 0.134736
hwn2024_triboniophorus
  6 2.045210 82.516327 -2.338389 0.587618 0.705397 -0.396384 0.297142 0.887902 1 6 1.000000
  6 1.521392 82.873260 -2.207631 0.199539 0.426987 -0.881967 0.259477 0.924552 1 6 1.000000
  6 1.970778 82.780190 -2.049143 0.650200 0.335295 -0.681775 0.265067 0.880625 1 6 1.000000
hwn2024_triboniophorus
  6 2.182422 82.577438 -1.724428 0.936984 0.017555 -0.348932 0.278634 0.840255 1 6 1.000000
  6 2.045210 82.516327 -2.338389 0.587618 0.705397 -0.396384 0.297142 0.887902 1 6 1.000000
  6 1.970778 82.780190 -2.049143 0.650200 0.335295 -0.681775 0.265067 0.880625 1 6 1.000000
hwn2024_triboniophorus
  6 2.182422 82.577438 -1.724428 0.936984 0.017555 -0.348932 0.278634 0.840255 1 6 1.000000
  6 2.209914 82.226357 -1.941788 0.987977 0.144878 0.053957 0.313250 0.847749 1 6 1.000000
  6 2.045210 82.516327 -2.338389 0.587618 0.705397 -0.396384 0.297142 0.887902 1 6 1.000000
hwn2024_triboniophorus
  6 2.182422 82.577438 -1.724428 0.936984 0.017555 -0.348932 0.278634 0.840255 1 6 1.000000
  6 2.192214 82.320740 -1.456705 0.945380 -0.247965 -0.211588 0.303101 0.806708 1 6 1.000000
  6 2.209914 82.226357 -1.941788 0.987977 0.144878 0.053957 0.313250 0.847749 1 6 1.000000
hwn2024_triboniophorus
  6 2.493362 82.799095 -1.092245 0.909501 -0.237044 -0.341495 0.246228 0.781558 2 6 0.876001 7 0.123999
  6 2.192214 82.320740 -1.456705 0.945380 -0.247965 -0.211588 0.303101 0.806708 1 6 1.000000
  6 2.182422 82.577438 -1.724428 0.936984 0.017555 -0.348932 0.278634 0.840255 1 6 1.000000
hwn2024_triboniophorus
  6 2.338629 82.173691 -1.066421 0.846451 -0.150994 -0.510610 0.306122 0.769099 1 6 1.000000
  6 2.192214 82.320740 -1.456705 0.945380 -0.247965 -0.211588 0.303101 0.806708 1 6 1.000000
  6 2.493362 82.799095 -1.092245 0.909501 -0.237044 -0.341495 0.246228 0.781558 2 6 0.876001 7 0.123999
hwn2024_triboniophorus
  6 2.528052 82.292610 -0.681461 0.969225 -0.050510 -0.240939 0.285727 0.732595 1 6 1.000000
  6 2.338629 82.173691 -1.066421 0.846451 -0.150994 -0.510610 0.306122 0.769099 1 6 1.000000
  6 2.493362 82.799095 -1.092245 0.909501 -0.237044 -0.341495 0.246228 0.781558 2 6 0.876001 7 0.123999
hwn2024_triboniophorus
  6 2.536328 81.845703 -0.811916 0.875095 0.169714 -0.453216 0.326177 0.733143 1 6 1.000000
  6 2.338629 82.173691 -1.066421 0.846451 -0.150994 -0.510610 0.306122 0.769099 1 6 1.000000
  6 2.528052 82.292610 -0.681461 0.969225 -0.050510 -0.240939 0.285727 0.732595 1 6 1.000000
hwn2024_triboniophorus
  6 2.493362 82.799095 -1.092245 0.909501 -0.237044 -0.341495 0.246228 0.781558 2 6 0.876001 7 0.123999
  6 2.182422 82.577438 -1.724428 0.936984 0.017555 -0.348932 0.278634 0.840255 1 6 1.000000
  6 2.362646 83.018890 -1.527856 0.824881 -0.153233 -0.544143 0.233930 0.826643 2 6 0.854625 7 0.145375
hwn2024_triboniophorus
  6 2.182422 82.577438 -1.724428 0.936984 0.017555 -0.348932 0.278634 0.840255 1 6 1.000000
  6 2.072468 83.207283 -1.905786 0.604007 0.017083 -0.796796 0.226290 0.873524 2 6 0.860324 7 0.139676
  6 2.362646 83.018890 -1.527856 0.824881 -0.153233 -0.544143 0.233930 0.826643 2 6 0.854625 7 0.145375
hwn2024_triboniophorus
  6 2.182422 82.577438 -1.724428 0.936984 0.017555 -0.348932 0.278634 0.840255 1 6 1.000000
  6 1.970778 82.780190 -2.049143 0.650200 0.335295 -0.681775 0.265067 0.880625 1 6 1.000000
  6 2.072468 83.207283 -1.905786 0.604007 0.017083 -0.796796 0.226290 0.873524 2 6 0.860324 7 0.139676
hwn2024_triboniophorus
  6 1.970778 82.780190 -2.049143 0.650200 0.335295 -0.681775 0.265067 0.880625 1 6 1.000000
  6 1.597054 83.342514 -2.099002 0.185970 0.074632 -0.979717 0.221527 0.919923 2 6 0.865264 7 0.134736
  6 2.072468 83.207283 -1.905786 0.604007 0.017083 -0.796796 0.226290 0.873524 2 6 0.860324 7 0.139676
hwn2024_triboniophorus
  6 2.937752 83.547791 -0.327575 0.962692 -0.268955 -0.029778 0.162309 0.715012 2 6 0.529237 7 0.470763
  6 2.741680 83.431618 -1.010790 0.888116 -0.253711 -0.383250 0.182239 0.776847 2 6 0.662277 7 0.337723
  6 3.093115 84.515167 -0.855811 0.925612 -0.160856 -0.342589 0.080418 0.770465 2 6 0.506742 7 0.493258
hwn2024_triboniophorus
  6 3.093115 84.515167 -0.855811 0.925612 -0.160856 -0.342589 0.080418 0.770465 2 6 0.506742 7 0.493258
  6 2.741680 83.431618 -1.010790 0.888116 -0.253711 -0.383250 0.182239 0.776847 2 6 0.662277 7 0.337723
  6 2.457029 83.613571 -1.557802 0.742231 -0.147516 -0.653707 0.177935 0.834917 2 6 0.670824 7 0.329176
hwn2024_triboniophorus
  6 3.093115 84.515167 -0.855811 0.925612 -0.160856 -0.342589 0.080418 0.770465 2 6 0.506742 7 0.493258
  6 2.457029 83.613571 -1.557802 0.742231 -0.147516 -0.653707 0.177935 0.834917 2 6 0.670824 7 0.329176
  6 2.817739 84.774429 -1.474290 0.707757 -0.155292 -0.689177 0.074016 0.830556 2 6 0.506658 7 0.493342
hwn2024_triboniophorus
  6 2.817739 84.774429 -1.474290 0.707757 -0.155292 -0.689177 0.074016 0.830556 2 6 0.506658 7 0.493342
  6 2.457029 83.613571 -1.557802 0.742231 -0.147516 -0.653707 0.177935 0.834917 2 6 0.670824 7 0.329176
  6 1.846733 83.854965 -2.027067 0.409210 -0.064550 -0.910154 0.173205 0.905299 2 6 0.709670 7 0.290330
hwn2024_triboniophorus
  6 2.817739 84.774429 -1.474290 0.707757 -0.155292 -0.689177 0.074016 0.830556 2 6 0.506658 7 0.493342
  6 1.846733 83.854965 -2.027067 0.409210 -0.064550 -0.910154 0.173205 0.905299 2 6 0.709670 7 0.290330
  6 2.147039 85.010567 -1.963098 0.432766 0.062268 -0.899353 0.074016 0.902556 2 6 0.508236 7 0.491764
hwn2024_triboniophorus
  6 2.147039 85.010567 -1.963098 0.432766 0.062268 -0.899353 0.074016 0.902556 2 6 0.508236 7 0.491764
  6 1.846733 83.854965 -2.027067 0.409210 -0.064550 -0.910154 0.173205 0.905299 2 6 0.709670 7 0.290330
  6 1.247805 84.037308 -2.125513 -0.040885 0.045758 -0.998115 0.170517 0.957790 2 6 0.687970 7 0.312030
hwn2024_triboniophorus
  6 2.147039 85.010567 -1.963098 0.432766 0.062268 -0.899353 0.074016 0.902556 2 6 0.508236 7 0.491764
  6 1.247805 84.037308 -2.125513 -0.040885 0.045758 -0.998115 0.170517 0.957790 2 6 0.687970 7 0.312030
  6 1.500278 85.191483 -2.079350 -0.008694 0.192110 -0.981335 0.074016 0.957790 2 6 0.507351 7 0.492649
hwn2024_triboniophorus
  6 1.500278 85.191483 -2.079350 -0.008694 0.192110 -0.981335 0.074016 0.957790 2 6 0.507351 7 0.492649
  6 2.168091 85.101898 -1.935058 0.441588 0.181090 -0.878753 0.066262 0.902377 2 6 0.501514 7 0.498486
  6 2.147039 85.010567 -1.963098 0.432766 0.062268 -0.899353 0.074016 0.902556 2 6 0.508236 7 0.491764
hwn2024_triboniophorus
  6 1.500278 85.191483 -2.079350 -0.008694 0.192110 -0.981335 0.074016 0.957790 2 6 0.507351 7 0.492649
  6 1.537672 85.349113 -2.027015 0.030913 0.267256 -0.963130 0.060175 0.957790 2 6 0.500781 7 0.499219
  6 2.168091 85.101898 -1.935058 0.441588 0.181090 -0.878753 0.066262 0.902377 2 6 0.501514 7 0.498486
hwn2024_triboniophorus
  6 2.817739 84.774429 -1.474290 0.707757 -0.155292 -0.689177 0.074016 0.830556 2 6 0.506658 7 0.493342
  6 2.147039 85.010567 -1.963098 0.432766 0.062268 -0.899353 0.074016 0.902556 2 6 0.508236 7 0.491764
  6 2.168091 85.101898 -1.935058 0.441588 0.181090 -0.878753 0.066262 0.902377 2 6 0.501514 7 0.498486
hwn2024_triboniophorus
  6 3.093115 84.515167 -0.855811 0.925612 -0.160856 -0.342589 0.080418 0.770465 2 6 0.506742 7 0.493258
  6 3.132812 84.375870 -0.230009 0.984009 -0.173463 0.040449 0.085286 0.716057 2 6 0.505873 7 0.494127
  6 2.937752 83.547791 -0.327575 0.962692 -0.268955 -0.029778 0.162309 0.715012 2 6 0.529237 7 0.470763
hwn2024_triboniophorus
  6 2.319131 82.062744 -2.255810 0.939838 0.303038 0.157713 0.331586 0.864728 1 6 1.000000
  6 2.389889 81.706680 -2.426342 0.972274 -0.003296 0.233820 0.361952 0.866146 1 6 1.000000
  6 2.417029 81.931946 -2.543864 0.949515 0.299519 0.093326 0.345945 0.878610 1 6 1.000000
hwn2024_triboniophorus
  6 2.319131 82.062744 -2.255810 0.939838 0.303038 0.157713 0.331586 0.864728 1 6 1.000000
  6 2.264300 81.837349 -2.083026 0.942990 0.014646 0.332499 0.349344 0.843951 1 6 1.000000
  6 2.389889 81.706680 -2.426342 0.972274 -0.003296 0.233820 0.361952 0.866146 1 6 1.000000
hwn2024_triboniophorus
  6 2.209914 82.226357 -1.941788 0.987977 0.144878 0.053957 0.313250 0.847749 1 6 1.000000
  6 2.264300 81.837349 -2.083026 0.942990 0.014646 0.332499 0.349344 0.843951 1 6 1.000000
  6 2.319131 82.062744 -2.255810 0.939838 0.303038 0.157713 0.331586 0.864728 1 6 1.000000
hwn2024_triboniophorus
  6 2.209914 82.226357 -1.941788 0.987977 0.144878 0.053957 0.313250 0.847749 1 6 1.000000
  6 2.125386 81.936340 -1.762844 0.952623 -0.175926 0.248111 0.338663 0.821828 1 6 1.000000
  6 2.264300 81.837349 -2.083026 0.942990 0.014646 0.332499 0.349344 0.843951 1 6 1.000000
hwn2024_triboniophorus
  6 2.192214 82.320740 -1.456705 0.945380 -0.247965 -0.211588 0.303101 0.806708 1 6 1.000000
  6 2.125386 81.936340 -1.762844 0.952623 -0.175926 0.248111 0.338663 0.821828 1 6 1.000000
  6 2.209914 82.226357 -1.941788 0.987977 0.144878 0.053957 0.313250 0.847749 1 6 1.000000
hwn2024_triboniophorus
  6 2.192214 82.320740 -1.456705 0.945380 -0.247965 -0.211588 0.303101 0.806708 1 6 1.000000
  6 2.000511 81.958664 -1.425525 0.890434 -0.452384 -0.049753 0.335590 0.800078 1 6 1.000000
  6 2.125386 81.936340 -1.762844 0.952623 -0.175926 0.248111 0.338663 0.821828 1 6 1.000000
hwn2024_triboniophorus
  6 2.071268 81.873505 -1.190221 0.666042 -0.239134 -0.706542 0.336864 0.784098 1 6 1.000000
  6 2.000511 81.958664 -1.425525 0.890434 -0.452384 -0.049753 0.335590 0.800078 1 6 1.000000
  6 2.192214 82.320740 -1.456705 0.945380 -0.247965 -0.211588 0.303101 0.806708 1 6 1.000000
hwn2024_triboniophorus
  6 2.071268 81.873505 -1.190221 0.666042 -0.239134 -0.706542 0.336864 0.784098 1 6 1.000000
  6 2.192214 82.320740 -1.456705 0.945380 -0.247965 -0.211588 0.303101 0.806708 1 6 1.000000
  6 2.338629 82.173691 -1.066421 0.846451 -0.150994 -0.510610 0.306122 0.769099 1 6 1.000000
hwn2024_triboniophorus
  6 2.311379 81.624161 -1.073502 0.654782 0.085307 -0.750988 0.350036 0.762074 1 6 1.000000
  6 2.071268 81.873505 -1.190221 0.666042 -0.239134 -0.706542 0.336864 0.784098 1 6 1.000000
  6 2.338629 82.173691 -1.066421 0.846451 -0.150994 -0.510610 0.306122 0.769099 1 6 1.000000
hwn2024_triboniophorus
  6 2.311379 81.624161 -1.073502 0.654782 0.085307 -0.750988 0.350036 0.762074 1 6 1.000000
  6 2.338629 82.173691 -1.066421 0.846451 -0.150994 -0.510610 0.306122 0.769099 1 6 1.000000
  6 2.536328 81.845703 -0.811916 0.875095 0.169714 -0.453216 0.326177 0.733143 1 6 1.000000
hwn2024_triboniophorus
  6 2.514683 81.301895 -0.980022 0.678760 0.123258 -0.723942 0.369021 0.741823 1 6 1.000000
  6 2.311379 81.624161 -1.073502 0.654782 0.085307 -0.750988 0.350036 0.762074 1 6 1.000000
  6 2.536328 81.845703 -0.811916 0.875095 0.169714 -0.453216 0.326177 0.733143 1 6 1.000000
hwn2024_triboniophorus
  6 2.514683 81.301895 -0.980022 0.678760 0.123258 -0.723942 0.369021 0.741823 1 6 1.000000
  6 2.536328 81.845703 -0.811916 0.875095 0.169714 -0.453216 0.326177 0.733143 1 6 1.000000
  6 2.695012 81.460617 -0.773916 0.841375 0.277700 -0.463650 0.351875 0.720270 1 6 1.000000
hwn2024_triboniophorus
  6 2.745191 81.525284 -0.316087 0.898287 0.361530 0.249751 0.341880 0.690976 1 6 1.000000
  6 2.695012 81.460617 -0.773916 0.841375 0.277700 -0.463650 0.351875 0.720270 1 6 1.000000
  6 2.536328 81.845703 -0.811916 0.875095 0.169714 -0.453216 0.326177 0.733143 1 6 1.000000
hwn2024_triboniophorus
  6 2.745191 81.525284 -0.316087 0.898287 0.361530 0.249751 0.341880 0.690976 1 6 1.000000
  6 2.846829 81.146088 -0.671501 0.875095 0.169714 -0.453216 0.369900 0.709042 1 6 1.000000
  6 2.695012 81.460617 -0.773916 0.841375 0.277700 -0.463650 0.351875 0.720270 1 6 1.000000
hwn2024_triboniophorus
  6 2.745191 81.525284 -0.316087 0.898287 0.361530 0.249751 0.341880 0.690976 1 6 1.000000
  6 2.883782 81.211624 -0.306523 0.887524 0.400409 0.227979 0.361966 0.689289 1 6 1.000000
  6 2.846829 81.146088 -0.671501 0.875095 0.169714 -0.453216 0.369900 0.709042 1 6 1.000000
hwn2024_triboniophorus
  6 2.883782 81.211624 -0.306523 0.887524 0.400409 0.227979 0.361966 0.689289 1 6 1.000000
  6 2.931903 80.964340 -0.527320 0.930493 -0.206034 -0.302874 0.378474 0.699021 1 6 1.000000
  6 2.846829 81.146088 -0.671501 0.875095 0.169714 -0.453216 0.369900 0.709042 1 6 1.000000
hwn2024_triboniophorus
  6 2.883782 81.211624 -0.306523 0.887524 0.400409 0.227979 0.361966 0.689289 1 6 1.000000
  6 2.924574 80.921936 -0.304308 0.952226 -0.227377 0.203876 0.378190 0.687142 1 6 1.000000
  6 2.931903 80.964340 -0.527320 0.930493 -0.206034 -0.302874 0.378474 0.699021 1 6 1.000000
hwn2024_triboniophorus
  6 2.753311 80.706841 -0.346849 0.686385 -0.717411 0.119152 0.395124 0.684584 1 6 1.000000
  6 2.931903 80.964340 -0.527320 0.930493 -0.206034 -0.302874 0.378474 0.699021 1 6 1.000000
  6 2.924574 80.921936 -0.304308 0.952226 -0.227377 0.203876 0.378190 0.687142 1 6 1.000000
hwn2024_triboniophorus
  6 2.753311 80.706841 -0.346849 0.686385 -0.717411 0.119152 0.395124 0.684584 1 6 1.000000
  6 2.778627 80.783470 -0.630019 0.723094 -0.540274 -0.430394 0.393925 0.703848 1 6 1.000000
  6 2.931903 80.964340 -0.527320 0.930493 -0.206034 -0.302874 0.378474 0.699021 1 6 1.000000
hwn2024_triboniophorus
  6 2.778627 80.783470 -0.630019 0.723094 -0.540274 -0.430394 0.393925 0.703848 1 6 1.000000
  6 2.846829 81.146088 -0.671501 0.875095 0.169714 -0.453216 0.369900 0.709042 1 6 1.000000
  6 2.931903 80.964340 -0.527320 0.930493 -0.206034 -0.302874 0.378474 0.699021 1 6 1.000000
hwn2024_triboniophorus
  6 2.778627 80.783470 -0.630019 0.723094 -0.540274 -0.430394 0.393925 0.703848 1 6 1.000000
  6 2.679929 80.989441 -0.836508 0.727563 -0.057631 -0.683616 0.386130 0.722440 1 6 1.000000
  6 2.846829 81.146088 -0.671501 0.875095 0.169714 -0.453216 0.369900 0.709042 1 6 1.000000
hwn2024_triboniophorus
  6 2.846829 81.146088 -0.671501 0.875095 0.169714 -0.453216 0.369900 0.709042 1 6 1.000000
  6 2.679929 80.989441 -0.836508 0.727563 -0.057631 -0.683616 0.386130 0.722440 1 6 1.000000
  6 2.514683 81.301895 -0.980022 0.678760 0.123258 -0.723942 0.369021 0.741823 1 6 1.000000
hwn2024_triboniophorus
  6 2.846829 81.146088 -0.671501 0.875095 0.169714 -0.453216 0.369900 0.709042 1 6 1.000000
  6 2.514683 81.301895 -0.980022 0.678760 0.123258 -0.723942 0.369021 0.741823 1 6 1.000000
  6 2.695012 81.460617 -0.773916 0.841375 0.277700 -0.463650 0.351875 0.720270 1 6 1.000000
hwn2024_triboniophorus
  6 2.614532 81.927902 -0.292151 0.933771 0.229548 0.274552 0.312590 0.691907 1 6 1.000000
  6 2.536328 81.845703 -0.811916 0.875095 0.169714 -0.453216 0.326177 0.733143 1 6 1.000000
  6 2.528052 82.292610 -0.681461 0.969225 -0.050510 -0.240939 0.285727 0.732595 1 6 1.000000
hwn2024_triboniophorus
  6 2.745191 81.525284 -0.316087 0.898287 0.361530 0.249751 0.341880 0.690976 1 6 1.000000
  6 2.536328 81.845703 -0.811916 0.875095 0.169714 -0.453216 0.326177 0.733143 1 6 1.000000
  6 2.614532 81.927902 -0.292151 0.933771 0.229548 0.274552 0.312590 0.691907 1 6 1.000000
hwn2024_triboniophorus
  6 2.492125 81.394501 0.059775 0.518531 0.193637 0.832844 0.346785 0.660306 1 6 1.000000
  6 2.745191 81.525284 -0.316087 0.898287 0.361530 0.249751 0.341880 0.690976 1 6 1.000000
  6 2.614532 81.927902 -0.292151 0.933771 0.229548 0.274552 0.312590 0.691907 1 6 1.000000
hwn2024_triboniophorus
  6 2.692992 81.107101 0.002782 0.580271 0.103525 0.807817 0.365268 0.668474 1 6 1.000000
  6 2.745191 81.525284 -0.316087 0.898287 0.361530 0.249751 0.341880 0.690976 1 6 1.000000
  6 2.492125 81.394501 0.059775 0.518531 0.193637 0.832844 0.346785 0.660306 1 6 1.000000
hwn2024_triboniophorus
  6 2.692992 81.107101 0.002782 0.580271 0.103525 0.807817 0.365268 0.668474 1 6 1.000000
  6 2.883782 81.211624 -0.306523 0.887524 0.400409 0.227979 0.361966 0.689289 1 6 1.000000
  6 2.745191 81.525284 -0.316087 0.898287 0.361530 0.249751 0.341880 0.690976 1 6 1.000000
hwn2024_triboniophorus
  6 2.835585 80.943344 -0.098534 0.705474 -0.251961 0.662436 0.375408 0.675838 1 6 1.000000
  6 2.883782 81.211624 -0.306523 0.887524 0.400409 0.227979 0.361966 0.689289 1 6 1.000000
  6 2.692992 81.107101 0.002782 0.580271 0.103525 0.807817 0.365268 0.668474 1 6 1.000000
hwn2024_triboniophorus
  6 2.835585 80.943344 -0.098534 0.705474 -0.251961 0.662436 0.375408 0.675838 1 6 1.000000
  6 2.924574 80.921936 -0.304308 0.952226 -0.227377 0.203876 0.378190 0.687142 1 6 1.000000
  6 2.883782 81.211624 -0.306523 0.887524 0.400409 0.227979 0.361966 0.689289 1 6 1.000000
hwn2024_triboniophorus
  6 2.492125 81.394501 0.059775 0.518531 0.193637 0.832844 0.346785 0.660306 1 6 1.000000
  6 2.614532 81.927902 -0.292151 0.933771 0.229548 0.274552 0.312590 0.691907 1 6 1.000000
  6 2.280105 81.753365 0.100156 0.517639 0.032452 0.854983 0.321438 0.648805 1 6 1.000000
hwn2024_triboniophorus
  6 2.614532 81.927902 -0.292151 0.933771 0.229548 0.274552 0.312590 0.691907 1 6 1.000000
  6 2.528052 82.292610 -0.681461 0.969225 -0.050510 -0.240939 0.285727 0.732595 1 6 1.000000
  6 2.547035 82.319756 -0.253016 0.970111 -0.074549 0.230926 0.278421 0.693983 1 6 1.000000
hwn2024_triboniophorus
  6 2.306726 82.217400 0.107337 0.734142 -0.151628 0.661849 0.284123 0.651069 1 6 1.000000
  6 2.614532 81.927902 -0.292151 0.933771 0.229548 0.274552 0.312590 0.691907 1 6 1.000000
  6 2.547035 82.319756 -0.253016 0.970111 -0.074549 0.230926 0.278421 0.693983 1 6 1.000000
hwn2024_triboniophorus
  6 2.306726 82.217400 0.107337 0.734142 -0.151628 0.661849 0.284123 0.651069 1 6 1.000000
  6 2.280105 81.753365 0.100156 0.517639 0.032452 0.854983 0.321438 0.648805 1 6 1.000000
  6 2.614532 81.927902 -0.292151 0.933771 0.229548 0.274552 0.312590 0.691907 1 6 1.000000
hwn2024_triboniophorus
  6 2.306726 82.217400 0.107337 0.734142 -0.151628 0.661849 0.284123 0.651069 1 6 1.000000
  6 1.984100 82.048988 0.276246 0.482199 -0.339223 0.807720 0.301821 0.615651 1 6 1.000000
  6 2.280105 81.753365 0.100156 0.517639 0.032452 0.854983 0.321438 0.648805 1 6 1.000000
hwn2024_triboniophorus
  6 2.835585 80.943344 -0.098534 0.705474 -0.251961 0.662436 0.375408 0.675838 1 6 1.000000
  6 2.753311 80.706841 -0.346849 0.686385 -0.717411 0.119152 0.395124 0.684584 1 6 1.000000
  6 2.924574 80.921936 -0.304308 0.952226 -0.227377 0.203876 0.378190 0.687142 1 6 1.000000
hwn2024_triboniophorus
  6 2.835585 80.943344 -0.098534 0.705474 -0.251961 0.662436 0.375408 0.675838 1 6 1.000000
  6 2.655540 80.756294 -0.076355 0.499377 -0.556482 0.664041 0.388672 0.666513 1 6 1.000000
  6 2.753311 80.706841 -0.346849 0.686385 -0.717411 0.119152 0.395124 0.684584 1 6 1.000000
hwn2024_triboniophorus
  6 2.692992 81.107101 0.002782 0.580271 0.103525 0.807817 0.365268 0.668474 1 6 1.000000
  6 2.655540 80.756294 -0.076355 0.499377 -0.556482 0.664041 0.388672 0.666513 1 6 1.000000
  6 2.835585 80.943344 -0.098534 0.705474 -0.251961 0.662436 0.375408 0.675838 1 6 1.000000
hwn2024_triboniophorus
  6 2.692992 81.107101 0.002782 0.580271 0.103525 0.807817 0.365268 0.668474 1 6 1.000000
  6 2.468600 80.932465 0.076303 0.361795 -0.080204 0.928801 0.376891 0.651787 1 6 1.000000
  6 2.655540 80.756294 -0.076355 0.499377 -0.556482 0.664041 0.388672 0.666513 1 6 1.000000
hwn2024_triboniophorus
  6 2.492125 81.394501 0.059775 0.518531 0.193637 0.832844 0.346785 0.660306 1 6 1.000000
  6 2.468600 80.932465 0.076303 0.361795 -0.080204 0.928801 0.376891 0.651787 1 6 1.000000
  6 2.692992 81.107101 0.002782 0.580271 0.103525 0.807817 0.365268 0.668474 1 6 1.000000
hwn2024_triboniophorus
  6 2.492125 81.394501 0.059775 0.518531 0.193637 0.832844 0.346785 0.660306 1 6 1.000000
  6 2.236008 81.205688 0.142910 0.232749 0.054937 0.970984 0.359628 0.637572 1 6 1.000000
  6 2.468600 80.932465 0.076303 0.361795 -0.080204 0.928801 0.376891 0.651787 1 6 1.000000
hwn2024_triboniophorus
  6 2.280105 81.753365 0.100156 0.517639 0.032452 0.854983 0.321438 0.648805 1 6 1.000000
  6 2.236008 81.205688 0.142910 0.232749 0.054937 0.970984 0.359628 0.637572 1 6 1.000000
  6 2.492125 81.394501 0.059775 0.518531 0.193637 0.832844 0.346785 0.660306 1 6 1.000000
hwn2024_triboniophorus
  6 2.280105 81.753365 0.100156 0.517639 0.032452 0.854983 0.321438 0.648805 1 6 1.000000
  6 1.978080 81.496597 0.155191 0.167839 -0.076428 0.982847 0.342629 0.620359 1 6 1.000000
  6 2.236008 81.205688 0.142910 0.232749 0.054937 0.970984 0.359628 0.637572 1 6 1.000000
hwn2024_triboniophorus
  6 1.984100 82.048988 0.276246 0.482199 -0.339223 0.807720 0.301821 0.615651 1 6 1.000000
  6 1.978080 81.496597 0.155191 0.167839 -0.076428 0.982847 0.342629 0.620359 1 6 1.000000
  6 2.280105 81.753365 0.100156 0.517639 0.032452 0.854983 0.321438 0.648805 1 6 1.000000
hwn2024_triboniophorus
  6 1.984100 82.048988 0.276246 0.482199 -0.339223 0.807720 0.301821 0.615651 1 6 1.000000
  6 1.706795 81.758156 0.177253 0.187977 -0.461115 0.867201 0.329960 0.601460 1 6 1.000000
  6 1.978080 81.496597 0.155191 0.167839 -0.076428 0.982847 0.342629 0.620359 1 6 1.000000
hwn2024_triboniophorus
  6 1.548033 81.816490 0.323209 0.750012 -0.548874 0.369078 0.328023 0.589153 1 6 1.000000
  6 1.706795 81.758156 0.177253 0.187977 -0.461115 0.867201 0.329960 0.601460 1 6 1.000000
  6 1.984100 82.048988 0.276246 0.482199 -0.339223 0.807720 0.301821 0.615651 1 6 1.000000
hwn2024_triboniophorus
  6 1.548033 81.816490 0.323209 0.750012 -0.548874 0.369078 0.328023 0.589153 1 6 1.000000
  6 1.984100 82.048988 0.276246 0.482199 -0.339223 0.807720 0.301821 0.615651 1 6 1.000000
  6 1.680393 82.121986 0.580519 0.721620 -0.365551 0.587908 0.299439 0.578789 2 6 0.940785 7 0.059215
hwn2024_triboniophorus
  6 1.505945 81.635056 0.651433 0.952623 -0.175926 0.248111 0.335605 0.569596 1 6 1.000000
  6 1.548033 81.816490 0.323209 0.750012 -0.548874 0.369078 0.328023 0.589153 1 6 1.000000
  6 1.680393 82.121986 0.580519 0.721620 -0.365551 0.587908 0.299439 0.578789 2 6 0.940785 7 0.059215
hwn2024_triboniophorus
  6 1.505945 81.635056 0.651433 0.952623 -0.175926 0.248111 0.335605 0.569596 1 6 1.000000
  6 1.680393 82.121986 0.580519 0.721620 -0.365551 0.587908 0.299439 0.578789 2 6 0.940785 7 0.059215
  6 1.463756 81.958054 0.923131 0.816462 0.040218 0.575997 0.314286 0.544582 1 6 1.000000
hwn2024_triboniophorus
  6 1.413601 81.402298 0.994990 0.947030 -0.052335 0.316851 0.351758 0.552124 1 6 1.000000
  6 1.505945 81.635056 0.651433 0.952623 -0.175926 0.248111 0.335605 0.569596 1 6 1.000000
  6 1.463756 81.958054 0.923131 0.816462 0.040218 0.575997 0.314286 0.544582 1 6 1.000000
hwn2024_triboniophorus
  6 1.413601 81.402298 0.994990 0.947030 -0.052335 0.316851 0.351758 0.552124 1 6 1.000000
  6 1.463756 81.958054 0.923131 0.816462 0.040218 0.575997 0.314286 0.544582 1 6 1.000000
  6 1.365400 81.689651 1.173580 0.813611 0.218659 0.538726 0.337182 0.531240 1 6 1.000000
hwn2024_triboniophorus
  6 1.283378 81.218117 1.316740 0.890354 -0.093858 0.445490 0.369434 0.535418 1 6 1.000000
  6 1.413601 81.402298 0.994990 0.947030 -0.052335 0.316851 0.351758 0.552124 1 6 1.000000
  6 1.365400 81.689651 1.173580 0.813611 0.218659 0.538726 0.337182 0.531240 1 6 1.000000
hwn2024_triboniophorus
  6 1.283378 81.218117 1.316740 0.890354 -0.093858 0.445490 0.369434 0.535418 1 6 1.000000
  6 1.365400 81.689651 1.173580 0.813611 0.218659 0.538726 0.337182 0.531240 1 6 1.000000
  6 1.249913 81.474640 1.431969 0.774924 0.197743 0.600326 0.356306 0.521113 1 6 1.000000
hwn2024_triboniophorus
  6 0.955596 81.701935 1.540380 0.296718 0.619790 0.726511 0.352580 0.500279 1 6 1.000000
  6 0.574343 81.700119 1.517146 -0.365860 0.583325 0.725174 0.356114 0.479809 1 6 1.000000
  6 0.670356 81.522324 1.676679 -0.276677 0.323714 0.904798 0.366749 0.488566 1 6 1.000000
hwn2024_triboniophorus
  6 0.994269 81.939743 1.316298 0.269730 0.596687 0.755784 0.328696 0.500279 1 6 1.000000
  6 0.574343 81.700119 1.517146 -0.365860 0.583325 0.725174 0.356114 0.479809 1 6 1.000000
  6 0.955596 81.701935 1.540380 0.296718 0.619790 0.726511 0.352580 0.500279 1 6 1.000000
hwn2024_triboniophorus
  6 0.994269 81.939743 1.316298 0.269730 0.596687 0.755784 0.328696 0.500279 1 6 1.000000
  6 0.955596 81.701935 1.540380 0.296718 0.619790 0.726511 0.352580 0.500279 1 6 1.000000
  6 1.249913 81.474640 1.431969 0.774924 0.197743 0.600326 0.356306 0.521113 1 6 1.000000
hwn2024_triboniophorus
  6 0.994269 81.939743 1.316298 0.269730 0.596687 0.755784 0.328696 0.500279 1 6 1.000000
  6 1.249913 81.474640 1.431969 0.774924 0.197743 0.600326 0.356306 0.521113 1 6 1.000000
  6 1.365400 81.689651 1.173580 0.813611 0.218659 0.538726 0.337182 0.531240 1 6 1.000000
hwn2024_triboniophorus
  6 0.994269 81.939743 1.316298 0.269730 0.596687 0.755784 0.328696 0.500279 1 6 1.000000
  6 1.365400 81.689651 1.173580 0.813611 0.218659 0.538726 0.337182 0.531240 1 6 1.000000
  6 1.463756 81.958054 0.923131 0.816462 0.040218 0.575997 0.314286 0.544582 1 6 1.000000
hwn2024_triboniophorus
  6 0.994269 81.939743 1.316298 0.269730 0.596687 0.755784 0.328696 0.500279 1 6 1.000000
  6 1.463756 81.958054 0.923131 0.816462 0.040218 0.575997 0.314286 0.544582 1 6 1.000000
  6 1.022823 82.249107 1.098437 0.206927 0.470547 0.857768 0.295893 0.500279 2 6 0.896472 7 0.103528
hwn2024_triboniophorus
  6 1.022823 82.249107 1.098437 0.206927 0.470547 0.857768 0.295893 0.500279 2 6 0.896472 7 0.103528
  6 1.463756 81.958054 0.923131 0.816462 0.040218 0.575997 0.314286 0.544582 1 6 1.000000
  6 1.477431 82.429779 0.888205 0.634301 -0.047174 0.771645 0.276821 0.547140 2 6 0.866418 7 0.133582
hwn2024_triboniophorus
  6 1.477431 82.429779 0.888205 0.634301 -0.047174 0.771645 0.276821 0.547140 2 6 0.866418 7 0.133582
  6 1.463756 81.958054 0.923131 0.816462 0.040218 0.575997 0.314286 0.544582 1 6 1.000000
  6 1.680393 82.121986 0.580519 0.721620 -0.365551 0.587908 0.299439 0.578789 2 6 0.940785 7 0.059215
hwn2024_triboniophorus
  6 1.854073 82.624947 0.730550 0.569261 -0.449076 0.688674 0.252763 0.580992 2 6 0.788935 7 0.211065
  6 1.477431 82.429779 0.888205 0.634301 -0.047174 0.771645 0.276821 0.547140 2 6 0.866418 7 0.133582
  6 1.680393 82.121986 0.580519 0.721620 -0.365551 0.587908 0.299439 0.578789 2 6 0.940785 7 0.059215
hwn2024_triboniophorus
  6 1.854073 82.624947 0.730550 0.569261 -0.449076 0.688674 0.252763 0.580992 2 6 0.788935 7 0.211065
  6 1.680393 82.121986 0.580519 0.721620 -0.365551 0.587908 0.299439 0.578789 2 6 0.940785 7 0.059215
  6 1.984100 82.048988 0.276246 0.482199 -0.339223 0.807720 0.301821 0.615651 1 6 1.000000
hwn2024_triboniophorus
  6 1.854073 82.624947 0.730550 0.569261 -0.449076 0.688674 0.252763 0.580992 2 6 0.788935 7 0.211065
  6 1.984100 82.048988 0.276246 0.482199 -0.339223 0.807720 0.301821 0.615651 1 6 1.000000
  6 2.159824 82.606476 0.459335 0.619288 -0.417291 0.665094 0.252019 0.617732 2 6 0.823932 7 0.176068
hwn2024_triboniophorus
  6 2.159824 82.606476 0.459335 0.619288 -0.417291 0.665094 0.252019 0.617732 2 6 0.823932 7 0.176068
  6 1.984100 82.048988 0.276246 0.482199 -0.339223 0.807720 0.301821 0.615651 1 6 1.000000
  6 2.306726 82.217400 0.107337 0.734142 -0.151628 0.661849 0.284123 0.651069 1 6 1.000000
hwn2024_triboniophorus
  6 2.159824 82.606476 0.459335 0.619288 -0.417291 0.665094 0.252019 0.617732 2 6 0.823932 7 0.176068
  6 2.306726 82.217400 0.107337 0.734142 -0.151628 0.661849 0.284123 0.651069 1 6 1.000000
  6 2.425186 82.637581 0.188987 0.775907 -0.358777 0.518890 0.248220 0.652616 2 6 0.837000 7 0.163000
hwn2024_triboniophorus
  6 2.425186 82.637581 0.188987 0.775907 -0.358777 0.518890 0.248220 0.652616 2 6 0.837000 7 0.163000
  6 2.306726 82.217400 0.107337 0.734142 -0.151628 0.661849 0.284123 0.651069 1 6 1.000000
  6 2.547035 82.319756 -0.253016 0.970111 -0.074549 0.230926 0.278421 0.693983 1 6 1.000000
hwn2024_triboniophorus
  6 2.425186 82.637581 0.188987 0.775907 -0.358777 0.518890 0.248220 0.652616 2 6 0.837000 7 0.163000
  6 2.547035 82.319756 -0.253016 0.970111 -0.074549 0.230926 0.278421 0.693983 1 6 1.000000
  6 2.637479 82.704254 -0.206132 0.931410 -0.310948 0.189175 0.243512 0.695316 2 6 0.833710 7 0.166290
hwn2024_triboniophorus
  6 2.637479 82.704254 -0.206132 0.931410 -0.310948 0.189175 0.243512 0.695316 2 6 0.833710 7 0.166290
  6 2.547035 82.319756 -0.253016 0.970111 -0.074549 0.230926 0.278421 0.693983 1 6 1.000000
  6 2.528052 82.292610 -0.681461 0.969225 -0.050510 -0.240939 0.285727 0.732595 1 6 1.000000
hwn2024_triboniophorus
  6 2.637479 82.704254 -0.206132 0.931410 -0.310948 0.189175 0.243512 0.695316 2 6 0.833710 7 0.166290
  6 2.528052 82.292610 -0.681461 0.969225 -0.050510 -0.240939 0.285727 0.732595 1 6 1.000000
  6 2.644634 82.772697 -0.647315 0.945229 -0.275111 -0.175659 0.241396 0.738056 2 6 0.847224 7 0.152776
hwn2024_triboniophorus
  6 2.528052 82.292610 -0.681461 0.969225 -0.050510 -0.240939 0.285727 0.732595 1 6 1.000000
  6 2.493362 82.799095 -1.092245 0.909501 -0.237044 -0.341495 0.246228 0.781558 2 6 0.876001 7 0.123999
  6 2.644634 82.772697 -0.647315 0.945229 -0.275111 -0.175659 0.241396 0.738056 2 6 0.847224 7 0.152776
hwn2024_triboniophorus
  6 2.637479 82.704254 -0.206132 0.931410 -0.310948 0.189175 0.243512 0.695316 2 6 0.833710 7 0.166290
  6 2.644634 82.772697 -0.647315 0.945229 -0.275111 -0.175659 0.241396 0.738056 2 6 0.847224 7 0.152776
  6 2.825844 83.326523 -0.502418 0.943202 -0.300467 -0.141741 0.185732 0.728756 2 6 0.646705 7 0.353295
hwn2024_triboniophorus
  6 2.644634 82.772697 -0.647315 0.945229 -0.275111 -0.175659 0.241396 0.738056 2 6 0.847224 7 0.152776
  6 2.741680 83.431618 -1.010790 0.888116 -0.253711 -0.383250 0.182239 0.776847 2 6 0.662277 7 0.337723
  6 2.825844 83.326523 -0.502418 0.943202 -0.300467 -0.141741 0.185732 0.728756 2 6 0.646705 7 0.353295
hwn2024_triboniophorus
  6 1.096949 81.373184 1.624655 0.604957 0.023888 0.795900 0.367088 0.511914 1 6 1.000000
  6 1.283378 81.218117 1.316740 0.890354 -0.093858 0.445490 0.369434 0.535418 1 6 1.000000
  6 1.249913 81.474640 1.431969 0.774924 0.197743 0.600326 0.356306 0.521113 1 6 1.000000
hwn2024_triboniophorus
  6 0.955596 81.701935 1.540380 0.296718 0.619790 0.726511 0.352580 0.500279 1 6 1.000000
  6 1.096949 81.373184 1.624655 0.604957 0.023888 0.795900 0.367088 0.511914 1 6 1.000000
  6 1.249913 81.474640 1.431969 0.774924 0.197743 0.600326 0.356306 0.521113 1 6 1.000000
hwn2024_triboniophorus
  6 0.955596 81.701935 1.540380 0.296718 0.619790 0.726511 0.352580 0.500279 1 6 1.000000
  6 0.885773 81.426903 1.707862 0.203367 0.233193 0.950927 0.369016 0.500279 1 6 1.000000
  6 1.096949 81.373184 1.624655 0.604957 0.023888 0.795900 0.367088 0.511914 1 6 1.000000
hwn2024_triboniophorus
  6 0.955596 81.701935 1.540380 0.296718 0.619790 0.726511 0.352580 0.500279 1 6 1.000000
  6 0.670356 81.522324 1.676679 -0.276677 0.323714 0.904798 0.366749 0.488566 1 6 1.000000
  6 0.885773 81.426903 1.707862 0.203367 0.233193 0.950927 0.369016 0.500279 1 6 1.000000
hwn2024_triboniophorus
  6 0.885773 81.426903 1.707862 0.203367 0.233193 0.950927 0.369016 0.500279 1 6 1.000000
  6 0.670356 81.522324 1.676679 -0.276677 0.323714 0.904798 0.366749 0.488566 1 6 1.000000
  6 0.528922 81.324707 1.643815 -0.496901 0.053738 0.866142 0.380555 0.482696 1 6 1.000000
hwn2024_triboniophorus
  6 0.670356 81.522324 1.676679 -0.276677 0.323714 0.904798 0.366749 0.488566 1 6 1.000000
  6 0.371262 81.513313 1.433257 -0.782836 0.275243 0.558040 0.369742 0.465753 1 6 1.000000
  6 0.528922 81.324707 1.643815 -0.496901 0.053738 0.866142 0.380555 0.482696 1 6 1.000000
hwn2024_triboniophorus
  6 0.670356 81.522324 1.676679 -0.276677 0.323714 0.904798 0.366749 0.488566 1 6 1.000000
  6 0.574343 81.700119 1.517146 -0.365860 0.583325 0.725174 0.356114 0.479809 1 6 1.000000
  6 0.371262 81.513313 1.433257 -0.782836 0.275243 0.558040 0.369742 0.465753 1 6 1.000000
hwn2024_triboniophorus
  6 0.530128 81.927902 1.267585 -0.437673 0.615551 0.655393 0.337467 0.469428 1 6 1.000000
  6 0.371262 81.513313 1.433257 -0.782836 0.275243 0.558040 0.369742 0.465753 1 6 1.000000
  6 0.574343 81.700119 1.517146 -0.365860 0.583325 0.725174 0.356114 0.479809 1 6 1.000000
hwn2024_triboniophorus
  6 0.994269 81.939743 1.316298 0.269730 0.596687 0.755784 0.328696 0.500279 1 6 1.000000
  6 0.530128 81.927902 1.267585 -0.437673 0.615551 0.655393 0.337467 0.469428 1 6 1.000000
  6 0.574343 81.700119 1.517146 -0.365860 0.583325 0.725174 0.356114 0.479809 1 6 1.000000
hwn2024_triboniophorus
  6 0.515258 82.201889 1.021181 -0.587988 0.382674 0.712622 0.314288 0.455881 1 6 1.000000
  6 0.530128 81.927902 1.267585 -0.437673 0.615551 0.655393 0.337467 0.469428 1 6 1.000000
  6 0.994269 81.939743 1.316298 0.269730 0.596687 0.755784 0.328696 0.500279 1 6 1.000000
hwn2024_triboniophorus
  6 0.515258 82.201889 1.021181 -0.587988 0.382674 0.712622 0.314288 0.455881 1 6 1.000000
  6 0.994269 81.939743 1.316298 0.269730 0.596687 0.755784 0.328696 0.500279 1 6 1.000000
  6 1.022823 82.249107 1.098437 0.206927 0.470547 0.857768 0.295893 0.500279 2 6 0.896472 7 0.103528
hwn2024_triboniophorus
  6 1.022823 82.249107 1.098437 0.206927 0.470547 0.857768 0.295893 0.500279 2 6 0.896472 7 0.103528
  6 0.580852 82.617996 0.936697 -0.532639 0.189825 0.824780 0.276578 0.453234 2 6 0.866426 7 0.133574
  6 0.515258 82.201889 1.021181 -0.587988 0.382674 0.712622 0.314288 0.455881 1 6 1.000000
hwn2024_triboniophorus
  6 0.580852 82.617996 0.936697 -0.532639 0.189825 0.824780 0.276578 0.453234 2 6 0.866426 7 0.133574
  6 0.279579 82.431999 0.675592 -0.748992 -0.041431 0.661283 0.298143 0.421908 2 6 0.940786 7 0.059214
  6 0.515258 82.201889 1.021181 -0.587988 0.382674 0.712622 0.314288 0.455881 1 6 1.000000
hwn2024_triboniophorus
  6 0.287956 82.970627 0.791771 -0.665914 -0.173374 0.725604 0.252208 0.419678 2 6 0.788945 7 0.211055
  6 0.279579 82.431999 0.675592 -0.748992 -0.041431 0.661283 0.298143 0.421908 2 6 0.940786 7 0.059214
  6 0.580852 82.617996 0.936697 -0.532639 0.189825 0.824780 0.276578 0.453234 2 6 0.866426 7 0.133574
hwn2024_triboniophorus
  6 0.287956 82.970627 0.791771 -0.665914 -0.173374 0.725604 0.252208 0.419678 2 6 0.788945 7 0.211055
  6 -0.062625 82.544258 0.395707 -0.553686 -0.037521 0.831880 0.300563 0.384897 1 6 1.000000
  6 0.279579 82.431999 0.675592 -0.748992 -0.041431 0.661283 0.298143 0.421908 2 6 0.940786 7 0.059214
hwn2024_triboniophorus
  6 0.287956 82.970627 0.791771 -0.665914 -0.173374 0.725604 0.252208 0.419678 2 6 0.788945 7 0.211055
  6 -0.001110 83.095375 0.526338 -0.741053 -0.125292 0.659653 0.251246 0.383243 2 6 0.823933 7 0.176067
  6 -0.062625 82.544258 0.395707 -0.553686 -0.037521 0.831880 0.300563 0.384897 1 6 1.000000
hwn2024_triboniophorus
  6 -0.001110 83.095375 0.526338 -0.741053 -0.125292 0.659653 0.251246 0.383243 2 6 0.823933 7 0.176067
  6 -0.255140 82.834801 0.198165 -0.626346 0.269269 0.731563 0.285007 0.350597 1 6 1.000000
  6 -0.062625 82.544258 0.395707 -0.553686 -0.037521 0.831880 0.300563 0.384897 1 6 1.000000
hwn2024_triboniophorus
  6 -0.001110 83.095375 0.526338 -0.741053 -0.125292 0.659653 0.251246 0.383243 2 6 0.823933 7 0.176067
  6 -0.206651 83.235794 0.247602 -0.858494 -0.041079 0.511176 0.248147 0.348698 2 6 0.837000 7 0.163000
  6 -0.255140 82.834801 0.198165 -0.626346 0.269269 0.731563 0.285007 0.350597 1 6 1.000000
hwn2024_triboniophorus
  6 -0.255140 82.834801 0.198165 -0.626346 0.269269 0.731563 0.285007 0.350597 1 6 1.000000
  6 -0.482733 82.455544 0.293380 -0.231598 0.365522 0.901530 0.321962 0.354021 1 6 1.000000
  6 -0.062625 82.544258 0.395707 -0.553686 -0.037521 0.831880 0.300563 0.384897 1 6 1.000000
hwn2024_triboniophorus
  6 0.530128 81.927902 1.267585 -0.437673 0.615551 0.655393 0.337467 0.469428 1 6 1.000000
  6 0.303748 81.725906 1.122609 -0.766772 0.458603 0.449159 0.352629 0.448703 1 6 1.000000
  6 0.371262 81.513313 1.433257 -0.782836 0.275243 0.558040 0.369742 0.465753 1 6 1.000000
hwn2024_triboniophorus
  6 0.515258 82.201889 1.021181 -0.587988 0.382674 0.712622 0.314288 0.455881 1 6 1.000000
  6 0.303748 81.725906 1.122609 -0.766772 0.458603 0.449159 0.352629 0.448703 1 6 1.000000
  6 0.530128 81.927902 1.267585 -0.437673 0.615551 0.655393 0.337467 0.469428 1 6 1.000000
hwn2024_triboniophorus
  6 0.515258 82.201889 1.021181 -0.587988 0.382674 0.712622 0.314288 0.455881 1 6 1.000000
  6 0.266988 81.909393 0.756277 -0.943627 0.165493 0.286671 0.336893 0.430171 1 6 1.000000
  6 0.303748 81.725906 1.122609 -0.766772 0.458603 0.449159 0.352629 0.448703 1 6 1.000000
hwn2024_triboniophorus
  6 0.279579 82.431999 0.675592 -0.748992 -0.041431 0.661283 0.298143 0.421908 2 6 0.940786 7 0.059214
  6 0.266988 81.909393 0.756277 -0.943627 0.165493 0.286671 0.336893 0.430171 1 6 1.000000
  6 0.515258 82.201889 1.021181 -0.587988 0.382674 0.712622 0.314288 0.455881 1 6 1.000000
hwn2024_triboniophorus
  6 0.279579 82.431999 0.675592 -0.748992 -0.041431 0.661283 0.298143 0.421908 2 6 0.940786 7 0.059214
  6 0.204844 82.089798 0.422907 -0.845858 -0.130502 0.517198 0.327174 0.411051 1 6 1.000000
  6 0.266988 81.909393 0.756277 -0.943627 0.165493 0.286671 0.336893 0.430171 1 6 1.000000
hwn2024_triboniophorus
  6 0.279579 82.431999 0.675592 -0.748992 -0.041431 0.661283 0.298143 0.421908 2 6 0.940786 7 0.059214
  6 0.011045 82.146172 0.302958 -0.280267 -0.255142 0.925393 0.327092 0.399372 1 6 1.000000
  6 0.204844 82.089798 0.422907 -0.845858 -0.130502 0.517198 0.327174 0.411051 1 6 1.000000
hwn2024_triboniophorus
  6 0.279579 82.431999 0.675592 -0.748992 -0.041431 0.661283 0.298143 0.421908 2 6 0.940786 7 0.059214
  6 -0.062625 82.544258 0.395707 -0.553686 -0.037521 0.831880 0.300563 0.384897 1 6 1.000000
  6 0.011045 82.146172 0.302958 -0.280267 -0.255142 0.925393 0.327092 0.399372 1 6 1.000000
hwn2024_triboniophorus
  6 -0.062625 82.544258 0.395707 -0.553686 -0.037521 0.831880 0.300563 0.384897 1 6 1.000000
  6 -0.363148 82.089935 0.345718 -0.013672 0.069667 0.997477 0.340236 0.382234 1 6 1.000000
  6 0.011045 82.146172 0.302958 -0.280267 -0.255142 0.925393 0.327092 0.399372 1 6 1.000000
hwn2024_triboniophorus
  6 -0.062625 82.544258 0.395707 -0.553686 -0.037521 0.831880 0.300563 0.384897 1 6 1.000000
  6 -0.482733 82.455544 0.293380 -0.231598 0.365522 0.901530 0.321962 0.354021 1 6 1.000000
  6 -0.363148 82.089935 0.345718 -0.013672 0.069667 0.997477 0.340236 0.382234 1 6 1.000000
hwn2024_triboniophorus
  6 -0.482733 82.455544 0.293380 -0.231598 0.365522 0.901530 0.321962 0.354021 1 6 1.000000
  6 -0.741219 82.003357 0.401737 -0.003401 0.219356 0.975639 0.357662 0.366827 1 6 1.000000
  6 -0.363148 82.089935 0.345718 -0.013672 0.069667 0.997477 0.340236 0.382234 1 6 1.000000
hwn2024_triboniophorus
  6 -0.554581 83.036125 -0.538468 -0.881732 0.470600 -0.032942 0.288820 0.273549 1 6 1.000000
  6 -0.728328 82.790916 -0.065248 -0.537155 0.741281 0.402451 0.315319 0.313231 1 6 1.000000
  6 -0.465182 83.033112 -0.114491 -0.789371 0.443169 0.424847 0.281416 0.311060 1 6 1.000000
hwn2024_triboniophorus
  6 -0.255140 82.834801 0.198165 -0.626346 0.269269 0.731563 0.285007 0.350597 1 6 1.000000
  6 -0.465182 83.033112 -0.114491 -0.789371 0.443169 0.424847 0.281416 0.311060 1 6 1.000000
  6 -0.728328 82.790916 -0.065248 -0.537155 0.741281 0.402451 0.315319 0.313231 1 6 1.000000
hwn2024_triboniophorus
  6 -0.255140 82.834801 0.198165 -0.626346 0.269269 0.731563 0.285007 0.350597 1 6 1.000000
  6 -0.728328 82.790916 -0.065248 -0.537155 0.741281 0.402451 0.315319 0.313231 1 6 1.000000
  6 -0.482733 82.455544 0.293380 -0.231598 0.365522 0.901530 0.321962 0.354021 1 6 1.000000
hwn2024_triboniophorus
  6 -0.728328 82.790916 -0.065248 -0.537155 0.741281 0.402451 0.315319 0.313231 1 6 1.000000
  6 -0.848482 82.293381 0.330313 -0.139161 0.480681 0.865783 0.346613 0.344404 1 6 1.000000
  6 -0.482733 82.455544 0.293380 -0.231598 0.365522 0.901530 0.321962 0.354021 1 6 1.000000
hwn2024_triboniophorus
  6 -0.482733 82.455544 0.293380 -0.231598 0.365522 0.901530 0.321962 0.354021 1 6 1.000000
  6 -0.848482 82.293381 0.330313 -0.139161 0.480681 0.865783 0.346613 0.344404 1 6 1.000000
  6 -0.741219 82.003357 0.401737 -0.003401 0.219356 0.975639 0.357662 0.366827 1 6 1.000000
hwn2024_triboniophorus
  6 -0.848482 82.293381 0.330313 -0.139161 0.480681 0.865783 0.346613 0.344404 1 6 1.000000
  6 -1.098579 81.918701 0.404148 -0.150739 0.173406 0.973246 0.375054 0.354056 1 6 1.000000
  6 -0.741219 82.003357 0.401737 -0.003401 0.219356 0.975639 0.357662 0.366827 1 6 1.000000
hwn2024_triboniophorus
  6 -0.353287 83.460526 -1.001843 -0.943013 0.222678 -0.247267 0.249874 0.223052 2 6 0.876001 7 0.123999
  6 -0.535362 82.898613 -0.960997 -0.900620 0.287368 -0.326041 0.310213 0.237568 1 6 1.000000
  6 -0.554581 83.036125 -0.538468 -0.881732 0.470600 -0.032942 0.288820 0.273549 1 6 1.000000
hwn2024_triboniophorus
  6 -0.806839 82.676567 -0.573770 -0.736744 0.619822 -0.270239 0.329199 0.273726 1 6 1.000000
  6 -0.554581 83.036125 -0.538468 -0.881732 0.470600 -0.032942 0.288820 0.273549 1 6 1.000000
  6 -0.535362 82.898613 -0.960997 -0.900620 0.287368 -0.326041 0.310213 0.237568 1 6 1.000000
hwn2024_triboniophorus
  6 -0.554581 83.036125 -0.538468 -0.881732 0.470600 -0.032942 0.288820 0.273549 1 6 1.000000
  6 -0.806839 82.676567 -0.573770 -0.736744 0.619822 -0.270239 0.329199 0.273726 1 6 1.000000
  6 -0.728328 82.790916 -0.065248 -0.537155 0.741281 0.402451 0.315319 0.313231 1 6 1.000000
hwn2024_triboniophorus
  6 -0.806839 82.676567 -0.573770 -0.736744 0.619822 -0.270239 0.329199 0.273726 1 6 1.000000
  6 -1.049404 82.541817 -0.015094 -0.451505 0.824539 0.340997 0.343204 0.314942 1 6 1.000000
  6 -0.728328 82.790916 -0.065248 -0.537155 0.741281 0.402451 0.315319 0.313231 1 6 1.000000
hwn2024_triboniophorus
  6 -0.728328 82.790916 -0.065248 -0.537155 0.741281 0.402451 0.315319 0.313231 1 6 1.000000
  6 -1.049404 82.541817 -0.015094 -0.451505 0.824539 0.340997 0.343204 0.314942 1 6 1.000000
  6 -0.848482 82.293381 0.330313 -0.139161 0.480681 0.865783 0.346613 0.344404 1 6 1.000000
hwn2024_triboniophorus
  6 -1.049404 82.541817 -0.015094 -0.451505 0.824539 0.340997 0.343204 0.314942 1 6 1.000000
  6 -1.187345 82.183205 0.343310 -0.221347 0.462063 0.858780 0.364680 0.337453 1 6 1.000000
  6 -0.848482 82.293381 0.330313 -0.139161 0.480681 0.865783 0.346613 0.344404 1 6 1.000000
hwn2024_triboniophorus
  6 -0.848482 82.293381 0.330313 -0.139161 0.480681 0.865783 0.346613 0.344404 1 6 1.000000
  6 -1.187345 82.183205 0.343310 -0.221347 0.462063 0.858780 0.364680 0.337453 1 6 1.000000
  6 -1.098579 81.918701 0.404148 -0.150739 0.173406 0.973246 0.375054 0.354056 1 6 1.000000
hwn2024_triboniophorus
  6 -1.187345 82.183205 0.343310 -0.221347 0.462063 0.858780 0.364680 0.337453 1 6 1.000000
  6 -1.379543 81.885277 0.305223 -0.582676 -0.152712 0.798228 0.387111 0.340427 1 6 1.000000
  6 -1.098579 81.918701 0.404148 -0.150739 0.173406 0.973246 0.375054 0.354056 1 6 1.000000
hwn2024_triboniophorus
  6 -1.187345 82.183205 0.343310 -0.221347 0.462063 0.858780 0.364680 0.337453 1 6 1.000000
  6 -1.419379 82.140411 0.288935 -0.561677 0.253150 0.787677 0.374759 0.330833 1 6 1.000000
  6 -1.379543 81.885277 0.305223 -0.582676 -0.152712 0.798228 0.387111 0.340427 1 6 1.000000
hwn2024_triboniophorus
  6 -1.419379 82.140411 0.288935 -0.561677 0.253150 0.787677 0.374759 0.330833 1 6 1.000000
  6 -1.538530 81.900375 0.061039 -0.933418 -0.184551 0.307688 0.394164 0.323289 1 6 1.000000
  6 -1.379543 81.885277 0.305223 -0.582676 -0.152712 0.798228 0.387111 0.340427 1 6 1.000000
hwn2024_triboniophorus
  6 -1.419379 82.140411 0.288935 -0.561677 0.253150 0.787677 0.374759 0.330833 1 6 1.000000
  6 -1.544176 82.176437 0.104586 -0.839388 0.392509 0.375985 0.377933 0.320072 1 6 1.000000
  6 -1.538530 81.900375 0.061039 -0.933418 -0.184551 0.307688 0.394164 0.323289 1 6 1.000000
hwn2024_triboniophorus
  6 -1.568487 82.211975 -0.118787 -0.908938 0.393866 -0.136752 0.378719 0.308621 1 6 1.000000
  6 -1.538530 81.900375 0.061039 -0.933418 -0.184551 0.307688 0.394164 0.323289 1 6 1.000000
  6 -1.544176 82.176437 0.104586 -0.839388 0.392509 0.375985 0.377933 0.320072 1 6 1.000000
hwn2024_triboniophorus
  6 -1.339826 82.376839 0.057280 -0.400192 0.862958 0.308465 0.362398 0.317324 1 6 1.000000
  6 -1.568487 82.211975 -0.118787 -0.908938 0.393866 -0.136752 0.378719 0.308621 1 6 1.000000
  6 -1.544176 82.176437 0.104586 -0.839388 0.392509 0.375985 0.377933 0.320072 1 6 1.000000
hwn2024_triboniophorus
  6 -1.339826 82.376839 0.057280 -0.400192 0.862958 0.308465 0.362398 0.317324 1 6 1.000000
  6 -1.420143 82.301468 -0.298370 -0.690373 0.653771 -0.309788 0.370845 0.298583 1 6 1.000000
  6 -1.568487 82.211975 -0.118787 -0.908938 0.393866 -0.136752 0.378719 0.308621 1 6 1.000000
hwn2024_triboniophorus
  6 -1.049404 82.541817 -0.015094 -0.451505 0.824539 0.340997 0.343204 0.314942 1 6 1.000000
  6 -1.420143 82.301468 -0.298370 -0.690373 0.653771 -0.309788 0.370845 0.298583 1 6 1.000000
  6 -1.339826 82.376839 0.057280 -0.400192 0.862958 0.308465 0.362398 0.317324 1 6 1.000000
hwn2024_triboniophorus
  6 -1.049404 82.541817 -0.015094 -0.451505 0.824539 0.340997 0.343204 0.314942 1 6 1.000000
  6 -1.135926 82.458412 -0.463775 -0.599182 0.725200 -0.339215 0.353805 0.287036 1 6 1.000000
  6 -1.420143 82.301468 -0.298370 -0.690373 0.653771 -0.309788 0.370845 0.298583 1 6 1.000000
hwn2024_triboniophorus
  6 -0.806839 82.676567 -0.573770 -0.736744 0.619822 -0.270239 0.329199 0.273726 1 6 1.000000
  6 -1.135926 82.458412 -0.463775 -0.599182 0.725200 -0.339215 0.353805 0.287036 1 6 1.000000
  6 -1.049404 82.541817 -0.015094 -0.451505 0.824539 0.340997 0.343204 0.314942 1 6 1.000000
hwn2024_triboniophorus
  6 -0.806839 82.676567 -0.573770 -0.736744 0.619822 -0.270239 0.329199 0.273726 1 6 1.000000
  6 -1.127091 82.234390 -0.681743 -0.588976 0.550871 -0.591311 0.371303 0.266699 1 6 1.000000
  6 -1.135926 82.458412 -0.463775 -0.599182 0.725200 -0.339215 0.353805 0.287036 1 6 1.000000
hwn2024_triboniophorus
  6 -1.049404 82.541817 -0.015094 -0.451505 0.824539 0.340997 0.343204 0.314942 1 6 1.000000
  6 -1.339826 82.376839 0.057280 -0.400192 0.862958 0.308465 0.362398 0.317324 1 6 1.000000
  6 -1.187345 82.183205 0.343310 -0.221347 0.462063 0.858780 0.364680 0.337453 1 6 1.000000
hwn2024_triboniophorus
  6 -1.339826 82.376839 0.057280 -0.400192 0.862958 0.308465 0.362398 0.317324 1 6 1.000000
  6 -1.419379 82.140411 0.288935 -0.561677 0.253150 0.787677 0.374759 0.330833 1 6 1.000000
  6 -1.187345 82.183205 0.343310 -0.221347 0.462063 0.858780 0.364680 0.337453 1 6 1.000000
hwn2024_triboniophorus
  6 -1.339826 82.376839 0.057280 -0.400192 0.862958 0.308465 0.362398 0.317324 1 6 1.000000
  6 -1.544176 82.176437 0.104586 -0.839388 0.392509 0.375985 0.377933 0.320072 1 6 1.000000
  6 -1.419379 82.140411 0.288935 -0.561677 0.253150 0.787677 0.374759 0.330833 1 6 1.000000
hwn2024_triboniophorus
  6 -1.568487 82.211975 -0.118787 -0.908938 0.393866 -0.136752 0.378719 0.308621 1 6 1.000000
  6 -1.569759 81.974548 -0.221925 -0.967675 -0.019972 -0.251407 0.393865 0.304621 1 6 1.000000
  6 -1.538530 81.900375 0.061039 -0.933418 -0.184551 0.307688 0.394164 0.323289 1 6 1.000000
hwn2024_triboniophorus
  6 -1.420143 82.301468 -0.298370 -0.690373 0.653771 -0.309788 0.370845 0.298583 1 6 1.000000
  6 -1.569759 81.974548 -0.221925 -0.967675 -0.019972 -0.251407 0.393865 0.304621 1 6 1.000000
  6 -1.568487 82.211975 -0.118787 -0.908938 0.393866 -0.136752 0.378719 0.308621 1 6 1.000000
hwn2024_triboniophorus
  6 -1.420143 82.301468 -0.298370 -0.690373 0.653771 -0.309788 0.370845 0.298583 1 6 1.000000
  6 -1.411487 82.079132 -0.465225 -0.748329 0.377715 -0.545284 0.387132 0.286267 1 6 1.000000
  6 -1.569759 81.974548 -0.221925 -0.967675 -0.019972 -0.251407 0.393865 0.304621 1 6 1.000000
hwn2024_triboniophorus
  6 -1.420143 82.301468 -0.298370 -0.690373 0.653771 -0.309788 0.370845 0.298583 1 6 1.000000
  6 -1.127091 82.234390 -0.681743 -0.588976 0.550871 -0.591311 0.371303 0.266699 1 6 1.000000
  6 -1.411487 82.079132 -0.465225 -0.748329 0.377715 -0.545284 0.387132 0.286267 1 6 1.000000
hwn2024_triboniophorus
  6 -1.420143 82.301468 -0.298370 -0.690373 0.653771 -0.309788 0.370845 0.298583 1 6 1.000000
  6 -1.135926 82.458412 -0.463775 -0.599182 0.725200 -0.339215 0.353805 0.287036 1 6 1.000000
  6 -1.127091 82.234390 -0.681743 -0.588976 0.550871 -0.591311 0.371303 0.266699 1 6 1.000000
hwn2024_triboniophorus
  6 -0.806839 82.676567 -0.573770 -0.736744 0.619822 -0.270239 0.329199 0.273726 1 6 1.000000
  6 -0.795685 82.389015 -0.858391 -0.692139 0.414431 -0.590923 0.353537 0.246156 1 6 1.000000
  6 -1.127091 82.234390 -0.681743 -0.588976 0.550871 -0.591311 0.371303 0.266699 1 6 1.000000
hwn2024_triboniophorus
  6 -0.535362 82.898613 -0.960997 -0.900620 0.287368 -0.326041 0.310213 0.237568 1 6 1.000000
  6 -0.795685 82.389015 -0.858391 -0.692139 0.414431 -0.590923 0.353537 0.246156 1 6 1.000000
  6 -0.806839 82.676567 -0.573770 -0.736744 0.619822 -0.270239 0.329199 0.273726 1 6 1.000000
hwn2024_triboniophorus
  6 -0.535362 82.898613 -0.960997 -0.900620 0.287368 -0.326041 0.310213 0.237568 1 6 1.000000
  6 -0.466185 82.482407 -1.076625 -0.797352 0.091115 -0.596597 0.341485 0.223904 1 6 1.000000
  6 -0.795685 82.389015 -0.858391 -0.692139 0.414431 -0.590923 0.353537 0.246156 1 6 1.000000
hwn2024_triboniophorus
  6 -0.353676 82.985397 -1.430424 -0.956255 0.251201 -0.149916 0.308756 0.199675 1 6 1.000000
  6 -0.466185 82.482407 -1.076625 -0.797352 0.091115 -0.596597 0.341485 0.223904 1 6 1.000000
  6 -0.535362 82.898613 -0.960997 -0.900620 0.287368 -0.326041 0.310213 0.237568 1 6 1.000000
hwn2024_triboniophorus
  6 -0.353676 82.985397 -1.430424 -0.956255 0.251201 -0.149916 0.308756 0.199675 1 6 1.000000
  6 -0.355711 82.568230 -1.390409 -0.997486 0.016029 -0.069026 0.341065 0.208092 1 6 1.000000
  6 -0.466185 82.482407 -1.076625 -0.797352 0.091115 -0.596597 0.341485 0.223904 1 6 1.000000
hwn2024_triboniophorus
  6 -0.353676 82.985397 -1.430424 -0.956255 0.251201 -0.149916 0.308756 0.199675 1 6 1.000000
  6 -0.452467 82.648994 -1.778369 -0.948680 0.241983 0.203595 0.345534 0.186591 1 6 1.000000
  6 -0.355711 82.568230 -1.390409 -0.997486 0.016029 -0.069026 0.341065 0.208092 1 6 1.000000
hwn2024_triboniophorus
  6 -0.353676 82.985397 -1.430424 -0.956255 0.251201 -0.149916 0.308756 0.199675 1 6 1.000000
  6 -0.391610 82.988930 -1.982618 -0.794831 0.606826 -0.002585 0.321554 0.158587 1 6 1.000000
  6 -0.452467 82.648994 -1.778369 -0.948680 0.241983 0.203595 0.345534 0.186591 1 6 1.000000
hwn2024_triboniophorus
  6 -0.391610 82.988930 -1.982618 -0.794831 0.606826 -0.002585 0.321554 0.158587 1 6 1.000000
  6 -0.583590 82.653000 -2.147884 -0.886783 0.402608 0.226987 0.358089 0.165098 1 6 1.000000
  6 -0.452467 82.648994 -1.778369 -0.948680 0.241983 0.203595 0.345534 0.186591 1 6 1.000000
hwn2024_triboniophorus
  6 -0.391610 82.988930 -1.982618 -0.794831 0.606826 -0.002585 0.321554 0.158587 1 6 1.000000
  6 -0.521406 82.885147 -2.344423 -0.703893 0.708924 0.044281 0.341594 0.142413 1 6 1.000000
  6 -0.583590 82.653000 -2.147884 -0.886783 0.402608 0.226987 0.358089 0.165098 1 6 1.000000
hwn2024_triboniophorus
  6 -0.521406 82.885147 -2.344423 -0.703893 0.708924 0.044281 0.341594 0.142413 1 6 1.000000
  6 -0.709085 82.571152 -2.486962 -0.925693 0.357347 0.124078 0.372993 0.143524 1 6 1.000000
  6 -0.583590 82.653000 -2.147884 -0.886783 0.402608 0.226987 0.358089 0.165098 1 6 1.000000
hwn2024_triboniophorus
  6 -0.521406 82.885147 -2.344423 -0.703893 0.708924 0.044281 0.341594 0.142413 1 6 1.000000
  6 -0.641036 82.804642 -2.641464 -0.734261 0.674418 -0.077599 0.357593 0.129184 1 6 1.000000
  6 -0.709085 82.571152 -2.486962 -0.925693 0.357347 0.124078 0.372993 0.143524 1 6 1.000000
hwn2024_triboniophorus
  6 -0.719616 82.474556 -2.806320 -0.946193 -0.005141 -0.323563 0.382024 0.122472 1 6 1.000000
  6 -0.709085 82.571152 -2.486962 -0.925693 0.357347 0.124078 0.372993 0.143524 1 6 1.000000
  6 -0.641036 82.804642 -2.641464 -0.734261 0.674418 -0.077599 0.357593 0.129184 1 6 1.000000
hwn2024_triboniophorus
  6 -0.719616 82.474556 -2.806320 -0.946193 -0.005141 -0.323563 0.382024 0.122472 1 6 1.000000
  6 -0.641036 82.804642 -2.641464 -0.734261 0.674418 -0.077599 0.357593 0.129184 1 6 1.000000
  6 -0.661854 82.702385 -2.878565 -0.809869 0.414682 -0.414910 0.366551 0.117051 1 6 1.000000
hwn2024_triboniophorus
  6 -0.661854 82.702385 -2.878565 -0.809869 0.414682 -0.414910 0.366551 0.117051 1 6 1.000000
  6 -0.505636 82.406937 -3.061824 -0.518304 -0.143975 -0.842990 0.382775 0.098796 1 6 1.000000
  6 -0.719616 82.474556 -2.806320 -0.946193 -0.005141 -0.323563 0.382024 0.122472 1 6 1.000000
hwn2024_triboniophorus
  6 0.444172 82.940536 -2.458575 0.443891 0.580420 -0.682695 0.300001 0.069625 1 6 1.000000
  6 0.356472 82.613007 -2.715589 0.675449 0.304176 -0.671748 0.331795 0.049344 1 6 1.000000
  6 0.214765 82.851936 -2.745757 0.459638 0.640418 -0.615303 0.325979 0.077155 1 6 1.000000
hwn2024_triboniophorus
  6 0.214765 82.851936 -2.745757 0.459638 0.640418 -0.615303 0.325979 0.077155 1 6 1.000000
  6 0.356472 82.613007 -2.715589 0.675449 0.304176 -0.671748 0.331795 0.049344 1 6 1.000000
  6 0.115206 82.502960 -2.982572 0.579180 0.216343 -0.785968 0.354654 0.062433 1 6 1.000000
hwn2024_triboniophorus
  6 0.214765 82.851936 -2.745757 0.459638 0.640418 -0.615303 0.325979 0.077155 1 6 1.000000
  6 0.115206 82.502960 -2.982572 0.579180 0.216343 -0.785968 0.354654 0.062433 1 6 1.000000
  6 -0.017829 82.752075 -3.014868 0.352372 0.572130 -0.740608 0.346710 0.082303 1 6 1.000000
hwn2024_triboniophorus
  6 -0.017829 82.752075 -3.014868 0.352372 0.572130 -0.740608 0.346710 0.082303 1 6 1.000000
  6 0.115206 82.502960 -2.982572 0.579180 0.216343 -0.785968 0.354654 0.062433 1 6 1.000000
  6 -0.171432 82.426826 -3.133733 0.149118 -0.105010 -0.983228 0.371910 0.077567 1 6 1.000000
hwn2024_triboniophorus
  6 -0.017829 82.752075 -3.014868 0.352372 0.572130 -0.740608 0.346710 0.082303 1 6 1.000000
  6 -0.171432 82.426826 -3.133733 0.149118 -0.105010 -0.983228 0.371910 0.077567 1 6 1.000000
  6 -0.229983 82.662720 -3.135452 0.062085 0.332583 -0.941028 0.360206 0.089293 1 6 1.000000
hwn2024_triboniophorus
  6 -0.229983 82.662720 -3.135452 0.062085 0.332583 -0.941028 0.360206 0.089293 1 6 1.000000
  6 -0.171432 82.426826 -3.133733 0.149118 -0.105010 -0.983228 0.371910 0.077567 1 6 1.000000
  6 -0.505636 82.406937 -3.061824 -0.518304 -0.143975 -0.842990 0.382775 0.098796 1 6 1.000000
hwn2024_triboniophorus
  6 -0.229983 82.662720 -3.135452 0.062085 0.332583 -0.941028 0.360206 0.089293 1 6 1.000000
  6 -0.505636 82.406937 -3.061824 -0.518304 -0.143975 -0.842990 0.382775 0.098796 1 6 1.000000
  6 -0.485775 82.655640 -3.068954 -0.429249 0.437830 -0.789969 0.365773 0.102657 1 6 1.000000
hwn2024_triboniophorus
  6 -0.661854 82.702385 -2.878565 -0.809869 0.414682 -0.414910 0.366551 0.117051 1 6 1.000000
  6 -0.485775 82.655640 -3.068954 -0.429249 0.437830 -0.789969 0.365773 0.102657 1 6 1.000000
  6 -0.505636 82.406937 -3.061824 -0.518304 -0.143975 -0.842990 0.382775 0.098796 1 6 1.000000
hwn2024_triboniophorus
  6 -0.360321 82.861938 -2.892125 -0.174778 0.899760 -0.399855 0.348497 0.106776 1 6 1.000000
  6 -0.485775 82.655640 -3.068954 -0.429249 0.437830 -0.789969 0.365773 0.102657 1 6 1.000000
  6 -0.661854 82.702385 -2.878565 -0.809869 0.414682 -0.414910 0.366551 0.117051 1 6 1.000000
hwn2024_triboniophorus
  6 -0.360321 82.861938 -2.892125 -0.174778 0.899760 -0.399855 0.348497 0.106776 1 6 1.000000
  6 -0.661854 82.702385 -2.878565 -0.809869 0.414682 -0.414910 0.366551 0.117051 1 6 1.000000
  6 -0.641036 82.804642 -2.641464 -0.734261 0.674418 -0.077599 0.357593 0.129184 1 6 1.000000
hwn2024_triboniophorus
  6 -0.226044 82.976242 -2.665948 -0.106989 0.937829 -0.330197 0.331412 0.111120 1 6 1.000000
  6 -0.360321 82.861938 -2.892125 -0.174778 0.899760 -0.399855 0.348497 0.106776 1 6 1.000000
  6 -0.641036 82.804642 -2.641464 -0.734261 0.674418 -0.077599 0.357593 0.129184 1 6 1.000000
hwn2024_triboniophorus
  6 -0.226044 82.976242 -2.665948 -0.106989 0.937829 -0.330197 0.331412 0.111120 1 6 1.000000
  6 -0.641036 82.804642 -2.641464 -0.734261 0.674418 -0.077599 0.357593 0.129184 1 6 1.000000
  6 -0.521406 82.885147 -2.344423 -0.703893 0.708924 0.044281 0.341594 0.142413 1 6 1.000000
hwn2024_triboniophorus
  6 -0.084362 83.120659 -2.354635 -0.174778 0.899760 -0.399855 0.307557 0.116494 1 6 1.000000
  6 -0.226044 82.976242 -2.665948 -0.106989 0.937829 -0.330197 0.331412 0.111120 1 6 1.000000
  6 -0.521406 82.885147 -2.344423 -0.703893 0.708924 0.044281 0.341594 0.142413 1 6 1.000000
hwn2024_triboniophorus
  6 -0.084362 83.120659 -2.354635 -0.174778 0.899760 -0.399855 0.307557 0.116494 1 6 1.000000
  6 -0.521406 82.885147 -2.344423 -0.703893 0.708924 0.044281 0.341594 0.142413 1 6 1.000000
  6 -0.391610 82.988930 -1.982618 -0.794831 0.606826 -0.002585 0.321554 0.158587 1 6 1.000000
hwn2024_triboniophorus
  6 -0.215614 83.247887 -1.711331 -0.775257 0.556435 -0.298926 0.285407 0.164423 1 6 1.000000
  6 -0.084362 83.120659 -2.354635 -0.174778 0.899760 -0.399855 0.307557 0.116494 1 6 1.000000
  6 -0.391610 82.988930 -1.982618 -0.794831 0.606826 -0.002585 0.321554 0.158587 1 6 1.000000
hwn2024_triboniophorus
  6 -0.215614 83.247887 -1.711331 -0.775257 0.556435 -0.298926 0.285407 0.164423 1 6 1.000000
  6 -0.391610 82.988930 -1.982618 -0.794831 0.606826 -0.002585 0.321554 0.158587 1 6 1.000000
  6 -0.353676 82.985397 -1.430424 -0.956255 0.251201 -0.149916 0.308756 0.199675 1 6 1.000000
hwn2024_triboniophorus
  6 -0.215614 83.247887 -1.711331 -0.775257 0.556435 -0.298926 0.285407 0.164423 1 6 1.000000
  6 -0.353676 82.985397 -1.430424 -0.956255 0.251201 -0.149916 0.308756 0.199675 1 6 1.000000
  6 -0.353287 83.460526 -1.001843 -0.943013 0.222678 -0.247267 0.249874 0.223052 2 6 0.876001 7 0.123999
hwn2024_triboniophorus
  6 -0.535362 82.898613 -0.960997 -0.900620 0.287368 -0.326041 0.310213 0.237568 1 6 1.000000
  6 -0.353287 83.460526 -1.001843 -0.943013 0.222678 -0.247267 0.249874 0.223052 2 6 0.876001 7 0.123999
  6 -0.353676 82.985397 -1.430424 -0.956255 0.251201 -0.149916 0.308756 0.199675 1 6 1.000000
hwn2024_triboniophorus
  6 -0.215614 83.247887 -1.711331 -0.775257 0.556435 -0.298926 0.285407 0.164423 1 6 1.000000
  6 0.071127 83.334885 -2.028733 -0.379915 0.688625 -0.617625 0.273741 0.123058 1 6 1.000000
  6 -0.084362 83.120659 -2.354635 -0.174778 0.899760 -0.399855 0.307557 0.116494 1 6 1.000000
hwn2024_triboniophorus
  6 -0.215614 83.247887 -1.711331 -0.775257 0.556435 -0.298926 0.285407 0.164423 1 6 1.000000
  6 -0.353287 83.460526 -1.001843 -0.943013 0.222678 -0.247267 0.249874 0.223052 2 6 0.876001 7 0.123999
  6 -0.138525 83.625160 -1.454343 -0.815835 0.306195 -0.490569 0.238410 0.176665 2 6 0.854625 7 0.145375
hwn2024_triboniophorus
  6 0.204523 83.663795 -1.809736 -0.539501 0.391679 -0.745337 0.231796 0.129729 2 6 0.860324 7 0.139676
  6 -0.215614 83.247887 -1.711331 -0.775257 0.556435 -0.298926 0.285407 0.164423 1 6 1.000000
  6 -0.138525 83.625160 -1.454343 -0.815835 0.306195 -0.490569 0.238410 0.176665 2 6 0.854625 7 0.145375
hwn2024_triboniophorus
  6 0.204523 83.663795 -1.809736 -0.539501 0.391679 -0.745337 0.231796 0.129729 2 6 0.860324 7 0.139676
  6 0.071127 83.334885 -2.028733 -0.379915 0.688625 -0.617625 0.273741 0.123058 1 6 1.000000
  6 -0.215614 83.247887 -1.711331 -0.775257 0.556435 -0.298926 0.285407 0.164423 1 6 1.000000
hwn2024_triboniophorus
  6 0.653709 83.586945 -2.037077 -0.186041 0.234337 -0.954188 0.226802 0.083775 2 6 0.865264 7 0.134736
  6 0.071127 83.334885 -2.028733 -0.379915 0.688625 -0.617625 0.273741 0.123058 1 6 1.000000
  6 0.204523 83.663795 -1.809736 -0.539501 0.391679 -0.745337 0.231796 0.129729 2 6 0.860324 7 0.139676
hwn2024_triboniophorus
  6 0.653709 83.586945 -2.037077 -0.186041 0.234337 -0.954188 0.226802 0.083775 2 6 0.865264 7 0.134736
  6 0.514742 83.202904 -2.194949 0.043852 0.576444 -0.815959 0.268185 0.078481 1 6 1.000000
  6 0.071127 83.334885 -2.028733 -0.379915 0.688625 -0.617625 0.273741 0.123058 1 6 1.000000
hwn2024_triboniophorus
  6 0.514742 83.202904 -2.194949 0.043852 0.576444 -0.815959 0.268185 0.078481 1 6 1.000000
  6 -0.084362 83.120659 -2.354635 -0.174778 0.899760 -0.399855 0.307557 0.116494 1 6 1.000000
  6 0.071127 83.334885 -2.028733 -0.379915 0.688625 -0.617625 0.273741 0.123058 1 6 1.000000
hwn2024_triboniophorus
  6 0.514742 83.202904 -2.194949 0.043852 0.576444 -0.815959 0.268185 0.078481 1 6 1.000000
  6 0.444172 82.940536 -2.458575 0.443891 0.580420 -0.682695 0.300001 0.069625 1 6 1.000000
  6 -0.084362 83.120659 -2.354635 -0.174778 0.899760 -0.399855 0.307557 0.116494 1 6 1.000000
hwn2024_triboniophorus
  6 -0.084362 83.120659 -2.354635 -0.174778 0.899760 -0.399855 0.307557 0.116494 1 6 1.000000
  6 0.444172 82.940536 -2.458575 0.443891 0.580420 -0.682695 0.300001 0.069625 1 6 1.000000
  6 0.214765 82.851936 -2.745757 0.459638 0.640418 -0.615303 0.325979 0.077155 1 6 1.000000
hwn2024_triboniophorus
  6 -0.084362 83.120659 -2.354635 -0.174778 0.899760 -0.399855 0.307557 0.116494 1 6 1.000000
  6 0.214765 82.851936 -2.745757 0.459638 0.640418 -0.615303 0.325979 0.077155 1 6 1.000000
  6 -0.226044 82.976242 -2.665948 -0.106989 0.937829 -0.330197 0.331412 0.111120 1 6 1.000000
hwn2024_triboniophorus
  6 -0.226044 82.976242 -2.665948 -0.106989 0.937829 -0.330197 0.331412 0.111120 1 6 1.000000
  6 0.214765 82.851936 -2.745757 0.459638 0.640418 -0.615303 0.325979 0.077155 1 6 1.000000
  6 -0.017829 82.752075 -3.014868 0.352372 0.572130 -0.740608 0.346710 0.082303 1 6 1.000000
hwn2024_triboniophorus
  6 -0.226044 82.976242 -2.665948 -0.106989 0.937829 -0.330197 0.331412 0.111120 1 6 1.000000
  6 -0.017829 82.752075 -3.014868 0.352372 0.572130 -0.740608 0.346710 0.082303 1 6 1.000000
  6 -0.360321 82.861938 -2.892125 -0.174778 0.899760 -0.399855 0.348497 0.106776 1 6 1.000000
hwn2024_triboniophorus
  6 -0.360321 82.861938 -2.892125 -0.174778 0.899760 -0.399855 0.348497 0.106776 1 6 1.000000
  6 -0.017829 82.752075 -3.014868 0.352372 0.572130 -0.740608 0.346710 0.082303 1 6 1.000000
  6 -0.229983 82.662720 -3.135452 0.062085 0.332583 -0.941028 0.360206 0.089293 1 6 1.000000
hwn2024_triboniophorus
  6 -0.360321 82.861938 -2.892125 -0.174778 0.899760 -0.399855 0.348497 0.106776 1 6 1.000000
  6 -0.229983 82.662720 -3.135452 0.062085 0.332583 -0.941028 0.360206 0.089293 1 6 1.000000
  6 -0.485775 82.655640 -3.068954 -0.429249 0.437830 -0.789969 0.365773 0.102657 1 6 1.000000
hwn2024_triboniophorus
  6 -0.206651 83.235794 0.247602 -0.858494 -0.041079 0.511176 0.248147 0.348698 2 6 0.837000 7 0.163000
  6 -0.465182 83.033112 -0.114491 -0.789371 0.443169 0.424847 0.281416 0.311060 1 6 1.000000
  6 -0.255140 82.834801 0.198165 -0.626346 0.269269 0.731563 0.285007 0.350597 1 6 1.000000
hwn2024_triboniophorus
  6 -0.206651 83.235794 0.247602 -0.858494 -0.041079 0.511176 0.248147 0.348698 2 6 0.837000 7 0.163000
  6 -0.359910 83.387451 -0.105522 -0.952489 0.087113 0.291848 0.244957 0.308913 2 6 0.833710 7 0.166290
  6 -0.465182 83.033112 -0.114491 -0.789371 0.443169 0.424847 0.281416 0.311060 1 6 1.000000
hwn2024_triboniophorus
  6 -0.359910 83.387451 -0.105522 -0.952489 0.087113 0.291848 0.244957 0.308913 2 6 0.833710 7 0.166290
  6 -0.554581 83.036125 -0.538468 -0.881732 0.470600 -0.032942 0.288820 0.273549 1 6 1.000000
  6 -0.465182 83.033112 -0.114491 -0.789371 0.443169 0.424847 0.281416 0.311060 1 6 1.000000
hwn2024_triboniophorus
  6 -0.359910 83.387451 -0.105522 -0.952489 0.087113 0.291848 0.244957 0.308913 2 6 0.833710 7 0.166290
  6 -0.418318 83.476563 -0.522053 -0.987329 0.155862 -0.029798 0.243808 0.267069 2 6 0.847224 7 0.152776
  6 -0.554581 83.036125 -0.538468 -0.881732 0.470600 -0.032942 0.288820 0.273549 1 6 1.000000
hwn2024_triboniophorus
  6 -0.353287 83.460526 -1.001843 -0.943013 0.222678 -0.247267 0.249874 0.223052 2 6 0.876001 7 0.123999
  6 -0.554581 83.036125 -0.538468 -0.881732 0.470600 -0.032942 0.288820 0.273549 1 6 1.000000
  6 -0.418318 83.476563 -0.522053 -0.987329 0.155862 -0.029798 0.243808 0.267069 2 6 0.847224 7 0.152776
hwn2024_triboniophorus
  6 -0.293261 84.118019 -0.903454 -0.936598 0.151322 -0.316048 0.185391 0.226057 2 6 0.662272 7 0.337728
  6 -0.353287 83.460526 -1.001843 -0.943013 0.222678 -0.247267 0.249874 0.223052 2 6 0.876001 7 0.123999
  6 -0.418318 83.476563 -0.522053 -0.987329 0.155862 -0.029798 0.243808 0.267069 2 6 0.847224 7 0.152776
hwn2024_triboniophorus
  6 -0.293261 84.118019 -0.903454 -0.936598 0.151322 -0.316048 0.185391 0.226057 2 6 0.662272 7 0.337728
  6 -0.138525 83.625160 -1.454343 -0.815835 0.306195 -0.490569 0.238410 0.176665 2 6 0.854625 7 0.145375
  6 -0.353287 83.460526 -1.001843 -0.943013 0.222678 -0.247267 0.249874 0.223052 2 6 0.876001 7 0.123999
hwn2024_triboniophorus
  6 -0.293261 84.118019 -0.903454 -0.936598 0.151322 -0.316048 0.185391 0.226057 2 6 0.662272 7 0.337728
  6 0.029810 84.180565 -1.465085 -0.752209 0.167847 -0.637188 0.181380 0.168117 2 6 0.670824 7 0.329176
  6 -0.138525 83.625160 -1.454343 -0.815835 0.306195 -0.490569 0.238410 0.176665 2 6 0.854625 7 0.145375
hwn2024_triboniophorus
  6 0.029810 84.180565 -1.465085 -0.752209 0.167847 -0.637188 0.181380 0.168117 2 6 0.670824 7 0.329176
  6 0.204523 83.663795 -1.809736 -0.539501 0.391679 -0.745337 0.231796 0.129729 2 6 0.860324 7 0.139676
  6 -0.138525 83.625160 -1.454343 -0.815835 0.306195 -0.490569 0.238410 0.176665 2 6 0.854625 7 0.145375
hwn2024_triboniophorus
  6 0.029810 84.180565 -1.465085 -0.752209 0.167847 -0.637188 0.181380 0.168117 2 6 0.670824 7 0.329176
  6 0.647514 84.145309 -1.955653 -0.470911 0.125107 -0.873264 0.176440 0.097886 2 6 0.709670 7 0.290330
  6 0.204523 83.663795 -1.809736 -0.539501 0.391679 -0.745337 0.231796 0.129729 2 6 0.860324 7 0.139676
hwn2024_triboniophorus
  6 0.204523 83.663795 -1.809736 -0.539501 0.391679 -0.745337 0.231796 0.129729 2 6 0.860324 7 0.139676
  6 0.647514 84.145309 -1.955653 -0.470911 0.125107 -0.873264 0.176440 0.097886 2 6 0.709670 7 0.290330
  6 0.653709 83.586945 -2.037077 -0.186041 0.234337 -0.954188 0.226802 0.083775 2 6 0.865264 7 0.134736
hwn2024_triboniophorus
  6 1.247805 84.037308 -2.125513 -0.040885 0.045758 -0.998115 0.172937 0.043959 2 6 0.687970 7 0.312030
  6 0.653709 83.586945 -2.037077 -0.186041 0.234337 -0.954188 0.226802 0.083775 2 6 0.865264 7 0.134736
  6 0.647514 84.145309 -1.955653 -0.470911 0.125107 -0.873264 0.176440 0.097886 2 6 0.709670 7 0.290330
hwn2024_triboniophorus
  6 1.247805 84.037308 -2.125513 -0.040885 0.045758 -0.998115 0.172937 0.043959 2 6 0.687970 7 0.312030
  6 1.098572 83.353729 -2.122384 -0.003702 0.126984 -0.991898 0.229354 0.043959 2 6 0.882794 7 0.117206
  6 0.653709 83.586945 -2.037077 -0.186041 0.234337 -0.954188 0.226802 0.083775 2 6 0.865264 7 0.134736
hwn2024_triboniophorus
  6 0.514742 83.202904 -2.194949 0.043852 0.576444 -0.815959 0.268185 0.078481 1 6 1.000000
  6 0.653709 83.586945 -2.037077 -0.186041 0.234337 -0.954188 0.226802 0.083775 2 6 0.865264 7 0.134736
  6 1.098572 83.353729 -2.122384 -0.003702 0.126984 -0.991898 0.229354 0.043959 2 6 0.882794 7 0.117206
hwn2024_triboniophorus
  6 0.514742 83.202904 -2.194949 0.043852 0.576444 -0.815959 0.268185 0.078481 1 6 1.000000
  6 1.098572 83.353729 -2.122384 -0.003702 0.126984 -0.991898 0.229354 0.043959 2 6 0.882794 7 0.117206
  6 0.830063 82.902260 -2.196109 0.272614 0.182310 -0.944693 0.274721 0.043959 1 6 1.000000
hwn2024_triboniophorus
  6 0.514742 83.202904 -2.194949 0.043852 0.576444 -0.815959 0.268185 0.078481 1 6 1.000000
  6 0.830063 82.902260 -2.196109 0.272614 0.182310 -0.944693 0.274721 0.043959 1 6 1.000000
  6 0.444172 82.940536 -2.458575 0.443891 0.580420 -0.682695 0.300001 0.069625 1 6 1.000000
hwn2024_triboniophorus
  6 0.830063 82.902260 -2.196109 0.272614 0.182310 -0.944693 0.274721 0.043959 1 6 1.000000
  6 0.593569 82.616478 -2.403012 0.678760 0.123258 -0.723942 0.307341 0.034334 1 6 1.000000
  6 0.444172 82.940536 -2.458575 0.443891 0.580420 -0.682695 0.300001 0.069625 1 6 1.000000
hwn2024_triboniophorus
  6 0.444172 82.940536 -2.458575 0.443891 0.580420 -0.682695 0.300001 0.069625 1 6 1.000000
  6 0.593569 82.616478 -2.403012 0.678760 0.123258 -0.723942 0.307341 0.034334 1 6 1.000000
  6 0.356472 82.613007 -2.715589 0.675449 0.304176 -0.671748 0.331795 0.049344 1 6 1.000000
hwn2024_triboniophorus
  6 0.857210 85.325104 -1.892873 -0.443992 0.251549 -0.859997 0.074016 0.102213 2 6 0.508211 7 0.491789
  6 0.647514 84.145309 -1.955653 -0.470911 0.125107 -0.873264 0.176440 0.097886 2 6 0.709670 7 0.290330
  6 0.029810 84.180565 -1.465085 -0.752209 0.167847 -0.637188 0.181380 0.168117 2 6 0.670824 7 0.329176
hwn2024_triboniophorus
  6 -0.293261 84.118019 -0.903454 -0.936598 0.151322 -0.316048 0.185391 0.226057 2 6 0.662272 7 0.337728
  6 -0.418318 83.476563 -0.522053 -0.987329 0.155862 -0.029798 0.243808 0.267069 2 6 0.847224 7 0.152776
  6 -0.368801 84.044167 -0.381194 -0.995781 0.078774 -0.047069 0.186892 0.274093 2 6 0.646704 7 0.353296
hwn2024_triboniophorus
  6 -0.368801 84.044167 -0.381194 -0.995781 0.078774 -0.047069 0.186892 0.274093 2 6 0.646704 7 0.353296
  6 -0.418318 83.476563 -0.522053 -0.987329 0.155862 -0.029798 0.243808 0.267069 2 6 0.847224 7 0.152776
  6 -0.359910 83.387451 -0.105522 -0.952489 0.087113 0.291848 0.244957 0.308913 2 6 0.833710 7 0.166290
hwn2024_triboniophorus
  6 0.830063 82.902260 -2.196109 0.272614 0.182310 -0.944693 0.274721 0.043959 1 6 1.000000
  6 0.789516 82.526527 -2.145323 0.307612 -0.132880 -0.942188 0.288274 0.019057 1 6 1.000000
  6 0.593569 82.616478 -2.403012 0.678760 0.123258 -0.723942 0.307341 0.034334 1 6 1.000000
hwn2024_triboniophorus
  6 -0.367641 84.287247 -0.204525 -0.985747 0.162845 0.042245 0.163427 0.287655 2 6 0.529200 7 0.470800
  6 -0.107195 85.354324 -0.713290 -0.919717 0.303044 -0.249570 0.074016 0.231779 2 6 0.504997 7 0.495003
  6 -0.293261 84.118019 -0.903454 -0.936598 0.151322 -0.316048 0.185391 0.226057 2 6 0.662272 7 0.337728
hwn2024_triboniophorus
  6 0.029810 84.180565 -1.465085 -0.752209 0.167847 -0.637188 0.181380 0.168117 2 6 0.670824 7 0.329176
  6 -0.293261 84.118019 -0.903454 -0.936598 0.151322 -0.316048 0.185391 0.226057 2 6 0.662272 7 0.337728
  6 -0.107195 85.354324 -0.713290 -0.919717 0.303044 -0.249570 0.074016 0.231779 2 6 0.504997 7 0.495003
hwn2024_triboniophorus
  6 0.029810 84.180565 -1.465085 -0.752209 0.167847 -0.637188 0.181380 0.168117 2 6 0.670824 7 0.329176
  6 -0.107195 85.354324 -0.713290 -0.919717 0.303044 -0.249570 0.074016 0.231779 2 6 0.504997 7 0.495003
  6 0.193140 85.404861 -1.352970 -0.740820 0.287763 -0.606942 0.074016 0.173043 2 6 0.506502 7 0.493498
hwn2024_triboniophorus
  6 0.857210 85.325104 -1.892873 -0.443992 0.251549 -0.859997 0.074016 0.102213 2 6 0.508211 7 0.491789
  6 0.029810 84.180565 -1.465085 -0.752209 0.167847 -0.637188 0.181380 0.168117 2 6 0.670824 7 0.329176
  6 0.193140 85.404861 -1.352970 -0.740820 0.287763 -0.606942 0.074016 0.173043 2 6 0.506502 7 0.493498
hwn2024_triboniophorus
  6 0.193140 85.404861 -1.352970 -0.740820 0.287763 -0.606942 0.074016 0.173043 2 6 0.506502 7 0.493498
  6 0.904480 85.514267 -1.844949 -0.416869 0.334241 -0.845283 0.057042 0.102549 2 6 0.500917 7 0.499083
  6 0.857210 85.325104 -1.892873 -0.443992 0.251549 -0.859997 0.074016 0.102213 2 6 0.508211 7 0.491789
hwn2024_triboniophorus
  6 0.857210 85.325104 -1.892873 -0.443992 0.251549 -0.859997 0.074016 0.102213 2 6 0.508211 7 0.491789
  6 0.904480 85.514267 -1.844949 -0.416869 0.334241 -0.845283 0.057042 0.102549 2 6 0.500917 7 0.499083
  6 1.537672 85.349113 -2.027015 0.030913 0.267256 -0.963130 0.060249 0.043959 2 6 0.500781 7 0.499219
hwn2024_triboniophorus
  6 0.857210 85.325104 -1.892873 -0.443992 0.251549 -0.859997 0.074016 0.102213 2 6 0.508211 7 0.491789
  6 1.537672 85.349113 -2.027015 0.030913 0.267256 -0.963130 0.060249 0.043959 2 6 0.500781 7 0.499219
  6 1.500278 85.191483 -2.079350 -0.008694 0.192110 -0.981335 0.074016 0.043959 2 6 0.507351 7 0.492649
hwn2024_triboniophorus
  6 1.500278 85.191483 -2.079350 -0.008694 0.192110 -0.981335 0.074016 0.043959 2 6 0.507351 7 0.492649
  6 0.647514 84.145309 -1.955653 -0.470911 0.125107 -0.873264 0.176440 0.097886 2 6 0.709670 7 0.290330
  6 0.857210 85.325104 -1.892873 -0.443992 0.251549 -0.859997 0.074016 0.102213 2 6 0.508211 7 0.491789
hwn2024_triboniophorus
  6 1.500278 85.191483 -2.079350 -0.008694 0.192110 -0.981335 0.074016 0.043959 2 6 0.507351 7 0.492649
  6 1.247805 84.037308 -2.125513 -0.040885 0.045758 -0.998115 0.172937 0.043959 2 6 0.687970 7 0.312030
  6 0.647514 84.145309 -1.955653 -0.470911 0.125107 -0.873264 0.176440 0.097886 2 6 0.709670 7 0.290330
hwn2024_triboniophorus
  6 0.193140 85.404861 -1.352970 -0.740820 0.287763 -0.606942 0.074016 0.173043 2 6 0.506502 7 0.493498
  6 0.255632 85.603973 -1.301404 -0.717836 0.380397 -0.583104 0.056116 0.173395 2 6 0.500684 7 0.499316
  6 0.904480 85.514267 -1.844949 -0.416869 0.334241 -0.845283 0.057042 0.102549 2 6 0.500917 7 0.499083
hwn2024_triboniophorus
  6 0.193140 85.404861 -1.352970 -0.740820 0.287763 -0.606942 0.074016 0.173043 2 6 0.506502 7 0.493498
  6 -0.024483 85.569336 -0.666025 -0.901424 0.386581 -0.194912 0.054377 0.232076 2 6 0.500532 7 0.499468
  6 0.255632 85.603973 -1.301404 -0.717836 0.380397 -0.583104 0.056116 0.173395 2 6 0.500684 7 0.499316
hwn2024_triboniophorus
  6 0.193140 85.404861 -1.352970 -0.740820 0.287763 -0.606942 0.074016 0.173043 2 6 0.506502 7 0.493498
  6 -0.107195 85.354324 -0.713290 -0.919717 0.303044 -0.249570 0.074016 0.231779 2 6 0.504997 7 0.495003
  6 -0.024483 85.569336 -0.666025 -0.901424 0.386581 -0.194912 0.054377 0.232076 2 6 0.500532 7 0.499468
hwn2024_triboniophorus
  6 -0.107195 85.354324 -0.713290 -0.919717 0.303044 -0.249570 0.074016 0.231779 2 6 0.504997 7 0.495003
  6 -0.060617 85.481354 -0.073315 -0.925928 0.356675 0.124259 0.052679 0.284228 2 6 0.500539 7 0.499461
  6 -0.024483 85.569336 -0.666025 -0.901424 0.386581 -0.194912 0.054377 0.232076 2 6 0.500532 7 0.499468
hwn2024_triboniophorus
  6 -0.350780 84.045410 0.110480 -0.989634 -0.104237 0.098787 0.179802 0.317599 2 6 0.530731 7 0.469269
  6 -0.367641 84.287247 -0.204525 -0.985747 0.162845 0.042245 0.163427 0.287655 2 6 0.529200 7 0.470800
  6 -0.310995 83.925179 0.040919 -0.945761 -0.324475 -0.015906 0.191937 0.313927 2 6 0.606547 7 0.393453
hwn2024_triboniophorus
  6 -0.350780 84.045410 0.110480 -0.989634 -0.104237 0.098787 0.179802 0.317599 2 6 0.530731 7 0.469269
  6 -0.318325 84.160950 0.217698 -0.923862 0.281025 0.259815 0.168483 0.324968 2 6 0.506838 7 0.493162
  6 -0.367641 84.287247 -0.204525 -0.985747 0.162845 0.042245 0.163427 0.287655 2 6 0.529200 7 0.470800
hwn2024_triboniophorus
  6 -0.318325 84.160950 0.217698 -0.923862 0.281025 0.259815 0.168483 0.324968 2 6 0.506838 7 0.493162
  6 -0.350780 84.045410 0.110480 -0.989634 -0.104237 0.098787 0.179802 0.317599 2 6 0.530731 7 0.469269
  6 -0.147717 83.707771 0.626094 -0.858225 -0.255022 0.445437 0.196703 0.368357 2 6 0.545316 7 0.454684
hwn2024_triboniophorus
  6 -0.350780 84.045410 0.110480 -0.989634 -0.104237 0.098787 0.179802 0.317599 2 6 0.530731 7 0.469269
  6 -0.310995 83.925179 0.040919 -0.945761 -0.324475 -0.015906 0.191937 0.313927 2 6 0.606547 7 0.393453
  6 -0.147717 83.707771 0.626094 -0.858225 -0.255022 0.445437 0.196703 0.368357 2 6 0.545316 7 0.454684
hwn2024_triboniophorus
  6 -0.310995 83.925179 0.040919 -0.945761 -0.324475 -0.015906 0.191937 0.313927 2 6 0.606547 7 0.393453
  6 -0.184549 83.624580 0.387615 -0.880994 -0.431271 0.194563 0.210749 0.351376 2 6 0.639439 7 0.360561
  6 -0.147717 83.707771 0.626094 -0.858225 -0.255022 0.445437 0.196703 0.368357 2 6 0.545316 7 0.454684
hwn2024_triboniophorus
  6 0.012058 83.442787 0.664056 -0.736410 -0.524667 0.427112 0.218201 0.384492 2 6 0.614954 7 0.385046
  6 -0.147717 83.707771 0.626094 -0.858225 -0.255022 0.445437 0.196703 0.368357 2 6 0.545316 7 0.454684
  6 -0.184549 83.624580 0.387615 -0.880994 -0.431271 0.194563 0.210749 0.351376 2 6 0.639439 7 0.360561
hwn2024_triboniophorus
  6 0.272284 83.502731 1.007821 -0.485057 -0.409612 0.772617 0.201272 0.416962 2 6 0.538931 7 0.461069
  6 -0.147717 83.707771 0.626094 -0.858225 -0.255022 0.445437 0.196703 0.368357 2 6 0.545316 7 0.454684
  6 0.012058 83.442787 0.664056 -0.736410 -0.524667 0.427112 0.218201 0.384492 2 6 0.614954 7 0.385046
hwn2024_triboniophorus
  6 0.272284 83.502731 1.007821 -0.485057 -0.409612 0.772617 0.201272 0.416962 2 6 0.538931 7 0.461069
  6 0.012058 83.442787 0.664056 -0.736410 -0.524667 0.427112 0.218201 0.384492 2 6 0.614954 7 0.385046
  6 0.289583 83.341408 0.866659 -0.429377 -0.591323 0.682622 0.219361 0.416077 2 6 0.594017 7 0.405983
hwn2024_triboniophorus
  6 -0.156891 84.598915 0.227650 -0.911882 0.170048 0.373569 0.127793 0.322181 2 6 0.503713 7 0.496287
  6 0.033663 84.284256 0.734023 -0.694886 0.399878 0.597687 0.146866 0.372583 2 6 0.500404 7 0.499596
  6 0.288109 84.520454 0.862159 -0.640979 0.133281 0.755898 0.121678 0.390262 2 6 0.500010 7 0.499990
hwn2024_triboniophorus
  6 -0.156891 84.598915 0.227650 -0.911882 0.170048 0.373569 0.127793 0.322181 2 6 0.503713 7 0.496287
  6 -0.229198 84.309814 0.223782 -0.863971 0.360793 0.351258 0.153640 0.324854 2 6 0.504677 7 0.495323
  6 0.033663 84.284256 0.734023 -0.694886 0.399878 0.597687 0.146866 0.372583 2 6 0.500404 7 0.499596
hwn2024_triboniophorus
  6 -0.229198 84.309814 0.223782 -0.863971 0.360793 0.351258 0.153640 0.324854 2 6 0.504677 7 0.495323
  6 -0.080629 84.119904 0.748834 -0.701864 0.311908 0.640390 0.162641 0.371421 2 6 0.501093 7 0.498907
  6 0.033663 84.284256 0.734023 -0.694886 0.399878 0.597687 0.146866 0.372583 2 6 0.500404 7 0.499596
hwn2024_triboniophorus
  6 -0.229198 84.309814 0.223782 -0.863971 0.360793 0.351258 0.153640 0.324854 2 6 0.504677 7 0.495323
  6 -0.318325 84.160950 0.217698 -0.923862 0.281025 0.259815 0.168483 0.324968 2 6 0.506838 7 0.493162
  6 -0.080629 84.119904 0.748834 -0.701864 0.311908 0.640390 0.162641 0.371421 2 6 0.501093 7 0.498907
hwn2024_triboniophorus
  6 -0.318325 84.160950 0.217698 -0.923862 0.281025 0.259815 0.168483 0.324968 2 6 0.506838 7 0.493162
  6 -0.150932 83.902481 0.716311 -0.790178 -0.029035 0.612189 0.180143 0.370237 2 6 0.507032 7 0.492968
  6 -0.080629 84.119904 0.748834 -0.701864 0.311908 0.640390 0.162641 0.371421 2 6 0.501093 7 0.498907
hwn2024_triboniophorus
  6 -0.318325 84.160950 0.217698 -0.923862 0.281025 0.259815 0.168483 0.324968 2 6 0.506838 7 0.493162
  6 -0.147717 83.707771 0.626094 -0.858225 -0.255022 0.445437 0.196703 0.368357 2 6 0.545316 7 0.454684
  6 -0.150932 83.902481 0.716311 -0.790178 -0.029035 0.612189 0.180143 0.370237 2 6 0.507032 7 0.492968
hwn2024_triboniophorus
  6 0.292421 83.758064 1.100458 -0.432106 -0.091119 0.897208 0.179919 0.416855 2 6 0.505917 7 0.494083
  6 -0.150932 83.902481 0.716311 -0.790178 -0.029035 0.612189 0.180143 0.370237 2 6 0.507032 7 0.492968
  6 -0.147717 83.707771 0.626094 -0.858225 -0.255022 0.445437 0.196703 0.368357 2 6 0.545316 7 0.454684
hwn2024_triboniophorus
  6 0.292421 83.758064 1.100458 -0.432106 -0.091119 0.897208 0.179919 0.416855 2 6 0.505917 7 0.494083
  6 -0.147717 83.707771 0.626094 -0.858225 -0.255022 0.445437 0.196703 0.368357 2 6 0.545316 7 0.454684
  6 0.272284 83.502731 1.007821 -0.485057 -0.409612 0.772617 0.201272 0.416962 2 6 0.538931 7 0.461069
hwn2024_triboniophorus
  6 0.292421 83.758064 1.100458 -0.432106 -0.091119 0.897208 0.179919 0.416855 2 6 0.505917 7 0.494083
  6 0.272284 83.502731 1.007821 -0.485057 -0.409612 0.772617 0.201272 0.416962 2 6 0.538931 7 0.461069
  6 0.649805 83.462784 1.131830 -0.217791 -0.427940 0.877174 0.197583 0.449733 2 6 0.523136 7 0.476864
hwn2024_triboniophorus
  6 0.289583 83.341408 0.866659 -0.429377 -0.591323 0.682622 0.219361 0.416077 2 6 0.594017 7 0.405983
  6 0.649805 83.462784 1.131830 -0.217791 -0.427940 0.877174 0.197583 0.449733 2 6 0.523136 7 0.476864
  6 0.272284 83.502731 1.007821 -0.485057 -0.409612 0.772617 0.201272 0.416962 2 6 0.538931 7 0.461069
hwn2024_triboniophorus
  6 0.664427 83.307693 1.027985 -0.178307 -0.554976 0.812532 0.213101 0.452219 2 6 0.536228 7 0.463772
  6 0.649805 83.462784 1.131830 -0.217791 -0.427940 0.877174 0.197583 0.449733 2 6 0.523136 7 0.476864
  6 0.289583 83.341408 0.866659 -0.429377 -0.591323 0.682622 0.219361 0.416077 2 6 0.594017 7 0.405983
hwn2024_triboniophorus
  6 0.649805 83.462784 1.131830 -0.217791 -0.427940 0.877174 0.197583 0.449733 2 6 0.523136 7 0.476864
  6 0.664427 83.307693 1.027985 -0.178307 -0.554976 0.812532 0.213101 0.452219 2 6 0.536228 7 0.463772
  6 0.972401 83.373550 1.085611 0.000717 -0.557585 0.830119 0.201390 0.478745 2 6 0.506022 7 0.493978
hwn2024_triboniophorus
  6 0.649805 83.462784 1.131830 -0.217791 -0.427940 0.877174 0.197583 0.449733 2 6 0.523136 7 0.476864
  6 0.972401 83.373550 1.085611 0.000717 -0.557585 0.830119 0.201390 0.478745 2 6 0.506022 7 0.493978
  6 1.014269 83.484657 1.158735 0.012669 -0.420113 0.907383 0.189262 0.480024 2 6 0.502716 7 0.497284
hwn2024_triboniophorus
  6 0.972401 83.373550 1.085611 0.000717 -0.557585 0.830119 0.201390 0.478745 2 6 0.506022 7 0.493978
  6 1.229662 83.449974 1.103725 -0.054978 -0.398672 0.915444 0.189661 0.500279 2 6 0.501215 7 0.498785
  6 1.014269 83.484657 1.158735 0.012669 -0.420113 0.907383 0.189262 0.480024 2 6 0.502716 7 0.497284
hwn2024_triboniophorus
  6 0.033663 84.284256 0.734023 -0.694886 0.399878 0.597687 0.146866 0.372583 2 6 0.500404 7 0.499596
  6 0.370024 84.097031 1.107858 -0.379623 0.186835 0.906079 0.153101 0.415887 2 6 0.500495 7 0.499505
  6 0.448137 84.279877 1.054638 -0.312346 0.380388 0.870486 0.136664 0.415686 2 6 0.500018 7 0.499982
hwn2024_triboniophorus
  6 0.033663 84.284256 0.734023 -0.694886 0.399878 0.597687 0.146866 0.372583 2 6 0.500404 7 0.499596
  6 -0.080629 84.119904 0.748834 -0.701864 0.311908 0.640390 0.162641 0.371421 2 6 0.501093 7 0.498907
  6 0.370024 84.097031 1.107858 -0.379623 0.186835 0.906079 0.153101 0.415887 2 6 0.500495 7 0.499505
hwn2024_triboniophorus
  6 -0.080629 84.119904 0.748834 -0.701864 0.311908 0.640390 0.162641 0.371421 2 6 0.501093 7 0.498907
  6 0.292421 83.758064 1.100458 -0.432106 -0.091119 0.897208 0.179919 0.416855 2 6 0.505917 7 0.494083
  6 0.370024 84.097031 1.107858 -0.379623 0.186835 0.906079 0.153101 0.415887 2 6 0.500495 7 0.499505
hwn2024_triboniophorus
  6 -0.080629 84.119904 0.748834 -0.701864 0.311908 0.640390 0.162641 0.371421 2 6 0.501093 7 0.498907
  6 -0.150932 83.902481 0.716311 -0.790178 -0.029035 0.612189 0.180143 0.370237 2 6 0.507032 7 0.492968
  6 0.292421 83.758064 1.100458 -0.432106 -0.091119 0.897208 0.179919 0.416855 2 6 0.505917 7 0.494083
hwn2024_triboniophorus
  6 0.033663 84.284256 0.734023 -0.694886 0.399878 0.597687 0.146866 0.372583 2 6 0.500404 7 0.499596
  6 0.551678 84.459137 1.020766 -0.420218 0.090888 0.902860 0.119393 0.417933 2 6 0.500000 7 0.500000
  6 0.288109 84.520454 0.862159 -0.640979 0.133281 0.755898 0.121678 0.390262 2 6 0.500010 7 0.499990
hwn2024_triboniophorus
  6 0.448137 84.279877 1.054638 -0.312346 0.380388 0.870486 0.136664 0.415686 2 6 0.500018 7 0.499982
  6 0.551678 84.459137 1.020766 -0.420218 0.090888 0.902860 0.119393 0.417933 2 6 0.500000 7 0.500000
  6 0.033663 84.284256 0.734023 -0.694886 0.399878 0.597687 0.146866 0.372583 2 6 0.500404 7 0.499596
hwn2024_triboniophorus
  6 0.774572 84.202599 1.152734 -0.072262 0.306511 0.949120 0.134356 0.445418 2 6 0.500008 7 0.499992
  6 0.551678 84.459137 1.020766 -0.420218 0.090888 0.902860 0.119393 0.417933 2 6 0.500000 7 0.500000
  6 0.448137 84.279877 1.054638 -0.312346 0.380388 0.870486 0.136664 0.415686 2 6 0.500018 7 0.499982
hwn2024_triboniophorus
  6 0.448137 84.279877 1.054638 -0.312346 0.380388 0.870486 0.136664 0.415686 2 6 0.500018 7 0.499982
  6 0.732794 84.030090 1.211960 -0.117420 0.133308 0.984094 0.149814 0.446664 2 6 0.500261 7 0.499739
  6 0.774572 84.202599 1.152734 -0.072262 0.306511 0.949120 0.134356 0.445418 2 6 0.500008 7 0.499992
hwn2024_triboniophorus
  6 0.448137 84.279877 1.054638 -0.312346 0.380388 0.870486 0.136664 0.415686 2 6 0.500018 7 0.499982
  6 0.370024 84.097031 1.107858 -0.379623 0.186835 0.906079 0.153101 0.415887 2 6 0.500495 7 0.499505
  6 0.732794 84.030090 1.211960 -0.117420 0.133308 0.984094 0.149814 0.446664 2 6 0.500261 7 0.499739
hwn2024_triboniophorus
  6 0.370024 84.097031 1.107858 -0.379623 0.186835 0.906079 0.153101 0.415887 2 6 0.500495 7 0.499505
  6 0.674181 83.707359 1.210920 -0.184390 -0.120379 0.975453 0.176375 0.448393 2 6 0.503362 7 0.496638
  6 0.732794 84.030090 1.211960 -0.117420 0.133308 0.984094 0.149814 0.446664 2 6 0.500261 7 0.499739
hwn2024_triboniophorus
  6 0.370024 84.097031 1.107858 -0.379623 0.186835 0.906079 0.153101 0.415887 2 6 0.500495 7 0.499505
  6 0.292421 83.758064 1.100458 -0.432106 -0.091119 0.897208 0.179919 0.416855 2 6 0.505917 7 0.494083
  6 0.674181 83.707359 1.210920 -0.184390 -0.120379 0.975453 0.176375 0.448393 2 6 0.503362 7 0.496638
hwn2024_triboniophorus
  6 0.292421 83.758064 1.100458 -0.432106 -0.091119 0.897208 0.179919 0.416855 2 6 0.505917 7 0.494083
  6 0.649805 83.462784 1.131830 -0.217791 -0.427940 0.877174 0.197583 0.449733 2 6 0.523136 7 0.476864
  6 0.674181 83.707359 1.210920 -0.184390 -0.120379 0.975453 0.176375 0.448393 2 6 0.503362 7 0.496638
hwn2024_triboniophorus
  6 0.674181 83.707359 1.210920 -0.184390 -0.120379 0.975453 0.176375 0.448393 2 6 0.503362 7 0.496638
  6 0.649805 83.462784 1.131830 -0.217791 -0.427940 0.877174 0.197583 0.449733 2 6 0.523136 7 0.476864
  6 1.014269 83.484657 1.158735 0.012669 -0.420113 0.907383 0.189262 0.480024 2 6 0.502716 7 0.497284
hwn2024_triboniophorus
  6 1.427889 83.271591 1.068563 -0.178946 -0.517354 0.836853 0.201422 0.521851 2 6 0.506015 7 0.493985
  6 1.760164 83.214226 1.090267 0.076759 -0.493874 0.866139 0.197629 0.550940 2 6 0.523130 7 0.476870
  6 1.442633 83.388756 1.142698 -0.125692 -0.389140 0.912563 0.189276 0.520560 2 6 0.502715 7 0.497285
hwn2024_triboniophorus
  6 1.427889 83.271591 1.068563 -0.178946 -0.517354 0.836853 0.201422 0.521851 2 6 0.506015 7 0.493985
  6 1.442633 83.388756 1.142698 -0.125692 -0.389140 0.912563 0.189276 0.520560 2 6 0.502715 7 0.497285
  6 1.229662 83.449974 1.103725 -0.054978 -0.398672 0.915444 0.189661 0.500279 2 6 0.501215 7 0.498785
hwn2024_triboniophorus
  6 1.256601 83.565887 1.130291 0.004589 -0.144972 0.989425 0.178442 0.500279 2 6 0.500306 7 0.499694
  6 1.229662 83.449974 1.103725 -0.054978 -0.398672 0.915444 0.189661 0.500279 2 6 0.501215 7 0.498785
  6 1.442633 83.388756 1.142698 -0.125692 -0.389140 0.912563 0.189276 0.520560 2 6 0.502715 7 0.497285
hwn2024_triboniophorus
  6 1.014269 83.484657 1.158735 0.012669 -0.420113 0.907383 0.189262 0.480024 2 6 0.502716 7 0.497284
  6 1.229662 83.449974 1.103725 -0.054978 -0.398672 0.915444 0.189661 0.500279 2 6 0.501215 7 0.498785
  6 1.256601 83.565887 1.130291 0.004589 -0.144972 0.989425 0.178442 0.500279 2 6 0.500306 7 0.499694
hwn2024_triboniophorus
  6 1.014269 83.484657 1.158735 0.012669 -0.420113 0.907383 0.189262 0.480024 2 6 0.502716 7 0.497284
  6 1.256601 83.565887 1.130291 0.004589 -0.144972 0.989425 0.178442 0.500279 2 6 0.500306 7 0.499694
  6 1.033171 83.621674 1.211279 0.051584 -0.154258 0.986683 0.176685 0.478926 2 6 0.500445 7 0.499555
hwn2024_triboniophorus
  6 0.674181 83.707359 1.210920 -0.184390 -0.120379 0.975453 0.176375 0.448393 2 6 0.503362 7 0.496638
  6 1.014269 83.484657 1.158735 0.012669 -0.420113 0.907383 0.189262 0.480024 2 6 0.502716 7 0.497284
  6 1.033171 83.621674 1.211279 0.051584 -0.154258 0.986683 0.176685 0.478926 2 6 0.500445 7 0.499555
hwn2024_triboniophorus
  6 0.674181 83.707359 1.210920 -0.184390 -0.120379 0.975453 0.176375 0.448393 2 6 0.503362 7 0.496638
  6 1.033171 83.621674 1.211279 0.051584 -0.154258 0.986683 0.176685 0.478926 2 6 0.500445 7 0.499555
  6 1.080654 83.846199 1.217777 0.123041 0.062773 0.990414 0.157131 0.478772 2 6 0.500018 7 0.499982
hwn2024_triboniophorus
  6 0.674181 83.707359 1.210920 -0.184390 -0.120379 0.975453 0.176375 0.448393 2 6 0.503362 7 0.496638
  6 1.080654 83.846199 1.217777 0.123041 0.062773 0.990414 0.157131 0.478772 2 6 0.500018 7 0.499982
  6 0.732794 84.030090 1.211960 -0.117420 0.133308 0.984094 0.149814 0.446664 2 6 0.500261 7 0.499739
hwn2024_triboniophorus
  6 1.067392 84.022041 1.164925 0.029263 0.121869 0.992115 0.141751 0.474404 2 6 0.500000 7 0.500000
  6 0.732794 84.030090 1.211960 -0.117420 0.133308 0.984094 0.149814 0.446664 2 6 0.500261 7 0.499739
  6 1.080654 83.846199 1.217777 0.123041 0.062773 0.990414 0.157131 0.478772 2 6 0.500018 7 0.499982
hwn2024_triboniophorus
  6 1.067392 84.022041 1.164925 0.029263 0.121869 0.992115 0.141751 0.474404 2 6 0.500000 7 0.500000
  6 0.774572 84.202599 1.152734 -0.072262 0.306511 0.949120 0.134356 0.445418 2 6 0.500008 7 0.499992
  6 0.732794 84.030090 1.211960 -0.117420 0.133308 0.984094 0.149814 0.446664 2 6 0.500261 7 0.499739
hwn2024_triboniophorus
  6 1.067392 84.022041 1.164925 0.029263 0.121869 0.992115 0.141751 0.474404 2 6 0.500000 7 0.500000
  6 0.898479 84.297333 1.135852 -0.224452 -0.071294 0.971874 0.122796 0.453291 2 6 0.500000 7 0.500000
  6 0.774572 84.202599 1.152734 -0.072262 0.306511 0.949120 0.134356 0.445418 2 6 0.500008 7 0.499992
hwn2024_triboniophorus
  6 0.774572 84.202599 1.152734 -0.072262 0.306511 0.949120 0.134356 0.445418 2 6 0.500008 7 0.499992
  6 0.898479 84.297333 1.135852 -0.224452 -0.071294 0.971874 0.122796 0.453291 2 6 0.500000 7 0.500000
  6 0.551678 84.459137 1.020766 -0.420218 0.090888 0.902860 0.119393 0.417933 2 6 0.500000 7 0.500000
hwn2024_triboniophorus
  6 0.930092 84.499207 1.196892 -0.318873 -0.226711 0.920284 0.103943 0.452492 2 6 0.500000 7 0.500000
  6 0.551678 84.459137 1.020766 -0.420218 0.090888 0.902860 0.119393 0.417933 2 6 0.500000 7 0.500000
  6 0.898479 84.297333 1.135852 -0.224452 -0.071294 0.971874 0.122796 0.453291 2 6 0.500000 7 0.500000
hwn2024_triboniophorus
  6 0.930092 84.499207 1.196892 -0.318873 -0.226711 0.920284 0.103943 0.452492 2 6 0.500000 7 0.500000
  6 0.610453 84.722527 1.075917 -0.465454 -0.109725 0.878244 0.096546 0.417954 2 6 0.500000 7 0.500000
  6 0.551678 84.459137 1.020766 -0.420218 0.090888 0.902860 0.119393 0.417933 2 6 0.500000 7 0.500000
hwn2024_triboniophorus
  6 0.551678 84.459137 1.020766 -0.420218 0.090888 0.902860 0.119393 0.417933 2 6 0.500000 7 0.500000
  6 0.610453 84.722527 1.075917 -0.465454 -0.109725 0.878244 0.096546 0.417954 2 6 0.500000 7 0.500000
  6 0.362869 84.830887 0.925968 -0.637658 -0.005806 0.770298 0.095185 0.391208 2 6 0.500000 7 0.500000
hwn2024_triboniophorus
  6 0.551678 84.459137 1.020766 -0.420218 0.090888 0.902860 0.119393 0.417933 2 6 0.500000 7 0.500000
  6 0.362869 84.830887 0.925968 -0.637658 -0.005806 0.770298 0.095185 0.391208 2 6 0.500000 7 0.500000
  6 0.288109 84.520454 0.862159 -0.640979 0.133281 0.755898 0.121678 0.390262 2 6 0.500010 7 0.499990
hwn2024_triboniophorus
  6 0.288109 84.520454 0.862159 -0.640979 0.133281 0.755898 0.121678 0.390262 2 6 0.500010 7 0.499990
  6 0.362869 84.830887 0.925968 -0.637658 -0.005806 0.770298 0.095185 0.391208 2 6 0.500000 7 0.500000
  6 -0.090132 84.950058 0.307311 -0.924025 0.061038 0.377427 0.096696 0.323877 2 6 0.500682 7 0.499318
hwn2024_triboniophorus
  6 0.288109 84.520454 0.862159 -0.640979 0.133281 0.755898 0.121678 0.390262 2 6 0.500010 7 0.499990
  6 -0.090132 84.950058 0.307311 -0.924025 0.061038 0.377427 0.096696 0.323877 2 6 0.500682 7 0.499318
  6 -0.156891 84.598915 0.227650 -0.911882 0.170048 0.373569 0.127793 0.322181 2 6 0.503713 7 0.496287
hwn2024_triboniophorus
  6 1.429047 84.311676 1.277348 -0.042496 -0.346540 0.937072 0.105274 0.500279 2 6 0.500000 7 0.500000
  6 0.930092 84.499207 1.196892 -0.318873 -0.226711 0.920284 0.103943 0.452492 2 6 0.500000 7 0.500000
  6 0.898479 84.297333 1.135852 -0.224452 -0.071294 0.971874 0.122796 0.453291 2 6 0.500000 7 0.500000
hwn2024_triboniophorus
  6 1.891453 84.075058 1.098680 0.241299 -0.175553 0.954440 0.122627 0.546946 2 6 0.500000 7 0.500000
  6 1.429047 84.311676 1.277348 -0.042496 -0.346540 0.937072 0.105274 0.500279 2 6 0.500000 7 0.500000
  6 1.387253 84.137962 1.199583 -0.013981 -0.225369 0.974173 0.123619 0.500279 2 6 0.500000 7 0.500000
hwn2024_triboniophorus
  6 1.429047 84.311676 1.277348 -0.042496 -0.346540 0.937072 0.105274 0.500279 2 6 0.500000 7 0.500000
  6 0.898479 84.297333 1.135852 -0.224452 -0.071294 0.971874 0.122796 0.453291 2 6 0.500000 7 0.500000
  6 1.387253 84.137962 1.199583 -0.013981 -0.225369 0.974173 0.123619 0.500279 2 6 0.500000 7 0.500000
hwn2024_triboniophorus
  6 1.387253 84.137962 1.199583 -0.013981 -0.225369 0.974173 0.123619 0.500279 2 6 0.500000 7 0.500000
  6 0.898479 84.297333 1.135852 -0.224452 -0.071294 0.971874 0.122796 0.453291 2 6 0.500000 7 0.500000
  6 1.067392 84.022041 1.164925 0.029263 0.121869 0.992115 0.141751 0.474404 2 6 0.500000 7 0.500000
hwn2024_triboniophorus
  6 1.387253 84.137962 1.199583 -0.013981 -0.225369 0.974173 0.123619 0.500279 2 6 0.500000 7 0.500000
  6 1.067392 84.022041 1.164925 0.029263 0.121869 0.992115 0.141751 0.474404 2 6 0.500000 7 0.500000
  6 1.332998 83.903122 1.154569 0.036372 -0.004624 0.999328 0.146740 0.500279 2 6 0.500000 7 0.500000
hwn2024_triboniophorus
  6 1.332998 83.903122 1.154569 0.036372 -0.004624 0.999328 0.146740 0.500279 2 6 0.500000 7 0.500000
  6 1.067392 84.022041 1.164925 0.029263 0.121869 0.992115 0.141751 0.474404 2 6 0.500000 7 0.500000
  6 1.080654 83.846199 1.217777 0.123041 0.062773 0.990414 0.157131 0.478772 2 6 0.500018 7 0.499982
hwn2024_triboniophorus
  6 1.033171 83.621674 1.211279 0.051584 -0.154258 0.986683 0.176685 0.478926 2 6 0.500445 7 0.499555
  6 1.256601 83.565887 1.130291 0.004589 -0.144972 0.989425 0.178442 0.500279 2 6 0.500306 7 0.499694
  6 1.294884 83.734535 1.144456 0.024204 -0.058732 0.997980 0.162668 0.500279 2 6 0.500009 7 0.499991
hwn2024_triboniophorus
  6 1.294884 83.734535 1.144456 0.024204 -0.058732 0.997980 0.162668 0.500279 2 6 0.500009 7 0.499991
  6 1.256601 83.565887 1.130291 0.004589 -0.144972 0.989425 0.178442 0.500279 2 6 0.500306 7 0.499694
  6 1.487661 83.519943 1.194265 -0.041949 -0.133301 0.990187 0.176668 0.521641 2 6 0.500445 7 0.499555
hwn2024_triboniophorus
  6 1.256601 83.565887 1.130291 0.004589 -0.144972 0.989425 0.178442 0.500279 2 6 0.500306 7 0.499694
  6 1.442633 83.388756 1.142698 -0.125692 -0.389140 0.912563 0.189276 0.520560 2 6 0.502715 7 0.497285
  6 1.487661 83.519943 1.194265 -0.041949 -0.133301 0.990187 0.176668 0.521641 2 6 0.500445 7 0.499555
hwn2024_triboniophorus
  6 1.847937 83.444618 1.166980 0.184522 -0.202956 0.961645 0.176315 0.552232 2 6 0.503361 7 0.496639
  6 1.487661 83.519943 1.194265 -0.041949 -0.133301 0.990187 0.176668 0.521641 2 6 0.500445 7 0.499555
  6 1.442633 83.388756 1.142698 -0.125692 -0.389140 0.912563 0.189276 0.520560 2 6 0.502715 7 0.497285
hwn2024_triboniophorus
  6 1.847937 83.444618 1.166980 0.184522 -0.202956 0.961645 0.176315 0.552232 2 6 0.503361 7 0.496639
  6 1.442633 83.388756 1.142698 -0.125692 -0.389140 0.912563 0.189276 0.520560 2 6 0.502715 7 0.497285
  6 1.760164 83.214226 1.090267 0.076759 -0.493874 0.866139 0.197629 0.550940 2 6 0.523130 7 0.476870
hwn2024_triboniophorus
  6 1.760164 83.214226 1.090267 0.076759 -0.493874 0.866139 0.197629 0.550940 2 6 0.523130 7 0.476870
  6 2.206026 83.329720 1.028824 0.414864 -0.280709 0.865500 0.179821 0.583967 2 6 0.505917 7 0.494083
  6 1.847937 83.444618 1.166980 0.184522 -0.202956 0.961645 0.176315 0.552232 2 6 0.503361 7 0.496639
hwn2024_triboniophorus
  6 1.760164 83.214226 1.090267 0.076759 -0.493874 0.866139 0.197629 0.550940 2 6 0.523130 7 0.476870
  6 2.108883 83.091629 0.939071 0.318113 -0.589478 0.742509 0.201385 0.583925 2 6 0.538929 7 0.461071
  6 2.206026 83.329720 1.028824 0.414864 -0.280709 0.865500 0.179821 0.583967 2 6 0.505917 7 0.494083
hwn2024_triboniophorus
  6 1.847937 83.444618 1.166980 0.184522 -0.202956 0.961645 0.176315 0.552232 2 6 0.503361 7 0.496639
  6 2.206026 83.329720 1.028824 0.414864 -0.280709 0.865500 0.179821 0.583967 2 6 0.505917 7 0.494083
  6 2.280867 83.669296 1.036328 0.486493 -0.007015 0.873656 0.152750 0.584769 2 6 0.500495 7 0.499505
hwn2024_triboniophorus
  6 2.206026 83.329720 1.028824 0.414864 -0.280709 0.865500 0.179821 0.583967 2 6 0.505917 7 0.494083
  6 2.671537 83.503845 0.645809 0.811218 -0.030001 0.583974 0.162132 0.629786 2 6 0.501093 7 0.498907
  6 2.280867 83.669296 1.036328 0.486493 -0.007015 0.873656 0.152750 0.584769 2 6 0.500495 7 0.499505
hwn2024_triboniophorus
  6 1.623953 83.897453 1.144088 0.096139 0.106915 0.989609 0.141682 0.526061 2 6 0.500000 7 0.500000
  6 1.387253 84.137962 1.199583 -0.013981 -0.225369 0.974173 0.123619 0.500279 2 6 0.500000 7 0.500000
  6 1.332998 83.903122 1.154569 0.036372 -0.004624 0.999328 0.146740 0.500279 2 6 0.500000 7 0.500000
hwn2024_triboniophorus
  6 1.623953 83.897453 1.144088 0.096139 0.106915 0.989609 0.141682 0.526061 2 6 0.500000 7 0.500000
  6 1.891453 84.075058 1.098680 0.241299 -0.175553 0.954440 0.122627 0.546946 2 6 0.500000 7 0.500000
  6 1.387253 84.137962 1.199583 -0.013981 -0.225369 0.974173 0.123619 0.500279 2 6 0.500000 7 0.500000
hwn2024_triboniophorus
  6 1.623953 83.897453 1.144088 0.096139 0.106915 0.989609 0.141682 0.526061 2 6 0.500000 7 0.500000
  6 1.964090 83.936333 1.108202 0.263263 0.231412 0.936558 0.134123 0.554943 2 6 0.500008 7 0.499992
  6 1.891453 84.075058 1.098680 0.241299 -0.175553 0.954440 0.122627 0.546946 2 6 0.500000 7 0.500000
hwn2024_triboniophorus
  6 1.964090 83.936333 1.108202 0.263263 0.231412 0.936558 0.134123 0.554943 2 6 0.500008 7 0.499992
  6 2.264973 84.075623 0.956629 0.482036 -0.111078 0.869082 0.118748 0.582326 2 6 0.500000 7 0.500000
  6 1.891453 84.075058 1.098680 0.241299 -0.175553 0.954440 0.122627 0.546946 2 6 0.500000 7 0.500000
hwn2024_triboniophorus
  6 1.294884 83.734535 1.144456 0.024204 -0.058732 0.997980 0.162668 0.500279 2 6 0.500009 7 0.499991
  6 1.487661 83.519943 1.194265 -0.041949 -0.133301 0.990187 0.176668 0.521641 2 6 0.500445 7 0.499555
  6 1.540886 83.743187 1.200548 -0.013779 0.093446 0.995529 0.157093 0.521756 2 6 0.500018 7 0.499982
hwn2024_triboniophorus
  6 1.540886 83.743187 1.200548 -0.013779 0.093446 0.995529 0.157093 0.521756 2 6 0.500018 7 0.499982
  6 1.487661 83.519943 1.194265 -0.041949 -0.133301 0.990187 0.176668 0.521641 2 6 0.500445 7 0.499555
  6 1.847937 83.444618 1.166980 0.184522 -0.202956 0.961645 0.176315 0.552232 2 6 0.503361 7 0.496639
hwn2024_triboniophorus
  6 1.540886 83.743187 1.200548 -0.013779 0.093446 0.995529 0.157093 0.521756 2 6 0.500018 7 0.499982
  6 1.847937 83.444618 1.166980 0.184522 -0.202956 0.961645 0.176315 0.552232 2 6 0.503361 7 0.496639
  6 1.932547 83.761536 1.167049 0.232755 0.054941 0.970982 0.149636 0.553832 2 6 0.500261 7 0.499739
hwn2024_triboniophorus
  6 1.847937 83.444618 1.166980 0.184522 -0.202956 0.961645 0.176315 0.552232 2 6 0.503361 7 0.496639
  6 2.280867 83.669296 1.036328 0.486493 -0.007015 0.873656 0.152750 0.584769 2 6 0.500495 7 0.499505
  6 1.932547 83.761536 1.167049 0.232755 0.054941 0.970982 0.149636 0.553832 2 6 0.500261 7 0.499739
hwn2024_triboniophorus
  6 1.932547 83.761536 1.167049 0.232755 0.054941 0.970982 0.149636 0.553832 2 6 0.500261 7 0.499739
  6 2.280867 83.669296 1.036328 0.486493 -0.007015 0.873656 0.152750 0.584769 2 6 0.500495 7 0.499505
  6 2.284458 83.868828 0.985889 0.505674 0.197299 0.839861 0.136158 0.584808 2 6 0.500018 7 0.499982
hwn2024_triboniophorus
  6 2.280867 83.669296 1.036328 0.486493 -0.007015 0.873656 0.152750 0.584769 2 6 0.500495 7 0.499505
  6 2.545256 83.749481 0.784891 0.751705 0.114996 0.649397 0.143000 0.613682 2 6 0.500020 7 0.499980
  6 2.284458 83.868828 0.985889 0.505674 0.197299 0.839861 0.136158 0.584808 2 6 0.500018 7 0.499982
hwn2024_triboniophorus
  6 2.280867 83.669296 1.036328 0.486493 -0.007015 0.873656 0.152750 0.584769 2 6 0.500495 7 0.499505
  6 2.671537 83.503845 0.645809 0.811218 -0.030001 0.583974 0.162132 0.629786 2 6 0.501093 7 0.498907
  6 2.545256 83.749481 0.784891 0.751705 0.114996 0.649397 0.143000 0.613682 2 6 0.500020 7 0.499980
hwn2024_triboniophorus
  6 2.671537 83.503845 0.645809 0.811218 -0.030001 0.583974 0.162132 0.629786 2 6 0.501093 7 0.498907
  6 2.849030 83.620773 0.108550 0.957045 -0.047071 0.286092 0.152765 0.676922 2 6 0.504680 7 0.495320
  6 2.545256 83.749481 0.784891 0.751705 0.114996 0.649397 0.143000 0.613682 2 6 0.500020 7 0.499980
hwn2024_triboniophorus
  6 2.545256 83.749481 0.784891 0.751705 0.114996 0.649397 0.143000 0.613682 2 6 0.500020 7 0.499980
  6 2.849030 83.620773 0.108550 0.957045 -0.047071 0.286092 0.152765 0.676922 2 6 0.504680 7 0.495320
  6 2.907167 83.913048 0.112951 0.919387 -0.241976 0.310122 0.126667 0.679256 2 6 0.503770 7 0.496230
hwn2024_triboniophorus
  6 1.033171 83.621674 1.211279 0.051584 -0.154258 0.986683 0.176685 0.478926 2 6 0.500445 7 0.499555
  6 1.294884 83.734535 1.144456 0.024204 -0.058732 0.997980 0.162668 0.500279 2 6 0.500009 7 0.499991
  6 1.080654 83.846199 1.217777 0.123041 0.062773 0.990414 0.157131 0.478772 2 6 0.500018 7 0.499982
hwn2024_triboniophorus
  6 1.332998 83.903122 1.154569 0.036372 -0.004624 0.999328 0.146740 0.500279 2 6 0.500000 7 0.500000
  6 1.080654 83.846199 1.217777 0.123041 0.062773 0.990414 0.157131 0.478772 2 6 0.500018 7 0.499982
  6 1.294884 83.734535 1.144456 0.024204 -0.058732 0.997980 0.162668 0.500279 2 6 0.500009 7 0.499991
hwn2024_triboniophorus
  6 1.332998 83.903122 1.154569 0.036372 -0.004624 0.999328 0.146740 0.500279 2 6 0.500000 7 0.500000
  6 1.294884 83.734535 1.144456 0.024204 -0.058732 0.997980 0.162668 0.500279 2 6 0.500009 7 0.499991
  6 1.540886 83.743187 1.200548 -0.013779 0.093446 0.995529 0.157093 0.521756 2 6 0.500018 7 0.499982
hwn2024_triboniophorus
  6 1.332998 83.903122 1.154569 0.036372 -0.004624 0.999328 0.146740 0.500279 2 6 0.500000 7 0.500000
  6 1.540886 83.743187 1.200548 -0.013779 0.093446 0.995529 0.157093 0.521756 2 6 0.500018 7 0.499982
  6 1.623953 83.897453 1.144088 0.096139 0.106915 0.989609 0.141682 0.526061 2 6 0.500000 7 0.500000
hwn2024_triboniophorus
  6 1.932547 83.761536 1.167049 0.232755 0.054941 0.970982 0.149636 0.553832 2 6 0.500261 7 0.499739
  6 1.623953 83.897453 1.144088 0.096139 0.106915 0.989609 0.141682 0.526061 2 6 0.500000 7 0.500000
  6 1.540886 83.743187 1.200548 -0.013779 0.093446 0.995529 0.157093 0.521756 2 6 0.500018 7 0.499982
hwn2024_triboniophorus
  6 1.932547 83.761536 1.167049 0.232755 0.054941 0.970982 0.149636 0.553832 2 6 0.500261 7 0.499739
  6 1.964090 83.936333 1.108202 0.263263 0.231412 0.936558 0.134123 0.554943 2 6 0.500008 7 0.499992
  6 1.623953 83.897453 1.144088 0.096139 0.106915 0.989609 0.141682 0.526061 2 6 0.500000 7 0.500000
hwn2024_triboniophorus
  6 1.932547 83.761536 1.167049 0.232755 0.054941 0.970982 0.149636 0.553832 2 6 0.500261 7 0.499739
  6 2.284458 83.868828 0.985889 0.505674 0.197299 0.839861 0.136158 0.584808 2 6 0.500018 7 0.499982
  6 1.964090 83.936333 1.108202 0.263263 0.231412 0.936558 0.134123 0.554943 2 6 0.500008 7 0.499992
hwn2024_triboniophorus
  6 1.964090 83.936333 1.108202 0.263263 0.231412 0.936558 0.134123 0.554943 2 6 0.500008 7 0.499992
  6 2.284458 83.868828 0.985889 0.505674 0.197299 0.839861 0.136158 0.584808 2 6 0.500018 7 0.499982
  6 2.264973 84.075623 0.956629 0.482036 -0.111078 0.869082 0.118748 0.582326 2 6 0.500000 7 0.500000
hwn2024_triboniophorus
  6 2.284458 83.868828 0.985889 0.505674 0.197299 0.839861 0.136158 0.584808 2 6 0.500018 7 0.499982
  6 2.545256 83.749481 0.784891 0.751705 0.114996 0.649397 0.143000 0.613682 2 6 0.500020 7 0.499980
  6 2.264973 84.075623 0.956629 0.482036 -0.111078 0.869082 0.118748 0.582326 2 6 0.500000 7 0.500000
hwn2024_triboniophorus
  6 2.264973 84.075623 0.956629 0.482036 -0.111078 0.869082 0.118748 0.582326 2 6 0.500000 7 0.500000
  6 2.545256 83.749481 0.784891 0.751705 0.114996 0.649397 0.143000 0.613682 2 6 0.500020 7 0.499980
  6 2.517542 84.021416 0.778703 0.688739 -0.164388 0.706127 0.120632 0.610195 2 6 0.500010 7 0.499990
hwn2024_triboniophorus
  6 2.545256 83.749481 0.784891 0.751705 0.114996 0.649397 0.143000 0.613682 2 6 0.500020 7 0.499980
  6 2.907167 83.913048 0.112951 0.919387 -0.241976 0.310122 0.126667 0.679256 2 6 0.503770 7 0.496230
  6 2.517542 84.021416 0.778703 0.688739 -0.164388 0.706127 0.120632 0.610195 2 6 0.500010 7 0.499990
hwn2024_triboniophorus
  6 2.517542 84.021416 0.778703 0.688739 -0.164388 0.706127 0.120632 0.610195 2 6 0.500010 7 0.499990
  6 2.907167 83.913048 0.112951 0.919387 -0.241976 0.310122 0.126667 0.679256 2 6 0.503770 7 0.496230
  6 3.002016 84.257614 0.191948 0.814760 -0.371211 0.445386 0.095149 0.677048 2 6 0.500757 7 0.499243
hwn2024_triboniophorus
  6 2.517542 84.021416 0.778703 0.688739 -0.164388 0.706127 0.120632 0.610195 2 6 0.500010 7 0.499990
  6 3.002016 84.257614 0.191948 0.814760 -0.371211 0.445386 0.095149 0.677048 2 6 0.500757 7 0.499243
  6 2.586811 84.333069 0.842716 0.627555 -0.289006 0.722946 0.093428 0.608817 2 6 0.500000 7 0.500000
hwn2024_triboniophorus
  6 2.264973 84.075623 0.956629 0.482036 -0.111078 0.869082 0.118748 0.582326 2 6 0.500000 7 0.500000
  6 2.517542 84.021416 0.778703 0.688739 -0.164388 0.706127 0.120632 0.610195 2 6 0.500010 7 0.499990
  6 2.586811 84.333069 0.842716 0.627555 -0.289006 0.722946 0.093428 0.608817 2 6 0.500000 7 0.500000
hwn2024_triboniophorus
  6 2.264973 84.075623 0.956629 0.482036 -0.111078 0.869082 0.118748 0.582326 2 6 0.500000 7 0.500000
  6 2.586811 84.333069 0.842716 0.627555 -0.289006 0.722946 0.093428 0.608817 2 6 0.500000 7 0.500000
  6 2.328018 84.338058 1.011616 0.441453 -0.304041 0.844203 0.095815 0.581885 2 6 0.500000 7 0.500000
hwn2024_triboniophorus
  6 2.264973 84.075623 0.956629 0.482036 -0.111078 0.869082 0.118748 0.582326 2 6 0.500000 7 0.500000
  6 2.328018 84.338058 1.011616 0.441453 -0.304041 0.844203 0.095815 0.581885 2 6 0.500000 7 0.500000
  6 1.953236 84.270187 1.158592 0.256652 -0.355527 0.898738 0.103814 0.547477 2 6 0.500000 7 0.500000
hwn2024_triboniophorus
  6 2.264973 84.075623 0.956629 0.482036 -0.111078 0.869082 0.118748 0.582326 2 6 0.500000 7 0.500000
  6 1.953236 84.270187 1.158592 0.256652 -0.355527 0.898738 0.103814 0.547477 2 6 0.500000 7 0.500000
  6 1.891453 84.075058 1.098680 0.241299 -0.175553 0.954440 0.122627 0.546946 2 6 0.500000 7 0.500000
hwn2024_triboniophorus
  6 1.891453 84.075058 1.098680 0.241299 -0.175553 0.954440 0.122627 0.546946 2 6 0.500000 7 0.500000
  6 1.953236 84.270187 1.158592 0.256652 -0.355527 0.898738 0.103814 0.547477 2 6 0.500000 7 0.500000
  6 1.429047 84.311676 1.277348 -0.042496 -0.346540 0.937072 0.105274 0.500279 2 6 0.500000 7 0.500000
hwn2024_triboniophorus
  6 2.623648 84.391342 0.879135 0.524838 -0.679764 0.512314 0.087777 0.608647 2 6 0.500022 7 0.499978
  6 2.328018 84.338058 1.011616 0.362932 -0.690005 0.626237 0.095815 0.581885 2 6 0.500000 7 0.500000
  6 2.586811 84.333069 0.842716 0.517157 -0.628524 0.580953 0.093428 0.608817 2 6 0.500000 7 0.500000
hwn2024_triboniophorus
  6 3.013505 84.334862 0.286853 0.705381 -0.590731 0.391757 0.087787 0.670389 2 6 0.500757 7 0.499243
  6 2.623648 84.391342 0.879135 0.524838 -0.679764 0.512314 0.087777 0.608647 2 6 0.500022 7 0.499978
  6 2.586811 84.333069 0.842716 0.517157 -0.628524 0.580953 0.093428 0.608817 2 6 0.500000 7 0.500000
hwn2024_triboniophorus
  6 3.013505 84.334862 0.286853 0.705381 -0.590731 0.391757 0.087787 0.670389 2 6 0.500757 7 0.499243
  6 2.586811 84.333069 0.842716 0.517157 -0.628524 0.580953 0.093428 0.608817 2 6 0.500000 7 0.500000
  6 3.002016 84.257614 0.191948 0.814760 -0.371211 0.445386 0.095149 0.677048 2 6 0.500757 7 0.499243
hwn2024_triboniophorus
  6 3.132812 84.375870 -0.230009 0.984009 -0.173463 0.040449 0.085286 0.716057 2 6 0.505873 7 0.494127
  6 3.013505 84.334862 0.286853 0.705381 -0.590731 0.391757 0.087787 0.670389 2 6 0.500757 7 0.499243
  6 3.002016 84.257614 0.191948 0.814760 -0.371211 0.445386 0.095149 0.677048 2 6 0.500757 7 0.499243
hwn2024_triboniophorus
  6 3.002016 84.257614 0.191948 0.814760 -0.371211 0.445386 0.095149 0.677048 2 6 0.500757 7 0.499243
  6 2.907167 83.913048 0.112951 0.919387 -0.241976 0.310122 0.126667 0.679256 2 6 0.503770 7 0.496230
  6 3.132812 84.375870 -0.230009 0.984009 -0.173463 0.040449 0.085286 0.716057 2 6 0.505873 7 0.494127
hwn2024_triboniophorus
  6 2.907167 83.913048 0.112951 0.919387 -0.241976 0.310122 0.126667 0.679256 2 6 0.503770 7 0.496230
  6 2.937752 83.547791 -0.327575 0.962692 -0.268955 -0.029778 0.162309 0.715012 2 6 0.529237 7 0.470763
  6 3.132812 84.375870 -0.230009 0.984009 -0.173463 0.040449 0.085286 0.716057 2 6 0.505873 7 0.494127
hwn2024_triboniophorus
  6 2.907167 83.913048 0.112951 0.919387 -0.241976 0.310122 0.126667 0.679256 2 6 0.503770 7 0.496230
  6 2.849030 83.620773 0.108550 0.957045 -0.047071 0.286092 0.152765 0.676922 2 6 0.504680 7 0.495320
  6 2.937752 83.547791 -0.327575 0.962692 -0.268955 -0.029778 0.162309 0.715012 2 6 0.529237 7 0.470763
hwn2024_triboniophorus
  6 2.937752 83.547791 -0.327575 0.962692 -0.268955 -0.029778 0.162309 0.715012 2 6 0.529237 7 0.470763
  6 2.849030 83.620773 0.108550 0.957045 -0.047071 0.286092 0.152765 0.676922 2 6 0.504680 7 0.495320
  6 2.865608 83.448242 0.098508 0.970895 -0.144204 0.191225 0.167788 0.677046 2 6 0.506839 7 0.493161
hwn2024_triboniophorus
  6 2.671537 83.503845 0.645809 0.811218 -0.030001 0.583974 0.162132 0.629786 2 6 0.501093 7 0.498907
  6 2.865608 83.448242 0.098508 0.970895 -0.144204 0.191225 0.167788 0.677046 2 6 0.506839 7 0.493161
  6 2.849030 83.620773 0.108550 0.957045 -0.047071 0.286092 0.152765 0.676922 2 6 0.504680 7 0.495320
hwn2024_triboniophorus
  6 2.865608 83.448242 0.098508 0.970895 -0.144204 0.191225 0.167788 0.677046 2 6 0.506839 7 0.493161
  6 2.671537 83.503845 0.645809 0.811218 -0.030001 0.583974 0.162132 0.629786 2 6 0.501093 7 0.498907
  6 2.640068 83.277740 0.611831 0.743988 -0.372453 0.554762 0.179895 0.631162 2 6 0.507032 7 0.492968
hwn2024_triboniophorus
  6 2.206026 83.329720 1.028824 0.414864 -0.280709 0.865500 0.179821 0.583967 2 6 0.505917 7 0.494083
  6 2.640068 83.277740 0.611831 0.743988 -0.372453 0.554762 0.179895 0.631162 2 6 0.507032 7 0.492968
  6 2.671537 83.503845 0.645809 0.811218 -0.030001 0.583974 0.162132 0.629786 2 6 0.501093 7 0.498907
hwn2024_triboniophorus
  6 2.206026 83.329720 1.028824 0.414864 -0.280709 0.865500 0.179821 0.583967 2 6 0.505917 7 0.494083
  6 2.547846 83.104393 0.525185 0.705381 -0.590731 0.391757 0.196727 0.633218 2 6 0.545316 7 0.454684
  6 2.640068 83.277740 0.611831 0.743988 -0.372453 0.554762 0.179895 0.631162 2 6 0.507032 7 0.492968
hwn2024_triboniophorus
  6 2.206026 83.329720 1.028824 0.414864 -0.280709 0.865500 0.179821 0.583967 2 6 0.505917 7 0.494083
  6 2.108883 83.091629 0.939071 0.318113 -0.589478 0.742509 0.201385 0.583925 2 6 0.538929 7 0.461071
  6 2.547846 83.104393 0.525185 0.705381 -0.590731 0.391757 0.196727 0.633218 2 6 0.545316 7 0.454684
hwn2024_triboniophorus
  6 2.108883 83.091629 0.939071 0.318113 -0.589478 0.742509 0.201385 0.583925 2 6 0.538929 7 0.461071
  6 2.293608 82.932083 0.578648 0.471109 -0.795081 0.381972 0.218670 0.616874 2 6 0.614952 7 0.385048
  6 2.547846 83.104393 0.525185 0.705381 -0.590731 0.391757 0.196727 0.633218 2 6 0.545316 7 0.454684
hwn2024_triboniophorus
  6 2.108883 83.091629 0.939071 0.318113 -0.589478 0.742509 0.201385 0.583925 2 6 0.538929 7 0.461071
  6 2.014502 82.955360 0.802102 0.183987 -0.728791 0.659555 0.219636 0.584813 2 6 0.594005 7 0.405995
  6 2.293608 82.932083 0.578648 0.471109 -0.795081 0.381972 0.218670 0.616874 2 6 0.614952 7 0.385048
hwn2024_triboniophorus
  6 2.014502 82.955360 0.802102 0.183987 -0.728791 0.659555 0.219636 0.584813 2 6 0.594005 7 0.405995
  6 2.108883 83.091629 0.939071 0.318113 -0.589478 0.742509 0.201385 0.583925 2 6 0.538929 7 0.461071
  6 1.760164 83.214226 1.090267 0.076759 -0.493874 0.866139 0.197629 0.550940 2 6 0.523130 7 0.476870
hwn2024_triboniophorus
  6 1.673431 83.081863 0.990272 -0.017634 -0.590891 0.806558 0.213227 0.548449 2 6 0.536208 7 0.463792
  6 2.014502 82.955360 0.802102 0.183987 -0.728791 0.659555 0.219636 0.584813 2 6 0.594005 7 0.405995
  6 1.760164 83.214226 1.090267 0.076759 -0.493874 0.866139 0.197629 0.550940 2 6 0.523130 7 0.476870
hwn2024_triboniophorus
  6 1.427889 83.271591 1.068563 -0.178946 -0.517354 0.836853 0.201422 0.521851 2 6 0.506015 7 0.493985
  6 1.673431 83.081863 0.990272 -0.017634 -0.590891 0.806558 0.213227 0.548449 2 6 0.536208 7 0.463792
  6 1.760164 83.214226 1.090267 0.076759 -0.493874 0.866139 0.197629 0.550940 2 6 0.523130 7 0.476870
hwn2024_triboniophorus
  6 2.865608 83.448242 0.098508 0.970895 -0.144204 0.191225 0.167788 0.677046 2 6 0.506839 7 0.493161
  6 2.547846 83.104393 0.525185 0.705381 -0.590731 0.391757 0.196727 0.633218 2 6 0.545316 7 0.454684
  6 2.838060 83.331604 -0.008893 0.855617 -0.516466 0.034399 0.179193 0.684729 2 6 0.530732 7 0.469268
hwn2024_triboniophorus
  6 2.865608 83.448242 0.098508 0.970895 -0.144204 0.191225 0.167788 0.677046 2 6 0.506839 7 0.493161
  6 2.640068 83.277740 0.611831 0.743988 -0.372453 0.554762 0.179895 0.631162 2 6 0.507032 7 0.492968
  6 2.547846 83.104393 0.525185 0.705381 -0.590731 0.391757 0.196727 0.633218 2 6 0.545316 7 0.454684
hwn2024_triboniophorus
  6 2.838060 83.331604 -0.008893 0.855617 -0.516466 0.034399 0.179193 0.684729 2 6 0.530732 7 0.469268
  6 2.937752 83.547791 -0.327575 0.962692 -0.268955 -0.029778 0.162309 0.715012 2 6 0.529237 7 0.470763
  6 2.865608 83.448242 0.098508 0.970895 -0.144204 0.191225 0.167788 0.677046 2 6 0.506839 7 0.493161
hwn2024_triboniophorus
  6 2.746754 83.240273 -0.073677 0.716674 -0.693619 -0.072602 0.191455 0.688630 2 6 0.606548 7 0.393452
  6 2.937752 83.547791 -0.327575 0.962692 -0.268955 -0.029778 0.162309 0.715012 2 6 0.529237 7 0.470763
  6 2.838060 83.331604 -0.008893 0.855617 -0.516466 0.034399 0.179193 0.684729 2 6 0.530732 7 0.469268
hwn2024_triboniophorus
  6 2.838060 83.331604 -0.008893 0.855617 -0.516466 0.034399 0.179193 0.684729 2 6 0.530732 7 0.469268
  6 2.547846 83.104393 0.525185 0.705381 -0.590731 0.391757 0.196727 0.633218 2 6 0.545316 7 0.454684
  6 2.746754 83.240273 -0.073677 0.716674 -0.693619 -0.072602 0.191455 0.688630 2 6 0.606548 7 0.393452
hwn2024_triboniophorus
  6 2.547846 83.104393 0.525185 0.705381 -0.590731 0.391757 0.196727 0.633218 2 6 0.545316 7 0.454684
  6 2.528736 83.017136 0.286039 0.624869 -0.768225 0.139172 0.211003 0.650682 2 6 0.639439 7 0.360561
  6 2.746754 83.240273 -0.073677 0.716674 -0.693619 -0.072602 0.191455 0.688630 2 6 0.606548 7 0.393452
hwn2024_triboniophorus
  6 2.293608 82.932083 0.578648 0.471109 -0.795081 0.381972 0.218670 0.616874 2 6 0.614952 7 0.385048
  6 2.528736 83.017136 0.286039 0.624869 -0.768225 0.139172 0.211003 0.650682 2 6 0.639439 7 0.360561
  6 2.547846 83.104393 0.525185 0.705381 -0.590731 0.391757 0.196727 0.633218 2 6 0.545316 7 0.454684
hwn2024_triboniophorus
  6 1.172581 83.184677 1.166038 0.077653 0.183418 0.979963 0.214530 0.500279 2 6 0.507168 7 0.492832
  6 1.427889 83.271591 1.068563 0.339609 0.204508 0.918064 0.201422 0.521851 2 6 0.506015 7 0.493985
  6 1.229662 83.449974 1.103725 0.092891 0.253960 0.962744 0.189661 0.500279 2 6 0.501215 7 0.498785
hwn2024_triboniophorus
  6 1.172581 83.184677 1.166038 0.077653 0.183418 0.979963 0.214530 0.500279 2 6 0.507168 7 0.492832
  6 1.366140 83.133659 1.131037 0.319601 0.140962 0.937008 0.215164 0.517958 2 6 0.511131 7 0.488869
  6 1.427889 83.271591 1.068563 0.339609 0.204508 0.918064 0.201422 0.521851 2 6 0.506015 7 0.493985
hwn2024_triboniophorus
  6 1.112392 82.906960 1.211804 0.036372 -0.004624 0.999328 0.239024 0.500279 2 6 0.542956 7 0.457044
  6 1.366140 83.133659 1.131037 0.319601 0.140962 0.937008 0.215164 0.517958 2 6 0.511131 7 0.488869
  6 1.172581 83.184677 1.166038 0.077653 0.183418 0.979963 0.214530 0.500279 2 6 0.507168 7 0.492832
hwn2024_triboniophorus
  6 1.112392 82.906960 1.211804 0.036372 -0.004624 0.999328 0.239024 0.500279 2 6 0.542956 7 0.457044
  6 1.408062 82.918602 1.134269 0.353741 -0.045150 0.934253 0.232455 0.525224 2 6 0.541889 7 0.458111
  6 1.366140 83.133659 1.131037 0.319601 0.140962 0.937008 0.215164 0.517958 2 6 0.511131 7 0.488869
hwn2024_triboniophorus
  6 1.112392 82.906960 1.211804 0.036372 -0.004624 0.999328 0.239024 0.500279 2 6 0.542956 7 0.457044
  6 1.447680 82.607399 1.072195 0.441453 -0.304041 0.844203 0.257913 0.534902 2 6 0.659615 7 0.340385
  6 1.408062 82.918602 1.134269 0.353741 -0.045150 0.934253 0.232455 0.525224 2 6 0.541889 7 0.458111
hwn2024_triboniophorus
  6 1.408062 82.918602 1.134269 0.353741 -0.045150 0.934253 0.232455 0.525224 2 6 0.541889 7 0.458111
  6 1.447680 82.607399 1.072195 0.441453 -0.304041 0.844203 0.257913 0.534902 2 6 0.659615 7 0.340385
  6 1.774632 82.779984 0.930174 0.543840 -0.285256 0.789219 0.238157 0.563062 2 6 0.632655 7 0.367345
hwn2024_triboniophorus
  6 1.477431 82.429779 0.888205 0.486634 -0.495358 0.719589 0.276821 0.547140 2 6 0.866418 7 0.133582
  6 1.774632 82.779984 0.930174 0.543840 -0.285256 0.789219 0.238157 0.563062 2 6 0.632655 7 0.367345
  6 1.447680 82.607399 1.072195 0.441453 -0.304041 0.844203 0.257913 0.534902 2 6 0.659615 7 0.340385
hwn2024_triboniophorus
  6 1.477431 82.429779 0.888205 0.486634 -0.495358 0.719589 0.276821 0.547140 2 6 0.866418 7 0.133582
  6 1.854073 82.624947 0.730550 0.569261 -0.449076 0.688674 0.252763 0.580992 2 6 0.788935 7 0.211065
  6 1.774632 82.779984 0.930174 0.543840 -0.285256 0.789219 0.238157 0.563062 2 6 0.632655 7 0.367345
hwn2024_triboniophorus
  6 1.854073 82.624947 0.730550 0.569261 -0.449076 0.688674 0.252763 0.580992 2 6 0.788935 7 0.211065
  6 2.014502 82.955360 0.802102 0.570046 -0.364549 0.736309 0.219636 0.584813 2 6 0.594005 7 0.405995
  6 1.774632 82.779984 0.930174 0.543840 -0.285256 0.789219 0.238157 0.563062 2 6 0.632655 7 0.367345
hwn2024_triboniophorus
  6 2.014502 82.955360 0.802102 0.570046 -0.364549 0.736309 0.219636 0.584813 2 6 0.594005 7 0.405995
  6 1.854073 82.624947 0.730550 0.569261 -0.449076 0.688674 0.252763 0.580992 2 6 0.788935 7 0.211065
  6 2.159824 82.606476 0.459335 0.619288 -0.417291 0.665094 0.252019 0.617732 2 6 0.823932 7 0.176068
hwn2024_triboniophorus
  6 2.014502 82.955360 0.802102 0.570046 -0.364549 0.736309 0.219636 0.584813 2 6 0.594005 7 0.405995
  6 2.159824 82.606476 0.459335 0.619288 -0.417291 0.665094 0.252019 0.617732 2 6 0.823932 7 0.176068
  6 2.293608 82.932083 0.578648 0.645543 -0.433879 0.628509 0.218670 0.616874 2 6 0.614952 7 0.385048
hwn2024_triboniophorus
  6 2.293608 82.932083 0.578648 0.645543 -0.433879 0.628509 0.218670 0.616874 2 6 0.614952 7 0.385048
  6 2.159824 82.606476 0.459335 0.619288 -0.417291 0.665094 0.252019 0.617732 2 6 0.823932 7 0.176068
  6 2.425186 82.637581 0.188987 0.775907 -0.358777 0.518890 0.248220 0.652616 2 6 0.837000 7 0.163000
hwn2024_triboniophorus
  6 2.293608 82.932083 0.578648 0.645543 -0.433879 0.628509 0.218670 0.616874 2 6 0.614952 7 0.385048
  6 2.425186 82.637581 0.188987 0.775907 -0.358777 0.518890 0.248220 0.652616 2 6 0.837000 7 0.163000
  6 2.528736 83.017136 0.286039 0.819006 -0.347805 0.456357 0.211003 0.650682 2 6 0.639439 7 0.360561
hwn2024_triboniophorus
  6 2.528736 83.017136 0.286039 0.819006 -0.347805 0.456357 0.211003 0.650682 2 6 0.639439 7 0.360561
  6 2.425186 82.637581 0.188987 0.775907 -0.358777 0.518890 0.248220 0.652616 2 6 0.837000 7 0.163000
  6 2.637479 82.704254 -0.206132 0.931410 -0.310948 0.189175 0.243512 0.695316 2 6 0.833710 7 0.166290
hwn2024_triboniophorus
  6 2.528736 83.017136 0.286039 0.819006 -0.347805 0.456357 0.211003 0.650682 2 6 0.639439 7 0.360561
  6 2.637479 82.704254 -0.206132 0.931410 -0.310948 0.189175 0.243512 0.695316 2 6 0.833710 7 0.166290
  6 2.746754 83.240273 -0.073677 0.931410 -0.310948 0.189175 0.191455 0.688630 2 6 0.606548 7 0.393452
hwn2024_triboniophorus
  6 2.637479 82.704254 -0.206132 0.931410 -0.310948 0.189175 0.243512 0.695316 2 6 0.833710 7 0.166290
  6 2.825844 83.326523 -0.502418 0.943202 -0.300467 -0.141741 0.185732 0.728756 2 6 0.646705 7 0.353295
  6 2.746754 83.240273 -0.073677 0.931410 -0.310948 0.189175 0.191455 0.688630 2 6 0.606548 7 0.393452
hwn2024_triboniophorus
  6 2.937752 83.547791 -0.327575 0.962692 -0.268955 -0.029778 0.162309 0.715012 2 6 0.529237 7 0.470763
  6 2.746754 83.240273 -0.073677 0.931410 -0.310948 0.189175 0.191455 0.688630 2 6 0.606548 7 0.393452
  6 2.825844 83.326523 -0.502418 0.943202 -0.300467 -0.141741 0.185732 0.728756 2 6 0.646705 7 0.353295
hwn2024_triboniophorus
  6 2.937752 83.547791 -0.327575 0.962692 -0.268955 -0.029778 0.162309 0.715012 2 6 0.529237 7 0.470763
  6 2.825844 83.326523 -0.502418 0.943202 -0.300467 -0.141741 0.185732 0.728756 2 6 0.646705 7 0.353295
  6 2.741680 83.431618 -1.010790 0.888116 -0.253711 -0.383250 0.182239 0.776847 2 6 0.662277 7 0.337723
hwn2024_triboniophorus
  6 1.427889 83.271591 1.068563 0.339609 0.204508 0.918064 0.201422 0.521851 2 6 0.506015 7 0.493985
  6 1.366140 83.133659 1.131037 0.319601 0.140962 0.937008 0.215164 0.517958 2 6 0.511131 7 0.488869
  6 1.673431 83.081863 0.990272 0.486493 -0.007015 0.873656 0.213227 0.548449 2 6 0.536208 7 0.463792
hwn2024_triboniophorus
  6 1.408062 82.918602 1.134269 0.353741 -0.045150 0.934253 0.232455 0.525224 2 6 0.541889 7 0.458111
  6 1.673431 83.081863 0.990272 0.486493 -0.007015 0.873656 0.213227 0.548449 2 6 0.536208 7 0.463792
  6 1.366140 83.133659 1.131037 0.319601 0.140962 0.937008 0.215164 0.517958 2 6 0.511131 7 0.488869
hwn2024_triboniophorus
  6 1.408062 82.918602 1.134269 0.353741 -0.045150 0.934253 0.232455 0.525224 2 6 0.541889 7 0.458111
  6 1.774632 82.779984 0.930174 0.543840 -0.285256 0.789219 0.238157 0.563062 2 6 0.632655 7 0.367345
  6 1.673431 83.081863 0.990272 0.486493 -0.007015 0.873656 0.213227 0.548449 2 6 0.536208 7 0.463792
hwn2024_triboniophorus
  6 1.673431 83.081863 0.990272 0.486493 -0.007015 0.873656 0.213227 0.548449 2 6 0.536208 7 0.463792
  6 1.774632 82.779984 0.930174 0.543840 -0.285256 0.789219 0.238157 0.563062 2 6 0.632655 7 0.367345
  6 2.014502 82.955360 0.802102 0.570046 -0.364549 0.736309 0.219636 0.584813 2 6 0.594005 7 0.405995
hwn2024_triboniophorus
  6 1.032943 82.540627 1.191194 -0.039418 -0.273447 0.961079 0.270419 0.500279 2 6 0.668428 7 0.331572
  6 1.477431 82.429779 0.888205 0.486634 -0.495358 0.719589 0.276821 0.547140 2 6 0.866418 7 0.133582
  6 1.447680 82.607399 1.072195 0.441453 -0.304041 0.844203 0.257913 0.534902 2 6 0.659615 7 0.340385
hwn2024_triboniophorus
  6 1.032943 82.540627 1.191194 -0.039418 -0.273447 0.961079 0.270419 0.500279 2 6 0.668428 7 0.331572
  6 1.022823 82.249107 1.098437 0.019724 -0.468736 0.883118 0.295893 0.500279 2 6 0.896472 7 0.103528
  6 1.477431 82.429779 0.888205 0.486634 -0.495358 0.719589 0.276821 0.547140 2 6 0.866418 7 0.133582
hwn2024_triboniophorus
  6 1.032943 82.540627 1.191194 -0.039418 -0.273447 0.961079 0.270419 0.500279 2 6 0.668428 7 0.331572
  6 0.580852 82.617996 0.936697 -0.591041 -0.298182 0.749506 0.276578 0.453234 2 6 0.866426 7 0.133574
  6 1.022823 82.249107 1.098437 0.019724 -0.468736 0.883118 0.295893 0.500279 2 6 0.896472 7 0.103528
hwn2024_triboniophorus
  6 1.032943 82.540627 1.191194 -0.039418 -0.273447 0.961079 0.270419 0.500279 2 6 0.668428 7 0.331572
  6 0.674652 82.775528 1.105177 -0.465454 -0.109725 0.878244 0.257761 0.465591 2 6 0.659651 7 0.340349
  6 0.580852 82.617996 0.936697 -0.591041 -0.298182 0.749506 0.276578 0.453234 2 6 0.866426 7 0.133574
hwn2024_triboniophorus
  6 1.112392 82.906960 1.211804 0.036372 -0.004624 0.999328 0.239024 0.500279 2 6 0.542956 7 0.457044
  6 0.674652 82.775528 1.105177 -0.465454 -0.109725 0.878244 0.257761 0.465591 2 6 0.659651 7 0.340349
  6 1.032943 82.540627 1.191194 -0.039418 -0.273447 0.961079 0.270419 0.500279 2 6 0.668428 7 0.331572
hwn2024_triboniophorus
  6 1.112392 82.906960 1.211804 0.036372 -0.004624 0.999328 0.239024 0.500279 2 6 0.542956 7 0.457044
  6 1.032943 82.540627 1.191194 -0.039418 -0.273447 0.961079 0.270419 0.500279 2 6 0.668428 7 0.331572
  6 1.447680 82.607399 1.072195 0.441453 -0.304041 0.844203 0.257913 0.534902 2 6 0.659615 7 0.340385
hwn2024_triboniophorus
  6 0.972401 83.373550 1.085611 -0.153928 0.314955 0.936541 0.201390 0.478745 2 6 0.506022 7 0.493978
  6 1.172581 83.184677 1.166038 0.077653 0.183418 0.979963 0.214530 0.500279 2 6 0.507168 7 0.492832
  6 1.229662 83.449974 1.103725 0.092891 0.253960 0.962744 0.189661 0.500279 2 6 0.501215 7 0.498785
hwn2024_triboniophorus
  6 0.972401 83.373550 1.085611 -0.153928 0.314955 0.936541 0.201390 0.478745 2 6 0.506022 7 0.493978
  6 0.973780 83.221481 1.145700 -0.161238 0.248813 0.955036 0.215117 0.482627 2 6 0.511148 7 0.488852
  6 1.172581 83.184677 1.166038 0.077653 0.183418 0.979963 0.214530 0.500279 2 6 0.507168 7 0.492832
hwn2024_triboniophorus
  6 0.973780 83.221481 1.145700 -0.161238 0.248813 0.955036 0.215117 0.482627 2 6 0.511148 7 0.488852
  6 1.112392 82.906960 1.211804 0.036372 -0.004624 0.999328 0.239024 0.500279 2 6 0.542956 7 0.457044
  6 1.172581 83.184677 1.166038 0.077653 0.183418 0.979963 0.214530 0.500279 2 6 0.507168 7 0.492832
hwn2024_triboniophorus
  6 0.973780 83.221481 1.145700 -0.161238 0.248813 0.955036 0.215117 0.482627 2 6 0.511148 7 0.488852
  6 0.844545 83.044403 1.155626 -0.269583 0.098937 0.957881 0.232355 0.475347 2 6 0.541922 7 0.458078
  6 1.112392 82.906960 1.211804 0.036372 -0.004624 0.999328 0.239024 0.500279 2 6 0.542956 7 0.457044
hwn2024_triboniophorus
  6 1.112392 82.906960 1.211804 0.036372 -0.004624 0.999328 0.239024 0.500279 2 6 0.542956 7 0.457044
  6 0.844545 83.044403 1.155626 -0.269583 0.098937 0.957881 0.232355 0.475347 2 6 0.541922 7 0.458078
  6 0.674652 82.775528 1.105177 -0.465454 -0.109725 0.878244 0.257761 0.465591 2 6 0.659651 7 0.340349
hwn2024_triboniophorus
  6 0.439703 83.077286 0.981257 -0.553686 -0.037521 0.831880 0.237846 0.437601 2 6 0.632685 7 0.367315
  6 0.674652 82.775528 1.105177 -0.465454 -0.109725 0.878244 0.257761 0.465591 2 6 0.659651 7 0.340349
  6 0.844545 83.044403 1.155626 -0.269583 0.098937 0.957881 0.232355 0.475347 2 6 0.541922 7 0.458078
hwn2024_triboniophorus
  6 0.580852 82.617996 0.936697 -0.591041 -0.298182 0.749506 0.276578 0.453234 2 6 0.866426 7 0.133574
  6 0.674652 82.775528 1.105177 -0.465454 -0.109725 0.878244 0.257761 0.465591 2 6 0.659651 7 0.340349
  6 0.439703 83.077286 0.981257 -0.553686 -0.037521 0.831880 0.237846 0.437601 2 6 0.632685 7 0.367315
hwn2024_triboniophorus
  6 0.580852 82.617996 0.936697 -0.591041 -0.298182 0.749506 0.276578 0.453234 2 6 0.866426 7 0.133574
  6 0.439703 83.077286 0.981257 -0.553686 -0.037521 0.831880 0.237846 0.437601 2 6 0.632685 7 0.367315
  6 0.287956 82.970627 0.791771 -0.665914 -0.173374 0.725604 0.252208 0.419678 2 6 0.788945 7 0.211055
hwn2024_triboniophorus
  6 0.287956 82.970627 0.791771 -0.665914 -0.173374 0.725604 0.252208 0.419678 2 6 0.788945 7 0.211055
  6 0.439703 83.077286 0.981257 -0.553686 -0.037521 0.831880 0.237846 0.437601 2 6 0.632685 7 0.367315
  6 0.289583 83.341408 0.866659 -0.632290 -0.105979 0.767449 0.219361 0.416077 2 6 0.594017 7 0.405983
hwn2024_triboniophorus
  6 0.289583 83.341408 0.866659 -0.632290 -0.105979 0.767449 0.219361 0.416077 2 6 0.594017 7 0.405983
  6 -0.001110 83.095375 0.526338 -0.741053 -0.125292 0.659653 0.251246 0.383243 2 6 0.823933 7 0.176067
  6 0.287956 82.970627 0.791771 -0.665914 -0.173374 0.725604 0.252208 0.419678 2 6 0.788945 7 0.211055
hwn2024_triboniophorus
  6 0.289583 83.341408 0.866659 -0.632290 -0.105979 0.767449 0.219361 0.416077 2 6 0.594017 7 0.405983
  6 0.012058 83.442787 0.664056 -0.763230 -0.179147 0.620795 0.218201 0.384492 2 6 0.614954 7 0.385046
  6 -0.001110 83.095375 0.526338 -0.741053 -0.125292 0.659653 0.251246 0.383243 2 6 0.823933 7 0.176067
hwn2024_triboniophorus
  6 0.012058 83.442787 0.664056 -0.763230 -0.179147 0.620795 0.218201 0.384492 2 6 0.614954 7 0.385046
  6 -0.206651 83.235794 0.247602 -0.858494 -0.041079 0.511176 0.248147 0.348698 2 6 0.837000 7 0.163000
  6 -0.001110 83.095375 0.526338 -0.741053 -0.125292 0.659653 0.251246 0.383243 2 6 0.823933 7 0.176067
hwn2024_triboniophorus
  6 0.012058 83.442787 0.664056 -0.763230 -0.179147 0.620795 0.218201 0.384492 2 6 0.614954 7 0.385046
  6 -0.184549 83.624580 0.387615 -0.901512 -0.089291 0.423442 0.210749 0.351376 2 6 0.639439 7 0.360561
  6 -0.206651 83.235794 0.247602 -0.858494 -0.041079 0.511176 0.248147 0.348698 2 6 0.837000 7 0.163000
hwn2024_triboniophorus
  6 -0.184549 83.624580 0.387615 -0.901512 -0.089291 0.423442 0.210749 0.351376 2 6 0.639439 7 0.360561
  6 -0.359910 83.387451 -0.105522 -0.952489 0.087113 0.291848 0.244957 0.308913 2 6 0.833710 7 0.166290
  6 -0.206651 83.235794 0.247602 -0.858494 -0.041079 0.511176 0.248147 0.348698 2 6 0.837000 7 0.163000
hwn2024_triboniophorus
  6 -0.184549 83.624580 0.387615 -0.901512 -0.089291 0.423442 0.210749 0.351376 2 6 0.639439 7 0.360561
  6 -0.310995 83.925179 0.040919 -0.974359 -0.003216 0.224976 0.191937 0.313927 2 6 0.606547 7 0.393453
  6 -0.359910 83.387451 -0.105522 -0.952489 0.087113 0.291848 0.244957 0.308913 2 6 0.833710 7 0.166290
hwn2024_triboniophorus
  6 -0.368801 84.044167 -0.381194 -0.995781 0.078774 -0.047069 0.186892 0.274093 2 6 0.646704 7 0.353296
  6 -0.359910 83.387451 -0.105522 -0.952489 0.087113 0.291848 0.244957 0.308913 2 6 0.833710 7 0.166290
  6 -0.310995 83.925179 0.040919 -0.974359 -0.003216 0.224976 0.191937 0.313927 2 6 0.606547 7 0.393453
hwn2024_triboniophorus
  6 -0.367641 84.287247 -0.204525 -0.985747 0.162845 0.042245 0.163427 0.287655 2 6 0.529200 7 0.470800
  6 -0.368801 84.044167 -0.381194 -0.995781 0.078774 -0.047069 0.186892 0.274093 2 6 0.646704 7 0.353296
  6 -0.310995 83.925179 0.040919 -0.974359 -0.003216 0.224976 0.191937 0.313927 2 6 0.606547 7 0.393453
hwn2024_triboniophorus
  6 -0.367641 84.287247 -0.204525 -0.985747 0.162845 0.042245 0.163427 0.287655 2 6 0.529200 7 0.470800
  6 -0.293261 84.118019 -0.903454 -0.936598 0.151322 -0.316048 0.185391 0.226057 2 6 0.662272 7 0.337728
  6 -0.368801 84.044167 -0.381194 -0.995781 0.078774 -0.047069 0.186892 0.274093 2 6 0.646704 7 0.353296
hwn2024_triboniophorus
  6 0.972401 83.373550 1.085611 -0.153928 0.314955 0.936541 0.201390 0.478745 2 6 0.506022 7 0.493978
  6 0.664427 83.307693 1.027985 -0.379623 0.186835 0.906079 0.213101 0.452219 2 6 0.536228 7 0.463772
  6 0.973780 83.221481 1.145700 -0.161238 0.248813 0.955036 0.215117 0.482627 2 6 0.511148 7 0.488852
hwn2024_triboniophorus
  6 0.844545 83.044403 1.155626 -0.269583 0.098937 0.957881 0.232355 0.475347 2 6 0.541922 7 0.458078
  6 0.973780 83.221481 1.145700 -0.161238 0.248813 0.955036 0.215117 0.482627 2 6 0.511148 7 0.488852
  6 0.664427 83.307693 1.027985 -0.379623 0.186835 0.906079 0.213101 0.452219 2 6 0.536228 7 0.463772
hwn2024_triboniophorus
  6 0.439703 83.077286 0.981257 -0.553686 -0.037521 0.831880 0.237846 0.437601 2 6 0.632685 7 0.367315
  6 0.844545 83.044403 1.155626 -0.269583 0.098937 0.957881 0.232355 0.475347 2 6 0.541922 7 0.458078
  6 0.664427 83.307693 1.027985 -0.379623 0.186835 0.906079 0.213101 0.452219 2 6 0.536228 7 0.463772
hwn2024_triboniophorus
  6 0.664427 83.307693 1.027985 -0.379623 0.186835 0.906079 0.213101 0.452219 2 6 0.536228 7 0.463772
  6 0.289583 83.341408 0.866659 -0.632290 -0.105979 0.767449 0.219361 0.416077 2 6 0.594017 7 0.405983
  6 0.439703 83.077286 0.981257 -0.553686 -0.037521 0.831880 0.237846 0.437601 2 6 0.632685 7 0.367315
hwn2024_triboniophorus
  6 -0.367641 84.287247 -0.204525 -0.985747 0.162845 0.042245 0.163427 0.287655 2 6 0.529200 7 0.470800
  6 -0.318325 84.160950 0.217698 -0.923862 0.281025 0.259815 0.168483 0.324968 2 6 0.506838 7 0.493162
  6 -0.229198 84.309814 0.223782 -0.863971 0.360793 0.351258 0.153640 0.324854 2 6 0.504677 7 0.495323
hwn2024_triboniophorus
  6 -0.367641 84.287247 -0.204525 -0.985747 0.162845 0.042245 0.163427 0.287655 2 6 0.529200 7 0.470800
  6 -0.229198 84.309814 0.223782 -0.863971 0.360793 0.351258 0.153640 0.324854 2 6 0.504677 7 0.495323
  6 -0.156891 84.598915 0.227650 -0.911882 0.170048 0.373569 0.127793 0.322181 2 6 0.503713 7 0.496287
hwn2024_triboniophorus
  6 -0.367641 84.287247 -0.204525 -0.985747 0.162845 0.042245 0.163427 0.287655 2 6 0.529200 7 0.470800
  6 -0.156891 84.598915 0.227650 -0.911882 0.170048 0.373569 0.127793 0.322181 2 6 0.503713 7 0.496287
  6 -0.156914 85.239708 -0.091722 -0.958974 0.263495 0.104589 0.074016 0.284873 2 6 0.504965 7 0.495035
hwn2024_triboniophorus
  6 -0.156891 84.598915 0.227650 -0.911882 0.170048 0.373569 0.127793 0.322181 2 6 0.503713 7 0.496287
  6 -0.090132 84.950058 0.307311 -0.924025 0.061038 0.377427 0.096696 0.323877 2 6 0.500682 7 0.499318
  6 -0.156914 85.239708 -0.091722 -0.958974 0.263495 0.104589 0.074016 0.284873 2 6 0.504965 7 0.495035
hwn2024_triboniophorus
  6 -0.090132 84.950058 0.307311 -0.924025 0.061038 0.377427 0.096696 0.323877 2 6 0.500682 7 0.499318
  6 0.006170 85.192154 0.575081 -0.879641 0.199108 0.431958 0.074016 0.342291 2 6 0.500330 7 0.499670
  6 -0.156914 85.239708 -0.091722 -0.958974 0.263495 0.104589 0.074016 0.284873 2 6 0.504965 7 0.495035
hwn2024_triboniophorus
  6 0.362869 84.830887 0.925968 -0.723711 -0.278256 0.631519 0.095185 0.391208 2 6 0.500000 7 0.500000
  6 0.006170 85.192154 0.575081 -0.879641 0.199108 0.431958 0.074016 0.342291 2 6 0.500330 7 0.499670
  6 -0.090132 84.950058 0.307311 -0.924025 0.061038 0.377427 0.096696 0.323877 2 6 0.500682 7 0.499318
hwn2024_triboniophorus
  6 0.362869 84.830887 0.925968 -0.723711 -0.278256 0.631519 0.095185 0.391208 2 6 0.500000 7 0.500000
  6 0.355011 85.099297 1.050703 -0.758633 -0.159123 0.631787 0.074016 0.391135 2 6 0.500011 7 0.499989
  6 0.006170 85.192154 0.575081 -0.879641 0.199108 0.431958 0.074016 0.342291 2 6 0.500330 7 0.499670
hwn2024_triboniophorus
  6 0.610453 84.722527 1.075917 -0.592795 -0.425358 0.683860 0.096546 0.417954 2 6 0.500000 7 0.500000
  6 0.355011 85.099297 1.050703 -0.758633 -0.159123 0.631787 0.074016 0.391135 2 6 0.500011 7 0.499989
  6 0.362869 84.830887 0.925968 -0.723711 -0.278256 0.631519 0.095185 0.391208 2 6 0.500000 7 0.500000
hwn2024_triboniophorus
  6 0.610453 84.722527 1.075917 -0.592795 -0.425358 0.683860 0.096546 0.417954 2 6 0.500000 7 0.500000
  6 0.638990 84.960304 1.264906 -0.565061 -0.277168 0.777099 0.074016 0.421778 2 6 0.500000 7 0.500000
  6 0.355011 85.099297 1.050703 -0.758633 -0.159123 0.631787 0.074016 0.391135 2 6 0.500011 7 0.499989
hwn2024_triboniophorus
  6 0.610453 84.722527 1.075917 -0.592795 -0.425358 0.683860 0.096546 0.417954 2 6 0.500000 7 0.500000
  6 0.979052 84.767319 1.400156 -0.362680 -0.335602 0.869387 0.074016 0.454930 2 6 0.500000 7 0.500000
  6 0.638990 84.960304 1.264906 -0.565061 -0.277168 0.777099 0.074016 0.421778 2 6 0.500000 7 0.500000
hwn2024_triboniophorus
  6 0.638990 84.960304 1.264906 -0.565061 -0.277168 0.777099 0.074016 0.421778 2 6 0.500000 7 0.500000
  6 0.979052 84.767319 1.400156 -0.362680 -0.335602 0.869387 0.074016 0.454930 2 6 0.500000 7 0.500000
  6 1.015324 84.912125 1.389530 -0.177807 0.122857 0.976366 0.061787 0.453243 2 6 0.500000 7 0.500000
hwn2024_triboniophorus
  6 0.979052 84.767319 1.400156 -0.362680 -0.335602 0.869387 0.074016 0.454930 2 6 0.500000 7 0.500000
  6 1.526875 84.717583 1.459132 0.038314 0.080226 0.996040 0.063095 0.500279 2 6 0.500000 7 0.500000
  6 1.015324 84.912125 1.389530 -0.177807 0.122857 0.976366 0.061787 0.453243 2 6 0.500000 7 0.500000
hwn2024_triboniophorus
  6 0.979052 84.767319 1.400156 -0.362680 -0.335602 0.869387 0.074016 0.454930 2 6 0.500000 7 0.500000
  6 1.498510 84.589607 1.471188 -0.080500 -0.440676 0.894049 0.074016 0.500279 2 6 0.500000 7 0.500000
  6 1.526875 84.717583 1.459132 0.038314 0.080226 0.996040 0.063095 0.500279 2 6 0.500000 7 0.500000
hwn2024_triboniophorus
  6 1.498510 84.589607 1.471188 -0.080500 -0.440676 0.894049 0.074016 0.500279 2 6 0.500000 7 0.500000
  6 2.039940 84.532135 1.365794 0.206342 -0.643619 0.737006 0.074016 0.544358 2 6 0.500000 7 0.500000
  6 1.526875 84.717583 1.459132 0.038314 0.080226 0.996040 0.063095 0.500279 2 6 0.500000 7 0.500000
hwn2024_triboniophorus
  6 1.953236 84.270187 1.158592 0.206342 -0.643619 0.737006 0.103814 0.547477 2 6 0.500000 7 0.500000
  6 2.039940 84.532135 1.365794 0.206342 -0.643619 0.737006 0.074016 0.544358 2 6 0.500000 7 0.500000
  6 1.498510 84.589607 1.471188 -0.080500 -0.440676 0.894049 0.074016 0.500279 2 6 0.500000 7 0.500000
hwn2024_triboniophorus
  6 2.376379 84.449242 1.120184 0.432624 -0.621406 0.653216 0.083469 0.579304 2 6 0.500000 7 0.500000
  6 2.039940 84.532135 1.365794 0.206342 -0.643619 0.737006 0.074016 0.544358 2 6 0.500000 7 0.500000
  6 1.953236 84.270187 1.158592 0.206342 -0.643619 0.737006 0.103814 0.547477 2 6 0.500000 7 0.500000
hwn2024_triboniophorus
  6 2.376379 84.449242 1.120184 0.432624 -0.621406 0.653216 0.083469 0.579304 2 6 0.500000 7 0.500000
  6 1.953236 84.270187 1.158592 0.206342 -0.643619 0.737006 0.103814 0.547477 2 6 0.500000 7 0.500000
  6 2.328018 84.338058 1.011616 0.362932 -0.690005 0.626237 0.095815 0.581885 2 6 0.500000 7 0.500000
hwn2024_triboniophorus
  6 2.623648 84.391342 0.879135 0.524838 -0.679764 0.512314 0.087777 0.608647 2 6 0.500022 7 0.499978
  6 2.376379 84.449242 1.120184 0.432624 -0.621406 0.653216 0.083469 0.579304 2 6 0.500000 7 0.500000
  6 2.328018 84.338058 1.011616 0.362932 -0.690005 0.626237 0.095815 0.581885 2 6 0.500000 7 0.500000
hwn2024_triboniophorus
  6 0.610453 84.722527 1.075917 -0.592795 -0.425358 0.683860 0.096546 0.417954 2 6 0.500000 7 0.500000
  6 0.930092 84.499207 1.196892 -0.412450 -0.495335 0.764544 0.103943 0.452492 2 6 0.500000 7 0.500000
  6 0.979052 84.767319 1.400156 -0.362680 -0.335602 0.869387 0.074016 0.454930 2 6 0.500000 7 0.500000
hwn2024_triboniophorus
  6 0.930092 84.499207 1.196892 -0.412450 -0.495335 0.764544 0.103943 0.452492 2 6 0.500000 7 0.500000
  6 1.498510 84.589607 1.471188 -0.080500 -0.440676 0.894049 0.074016 0.500279 2 6 0.500000 7 0.500000
  6 0.979052 84.767319 1.400156 -0.362680 -0.335602 0.869387 0.074016 0.454930 2 6 0.500000 7 0.500000
hwn2024_triboniophorus
  6 0.930092 84.499207 1.196892 -0.412450 -0.495335 0.764544 0.103943 0.452492 2 6 0.500000 7 0.500000
  6 1.429047 84.311676 1.277348 -0.100027 -0.577738 0.810070 0.105274 0.500279 2 6 0.500000 7 0.500000
  6 1.498510 84.589607 1.471188 -0.080500 -0.440676 0.894049 0.074016 0.500279 2 6 0.500000 7 0.500000
hwn2024_triboniophorus
  6 1.953236 84.270187 1.158592 0.206342 -0.643619 0.737006 0.103814 0.547477 2 6 0.500000 7 0.500000
  6 1.498510 84.589607 1.471188 -0.080500 -0.440676 0.894049 0.074016 0.500279 2 6 0.500000 7 0.500000
  6 1.429047 84.311676 1.277348 -0.100027 -0.577738 0.810070 0.105274 0.500279 2 6 0.500000 7 0.500000
hwn2024_triboniophorus
  6 -0.156914 85.239708 -0.091722 -0.958974 0.263495 0.104589 0.074016 0.284873 2 6 0.504965 7 0.495035
  6 -0.107195 85.354324 -0.713290 -0.919717 0.303044 -0.249570 0.074016 0.231779 2 6 0.504997 7 0.495003
  6 -0.367641 84.287247 -0.204525 -0.985747 0.162845 0.042245 0.163427 0.287655 2 6 0.529200 7 0.470800
hwn2024_triboniophorus
  6 -0.107195 85.354324 -0.713290 -0.919717 0.303044 -0.249570 0.074016 0.231779 2 6 0.504997 7 0.495003
  6 -0.156914 85.239708 -0.091722 -0.958974 0.263495 0.104589 0.074016 0.284873 2 6 0.504965 7 0.495035
  6 -0.060617 85.481354 -0.073315 -0.925928 0.356675 0.124259 0.052679 0.284228 2 6 0.500539 7 0.499461
hwn2024_triboniophorus
  6 -0.156914 85.239708 -0.091722 -0.958974 0.263495 0.104589 0.074016 0.284873 2 6 0.504965 7 0.495035
  6 0.062515 85.351700 0.566434 -0.854191 0.321496 0.408654 0.059761 0.341195 2 6 0.500041 7 0.499959
  6 -0.060617 85.481354 -0.073315 -0.925928 0.356675 0.124259 0.052679 0.284228 2 6 0.500539 7 0.499461
hwn2024_triboniophorus
  6 -0.156914 85.239708 -0.091722 -0.958974 0.263495 0.104589 0.074016 0.284873 2 6 0.504965 7 0.495035
  6 0.006170 85.192154 0.575081 -0.879641 0.199108 0.431958 0.074016 0.342291 2 6 0.500330 7 0.499670
  6 0.062515 85.351700 0.566434 -0.854191 0.321496 0.408654 0.059761 0.341195 2 6 0.500041 7 0.499959
hwn2024_triboniophorus
  6 0.006170 85.192154 0.575081 -0.879641 0.199108 0.431958 0.074016 0.342291 2 6 0.500330 7 0.499670
  6 0.381474 85.188217 1.043000 -0.670036 0.263612 0.693945 0.066125 0.390160 2 6 0.500000 7 0.500000
  6 0.062515 85.351700 0.566434 -0.854191 0.321496 0.408654 0.059761 0.341195 2 6 0.500041 7 0.499959
hwn2024_triboniophorus
  6 0.006170 85.192154 0.575081 -0.879641 0.199108 0.431958 0.074016 0.342291 2 6 0.500330 7 0.499670
  6 0.355011 85.099297 1.050703 -0.758633 -0.159123 0.631787 0.074016 0.391135 2 6 0.500011 7 0.499989
  6 0.381474 85.188217 1.043000 -0.670036 0.263612 0.693945 0.066125 0.390160 2 6 0.500000 7 0.500000
hwn2024_triboniophorus
  6 0.355011 85.099297 1.050703 -0.758633 -0.159123 0.631787 0.074016 0.391135 2 6 0.500011 7 0.499989
  6 0.666235 85.055954 1.257221 -0.379623 0.186835 0.906079 0.065735 0.420471 2 6 0.500000 7 0.500000
  6 0.381474 85.188217 1.043000 -0.670036 0.263612 0.693945 0.066125 0.390160 2 6 0.500000 7 0.500000
hwn2024_triboniophorus
  6 0.355011 85.099297 1.050703 -0.758633 -0.159123 0.631787 0.074016 0.391135 2 6 0.500011 7 0.499989
  6 0.638990 84.960304 1.264906 -0.565061 -0.277168 0.777099 0.074016 0.421778 2 6 0.500000 7 0.500000
  6 0.666235 85.055954 1.257221 -0.379623 0.186835 0.906079 0.065735 0.420471 2 6 0.500000 7 0.500000
hwn2024_triboniophorus
  6 0.638990 84.960304 1.264906 -0.565061 -0.277168 0.777099 0.074016 0.421778 2 6 0.500000 7 0.500000
  6 1.015324 84.912125 1.389530 -0.177807 0.122857 0.976366 0.061787 0.453243 2 6 0.500000 7 0.500000
  6 0.666235 85.055954 1.257221 -0.379623 0.186835 0.906079 0.065735 0.420471 2 6 0.500000 7 0.500000
hwn2024_triboniophorus
  6 1.759884 85.130142 1.562706 0.338057 0.899255 0.277593 0.894531 0.394531 2 6 0.500000 7 0.500000
  6 2.428566 84.911720 1.376486 0.398389 0.878016 0.265280 0.894531 0.441406 2 6 0.500000 7 0.500000
  6 2.426041 85.066879 1.291560 0.398177 -0.184603 0.898542 0.886719 0.441406 2 6 0.500000 7 0.500000
hwn2024_triboniophorus
  6 2.428566 84.911720 1.376486 0.398389 0.878016 0.265280 0.894531 0.441406 2 6 0.500000 7 0.500000
  6 2.941362 84.936348 0.877751 0.704609 -0.254951 0.662213 0.886719 0.488281 2 6 0.500000 7 0.500000
  6 2.426041 85.066879 1.291560 0.398177 -0.184603 0.898542 0.886719 0.441406 2 6 0.500000 7 0.500000
hwn2024_triboniophorus
  6 2.428566 84.911720 1.376486 0.398389 0.878016 0.265280 0.894531 0.441406 2 6 0.500000 7 0.500000
  6 2.982021 84.769890 0.933747 0.443977 0.865285 0.232737 0.894531 0.488281 2 6 0.500000 7 0.500000
  6 2.941362 84.936348 0.877751 0.704609 -0.254951 0.662213 0.886719 0.488281 2 6 0.500000 7 0.500000
hwn2024_triboniophorus
  6 2.982021 84.769890 0.933747 0.443977 0.865285 0.232737 0.894531 0.488281 2 6 0.500000 7 0.500000
  6 3.286373 84.898720 0.290373 0.903021 -0.265666 0.337600 0.886719 0.535156 2 6 0.500000 7 0.500000
  6 2.941362 84.936348 0.877751 0.704609 -0.254951 0.662213 0.886719 0.488281 2 6 0.500000 7 0.500000
hwn2024_triboniophorus
  6 2.982021 84.769890 0.933747 0.443977 0.865285 0.232737 0.894531 0.488281 2 6 0.500000 7 0.500000
  6 3.351255 84.728340 0.305309 0.472190 0.866145 0.163795 0.894531 0.535156 2 6 0.500000 7 0.500000
  6 3.286373 84.898720 0.290373 0.903021 -0.265666 0.337600 0.886719 0.535156 2 6 0.500000 7 0.500000
hwn2024_triboniophorus
  6 3.351255 84.728340 0.305309 0.472190 0.866145 0.163795 0.894531 0.535156 2 6 0.500000 7 0.500000
  6 3.406490 84.970108 -0.380263 0.975276 -0.219290 -0.027353 0.886719 0.582031 2 6 0.500000 7 0.500000
  6 3.286373 84.898720 0.290373 0.903021 -0.265666 0.337600 0.886719 0.535156 2 6 0.500000 7 0.500000
hwn2024_triboniophorus
  6 3.351255 84.728340 0.305309 0.472190 0.866145 0.163795 0.894531 0.535156 2 6 0.500000 7 0.500000
  6 3.479467 84.804565 -0.411806 0.472190 0.866145 0.163795 0.894531 0.582031 2 6 0.500000 7 0.500000
  6 3.406490 84.970108 -0.380263 0.975276 -0.219290 -0.027353 0.886719 0.582031 2 6 0.500000 7 0.500000
hwn2024_triboniophorus
  6 3.479467 84.804565 -0.411806 0.472190 0.866145 0.163795 0.894531 0.582031 2 6 0.500000 7 0.500000
  6 3.290287 85.139412 -1.030525 0.914446 -0.124321 -0.385140 0.886719 0.628906 2 6 0.500000 7 0.500000
  6 3.406490 84.970108 -0.380263 0.975276 -0.219290 -0.027353 0.886719 0.582031 2 6 0.500000 7 0.500000
hwn2024_triboniophorus
  6 3.479467 84.804565 -0.411806 0.472190 0.866145 0.163795 0.894531 0.582031 2 6 0.500000 7 0.500000
  6 3.353872 84.987480 -1.106754 0.459525 0.878236 0.132431 0.894531 0.628906 2 6 0.500000 7 0.500000
  6 3.290287 85.139412 -1.030525 0.914446 -0.124321 -0.385140 0.886719 0.628906 2 6 0.500000 7 0.500000
hwn2024_triboniophorus
  6 2.988295 85.241783 -1.675792 0.427825 0.898428 0.098958 0.894531 0.675781 2 6 0.500000 7 0.500000
  6 3.290287 85.139412 -1.030525 0.914446 -0.124321 -0.385140 0.886719 0.628906 2 6 0.500000 7 0.500000
  6 3.353872 84.987480 -1.106754 0.459525 0.878236 0.132431 0.894531 0.628906 2 6 0.500000 7 0.500000
hwn2024_triboniophorus
  6 2.988295 85.241783 -1.675792 0.427825 0.898428 0.098958 0.894531 0.675781 2 6 0.500000 7 0.500000
  6 2.951401 85.374374 -1.563123 0.716023 0.009466 -0.698012 0.886719 0.675781 2 6 0.500000 7 0.500000
  6 3.290287 85.139412 -1.030525 0.914446 -0.124321 -0.385140 0.886719 0.628906 2 6 0.500000 7 0.500000
hwn2024_triboniophorus
  6 2.988295 85.241783 -1.675792 0.427825 0.898428 0.098958 0.894531 0.675781 2 6 0.500000 7 0.500000
  6 2.422012 85.523567 -2.036407 0.378035 0.922628 0.076460 0.894531 0.722656 2 6 0.500000 7 0.500000
  6 2.425964 85.635086 -1.900774 0.403280 0.159126 -0.901135 0.886719 0.722656 2 6 0.500000 7 0.500000
hwn2024_triboniophorus
  6 2.988295 85.241783 -1.675792 0.427825 0.898428 0.098958 0.894531 0.675781 2 6 0.500000 7 0.500000
  6 2.425964 85.635086 -1.900774 0.403280 0.159126 -0.901135 0.886719 0.722656 2 6 0.500000 7 0.500000
  6 2.951401 85.374374 -1.563123 0.716023 0.009466 -0.698012 0.886719 0.675781 2 6 0.500000 7 0.500000
hwn2024_triboniophorus
  6 2.866234 86.783829 -1.665086 0.362061 -0.007547 -0.932124 0.812500 0.722656 2 6 0.500000 7 0.500000
  6 2.951401 85.374374 -1.563123 0.716023 0.009466 -0.698012 0.886719 0.675781 2 6 0.500000 7 0.500000
  6 2.425964 85.635086 -1.900774 0.403280 0.159126 -0.901135 0.886719 0.722656 2 6 0.500000 7 0.500000
hwn2024_triboniophorus
  6 2.866234 86.783829 -1.665086 0.362061 -0.007547 -0.932124 0.812500 0.722656 2 6 0.500000 7 0.500000
  6 3.378567 86.529694 -1.322319 0.668896 -0.155768 -0.726852 0.812500 0.675781 2 6 0.500000 7 0.500000
  6 2.951401 85.374374 -1.563123 0.716023 0.009466 -0.698012 0.886719 0.675781 2 6 0.500000 7 0.500000
hwn2024_triboniophorus
  6 3.378567 86.529694 -1.322319 0.668896 -0.155768 -0.726852 0.812500 0.675781 2 6 0.500000 7 0.500000
  6 3.290287 85.139412 -1.030525 0.914446 -0.124321 -0.385140 0.886719 0.628906 2 6 0.500000 7 0.500000
  6 2.951401 85.374374 -1.563123 0.716023 0.009466 -0.698012 0.886719 0.675781 2 6 0.500000 7 0.500000
hwn2024_triboniophorus
  6 3.378567 86.529694 -1.322319 0.668896 -0.155768 -0.726852 0.812500 0.675781 2 6 0.500000 7 0.500000
  6 3.715126 86.328857 -0.787052 0.865616 -0.283782 -0.412524 0.812500 0.628906 2 6 0.500000 7 0.500000
  6 3.290287 85.139412 -1.030525 0.914446 -0.124321 -0.385140 0.886719 0.628906 2 6 0.500000 7 0.500000
hwn2024_triboniophorus
  6 3.715126 86.328857 -0.787052 0.865616 -0.283782 -0.412524 0.812500 0.628906 2 6 0.500000 7 0.500000
  6 3.406490 84.970108 -0.380263 0.975276 -0.219290 -0.027353 0.886719 0.582031 2 6 0.500000 7 0.500000
  6 3.290287 85.139412 -1.030525 0.914446 -0.124321 -0.385140 0.886719 0.628906 2 6 0.500000 7 0.500000
hwn2024_triboniophorus
  6 3.715126 86.328857 -0.787052 0.865616 -0.283782 -0.412524 0.812500 0.628906 2 6 0.500000 7 0.500000
  6 3.839815 86.212311 -0.138521 0.927591 -0.370425 -0.048582 0.812500 0.582031 2 6 0.500000 7 0.500000
  6 3.406490 84.970108 -0.380263 0.975276 -0.219290 -0.027353 0.886719 0.582031 2 6 0.500000 7 0.500000
hwn2024_triboniophorus
  6 3.839815 86.212311 -0.138521 0.927591 -0.370425 -0.048582 0.812500 0.582031 2 6 0.500000 7 0.500000
  6 3.286373 84.898720 0.290373 0.903021 -0.265666 0.337600 0.886719 0.535156 2 6 0.500000 7 0.500000
  6 3.406490 84.970108 -0.380263 0.975276 -0.219290 -0.027353 0.886719 0.582031 2 6 0.500000 7 0.500000
hwn2024_triboniophorus
  6 3.839815 86.212311 -0.138521 0.927591 -0.370425 -0.048582 0.812500 0.582031 2 6 0.500000 7 0.500000
  6 3.734295 86.202599 0.524578 0.866569 -0.384535 0.318106 0.812500 0.535156 2 6 0.500000 7 0.500000
  6 3.286373 84.898720 0.290373 0.903021 -0.265666 0.337600 0.886719 0.535156 2 6 0.500000 7 0.500000
hwn2024_triboniophorus
  6 3.734295 86.202599 0.524578 0.866569 -0.384535 0.318106 0.812500 0.535156 2 6 0.500000 7 0.500000
  6 2.941362 84.936348 0.877751 0.704609 -0.254951 0.662213 0.886719 0.488281 2 6 0.500000 7 0.500000
  6 3.286373 84.898720 0.290373 0.903021 -0.265666 0.337600 0.886719 0.535156 2 6 0.500000 7 0.500000
hwn2024_triboniophorus
  6 3.734295 86.202599 0.524578 0.866569 -0.384535 0.318106 0.812500 0.535156 2 6 0.500000 7 0.500000
  6 3.412048 86.300217 1.100530 0.673052 -0.373731 0.638221 0.812500 0.488281 2 6 0.500000 7 0.500000
  6 2.941362 84.936348 0.877751 0.704609 -0.254951 0.662213 0.886719 0.488281 2 6 0.500000 7 0.500000
hwn2024_triboniophorus
  6 3.412048 86.300217 1.100530 0.673052 -0.373731 0.638221 0.812500 0.488281 2 6 0.500000 7 0.500000
  6 2.426041 85.066879 1.291560 0.398177 -0.184603 0.898542 0.886719 0.441406 2 6 0.500000 7 0.500000
  6 2.941362 84.936348 0.877751 0.704609 -0.254951 0.662213 0.886719 0.488281 2 6 0.500000 7 0.500000
hwn2024_triboniophorus
  6 3.412048 86.300217 1.100530 0.673052 -0.373731 0.638221 0.812500 0.488281 2 6 0.500000 7 0.500000
  6 2.920370 86.485413 1.501052 0.352422 -0.313313 0.881835 0.812500 0.441406 2 6 0.500000 7 0.500000
  6 2.426041 85.066879 1.291560 0.398177 -0.184603 0.898542 0.886719 0.441406 2 6 0.500000 7 0.500000
hwn2024_triboniophorus
  6 2.920370 86.485413 1.501052 0.352422 -0.313313 0.881835 0.812500 0.441406 2 6 0.500000 7 0.500000
  6 1.804207 85.268837 1.465534 0.024204 -0.058732 0.997980 0.886719 0.394531 2 6 0.500000 7 0.500000
  6 2.426041 85.066879 1.291560 0.398177 -0.184603 0.898542 0.886719 0.441406 2 6 0.500000 7 0.500000
hwn2024_triboniophorus
  6 2.920370 86.485413 1.501052 0.352422 -0.313313 0.881835 0.812500 0.441406 2 6 0.500000 7 0.500000
  6 2.322901 86.730049 1.663375 -0.024609 -0.177423 0.983827 0.812500 0.394531 2 6 0.500000 7 0.500000
  6 1.804207 85.268837 1.465534 0.024204 -0.058732 0.997980 0.886719 0.394531 2 6 0.500000 7 0.500000
hwn2024_triboniophorus
  6 2.322901 86.730049 1.663375 -0.024609 -0.177423 0.983827 0.812500 0.394531 2 6 0.500000 7 0.500000
  6 1.167868 85.506371 1.371364 -0.327243 0.076637 0.941827 0.886719 0.347656 2 6 0.500000 7 0.500000
  6 1.804207 85.268837 1.465534 0.024204 -0.058732 0.997980 0.886719 0.394531 2 6 0.500000 7 0.500000
hwn2024_triboniophorus
  6 2.322901 86.730049 1.663375 -0.024609 -0.177423 0.983827 0.812500 0.394531 2 6 0.500000 7 0.500000
  6 1.713297 86.992081 1.562793 -0.364444 -0.050122 0.929875 0.812500 0.347656 2 6 0.500000 7 0.500000
  6 1.167868 85.506371 1.371364 -0.327243 0.076637 0.941827 0.886719 0.347656 2 6 0.500000 7 0.500000
hwn2024_triboniophorus
  6 1.167868 85.506371 1.371364 -0.327243 0.076637 0.941827 0.886719 0.347656 2 6 0.500000 7 0.500000
  6 1.713297 86.992081 1.562793 -0.364444 -0.050122 0.929875 0.812500 0.347656 2 6 0.500000 7 0.500000
  6 1.186333 87.228653 1.214616 -0.667413 0.104829 0.737273 0.812500 0.300781 2 6 0.500000 7 0.500000
hwn2024_triboniophorus
  6 2.322901 86.730049 1.663375 -0.024609 -0.177423 0.983827 0.812500 0.394531 2 6 0.500000 7 0.500000
  6 2.920370 86.485413 1.501052 0.352422 -0.313313 0.881835 0.812500 0.441406 2 6 0.500000 7 0.500000
  6 3.574306 88.117302 1.915184 0.256652 -0.355527 0.898738 0.730469 0.441406 2 6 0.500000 7 0.500000
hwn2024_triboniophorus
  6 2.920370 86.485413 1.501052 0.352422 -0.313313 0.881835 0.812500 0.441406 2 6 0.500000 7 0.500000
  6 4.088862 87.848488 1.485048 0.597056 -0.447986 0.665456 0.730469 0.488281 2 6 0.500000 7 0.500000
  6 3.574306 88.117302 1.915184 0.256652 -0.355527 0.898738 0.730469 0.441406 2 6 0.500000 7 0.500000
hwn2024_triboniophorus
  6 2.920370 86.485413 1.501052 0.352422 -0.313313 0.881835 0.812500 0.441406 2 6 0.500000 7 0.500000
  6 3.412048 86.300217 1.100530 0.673052 -0.373731 0.638221 0.812500 0.488281 2 6 0.500000 7 0.500000
  6 4.088862 87.848488 1.485048 0.597056 -0.447986 0.665456 0.730469 0.488281 2 6 0.500000 7 0.500000
hwn2024_triboniophorus
  6 3.412048 86.300217 1.100530 0.673052 -0.373731 0.638221 0.812500 0.488281 2 6 0.500000 7 0.500000
  6 4.414927 87.670563 0.860217 0.823727 -0.458467 0.333588 0.730469 0.535156 2 6 0.500000 7 0.500000
  6 4.088862 87.848488 1.485048 0.597056 -0.447986 0.665456 0.730469 0.488281 2 6 0.500000 7 0.500000
hwn2024_triboniophorus
  6 3.412048 86.300217 1.100530 0.673052 -0.373731 0.638221 0.812500 0.488281 2 6 0.500000 7 0.500000
  6 3.734295 86.202599 0.524578 0.866569 -0.384535 0.318106 0.812500 0.535156 2 6 0.500000 7 0.500000
  6 4.414927 87.670563 0.860217 0.823727 -0.458467 0.333588 0.730469 0.535156 2 6 0.500000 7 0.500000
hwn2024_triboniophorus
  6 3.734295 86.202599 0.524578 0.866569 -0.384535 0.318106 0.812500 0.535156 2 6 0.500000 7 0.500000
  6 4.510241 87.609314 0.137300 0.890434 -0.452384 -0.049753 0.730469 0.582031 2 6 0.500000 7 0.500000
  6 4.414927 87.670563 0.860217 0.823727 -0.458467 0.333588 0.730469 0.535156 2 6 0.500000 7 0.500000
hwn2024_triboniophorus
  6 3.734295 86.202599 0.524578 0.866569 -0.384535 0.318106 0.812500 0.535156 2 6 0.500000 7 0.500000
  6 3.839815 86.212311 -0.138521 0.927591 -0.370425 -0.048582 0.812500 0.582031 2 6 0.500000 7 0.500000
  6 4.510241 87.609314 0.137300 0.890434 -0.452384 -0.049753 0.730469 0.582031 2 6 0.500000 7 0.500000
hwn2024_triboniophorus
  6 3.839815 86.212311 -0.138521 0.927591 -0.370425 -0.048582 0.812500 0.582031 2 6 0.500000 7 0.500000
  6 4.359539 87.675819 -0.573536 0.841544 -0.382251 -0.381690 0.730469 0.628906 2 6 0.500000 7 0.500000
  6 4.510241 87.609314 0.137300 0.890434 -0.452384 -0.049753 0.730469 0.582031 2 6 0.500000 7 0.500000
hwn2024_triboniophorus
  6 3.839815 86.212311 -0.138521 0.927591 -0.370425 -0.048582 0.812500 0.582031 2 6 0.500000 7 0.500000
  6 3.715126 86.328857 -0.787052 0.865616 -0.283782 -0.412524 0.812500 0.628906 2 6 0.500000 7 0.500000
  6 4.359539 87.675819 -0.573536 0.841544 -0.382251 -0.381690 0.730469 0.628906 2 6 0.500000 7 0.500000
hwn2024_triboniophorus
  6 3.715126 86.328857 -0.787052 0.865616 -0.283782 -0.412524 0.812500 0.628906 2 6 0.500000 7 0.500000
  6 3.990669 87.856445 -1.163451 0.666042 -0.239134 -0.706542 0.730469 0.675781 2 6 0.500000 7 0.500000
  6 4.359539 87.675819 -0.573536 0.841544 -0.382251 -0.381690 0.730469 0.628906 2 6 0.500000 7 0.500000
hwn2024_triboniophorus
  6 3.715126 86.328857 -0.787052 0.865616 -0.283782 -0.412524 0.812500 0.628906 2 6 0.500000 7 0.500000
  6 3.378567 86.529694 -1.322319 0.668896 -0.155768 -0.726852 0.812500 0.675781 2 6 0.500000 7 0.500000
  6 3.990669 87.856445 -1.163451 0.666042 -0.239134 -0.706542 0.730469 0.675781 2 6 0.500000 7 0.500000
hwn2024_triboniophorus
  6 3.378567 86.529694 -1.322319 0.668896 -0.155768 -0.726852 0.812500 0.675781 2 6 0.500000 7 0.500000
  6 3.443602 88.127838 -1.545658 0.339222 -0.093251 -0.936073 0.730469 0.722656 2 6 0.500000 7 0.500000
  6 3.990669 87.856445 -1.163451 0.666042 -0.239134 -0.706542 0.730469 0.675781 2 6 0.500000 7 0.500000
hwn2024_triboniophorus
  6 3.378567 86.529694 -1.322319 0.668896 -0.155768 -0.726852 0.812500 0.675781 2 6 0.500000 7 0.500000
  6 2.866234 86.783829 -1.665086 0.362061 -0.007547 -0.932124 0.812500 0.722656 2 6 0.500000 7 0.500000
  6 3.443602 88.127838 -1.545658 0.339222 -0.093251 -0.936073 0.730469 0.722656 2 6 0.500000 7 0.500000
hwn2024_triboniophorus
  6 2.253857 87.048340 -1.763567 -0.003702 0.126984 -0.991898 0.812500 0.765625 2 6 0.500000 7 0.500000
  6 3.443602 88.127838 -1.545658 0.339222 -0.093251 -0.936073 0.730469 0.722656 2 6 0.500000 7 0.500000
  6 2.866234 86.783829 -1.665086 0.362061 -0.007547 -0.932124 0.812500 0.722656 2 6 0.500000 7 0.500000
hwn2024_triboniophorus
  6 2.253857 87.048340 -1.763567 -0.003702 0.126984 -0.991898 0.812500 0.765625 2 6 0.500000 7 0.500000
  6 2.866234 86.783829 -1.665086 0.362061 -0.007547 -0.932124 0.812500 0.722656 2 6 0.500000 7 0.500000
  6 2.425964 85.635086 -1.900774 0.403280 0.159126 -0.901135 0.886719 0.722656 2 6 0.500000 7 0.500000
hwn2024_triboniophorus
  6 2.253857 87.048340 -1.763567 -0.003702 0.126984 -0.991898 0.812500 0.765625 2 6 0.500000 7 0.500000
  6 2.425964 85.635086 -1.900774 0.403280 0.159126 -0.901135 0.886719 0.722656 2 6 0.500000 7 0.500000
  6 1.790646 85.875320 -1.993404 0.030913 0.267256 -0.963130 0.886719 0.765625 2 6 0.500000 7 0.500000
hwn2024_triboniophorus
  6 2.422012 85.523567 -2.036407 0.378035 0.922628 0.076460 0.894531 0.722656 2 6 0.500000 7 0.500000
  6 1.790646 85.875320 -1.993404 0.030913 0.267256 -0.963130 0.886719 0.765625 2 6 0.500000 7 0.500000
  6 2.425964 85.635086 -1.900774 0.403280 0.159126 -0.901135 0.886719 0.722656 2 6 0.500000 7 0.500000
hwn2024_triboniophorus
  6 2.422012 85.523567 -2.036407 0.378035 0.922628 0.076460 0.894531 0.722656 2 6 0.500000 7 0.500000
  6 1.742868 85.780670 -2.134319 0.317956 0.945085 0.075622 0.894531 0.765625 2 6 0.500000 7 0.500000
  6 1.790646 85.875320 -1.993404 0.030913 0.267256 -0.963130 0.886719 0.765625 2 6 0.500000 7 0.500000
hwn2024_triboniophorus
  6 2.253857 87.048340 -1.763567 -0.003702 0.126984 -0.991898 0.812500 0.765625 2 6 0.500000 7 0.500000
  6 2.798512 88.447533 -1.662813 -0.040885 0.045758 -0.998116 0.730469 0.765625 2 6 0.500000 7 0.500000
  6 3.443602 88.127838 -1.545658 0.339222 -0.093251 -0.936073 0.730469 0.722656 2 6 0.500000 7 0.500000
hwn2024_triboniophorus
  6 1.644077 87.276772 -1.601922 -0.359972 0.251453 -0.898438 0.812500 0.066406 2 6 0.500000 7 0.500000
  6 2.253857 87.048340 -1.763567 -0.003702 0.126984 -0.991898 0.812500 0.015625 2 6 0.500000 7 0.500000
  6 1.790646 85.875320 -1.993404 0.030913 0.267256 -0.963130 0.886719 0.015625 2 6 0.500000 7 0.500000
hwn2024_triboniophorus
  6 2.798512 88.447533 -1.662813 -0.040885 0.045758 -0.998116 0.730469 0.015625 2 6 0.500000 7 0.500000
  6 2.253857 87.048340 -1.763567 -0.003702 0.126984 -0.991898 0.812500 0.015625 2 6 0.500000 7 0.500000
  6 1.644077 87.276772 -1.601922 -0.359972 0.251453 -0.898438 0.812500 0.066406 2 6 0.500000 7 0.500000
hwn2024_triboniophorus
  6 2.798512 88.447533 -1.662813 -0.040885 0.045758 -0.998116 0.730469 0.015625 2 6 0.500000 7 0.500000
  6 1.644077 87.276772 -1.601922 -0.359972 0.251453 -0.898438 0.812500 0.066406 2 6 0.500000 7 0.500000
  6 2.163033 88.762497 -1.495609 -0.388147 0.174628 -0.904902 0.730469 0.066406 2 6 0.500000 7 0.500000
hwn2024_triboniophorus
  6 1.129871 87.436638 -1.206599 -0.667424 0.327151 -0.668967 0.812500 0.113281 2 6 0.500000 7 0.500000
  6 2.163033 88.762497 -1.495609 -0.388147 0.174628 -0.904902 0.730469 0.066406 2 6 0.500000 7 0.500000
  6 1.644077 87.276772 -1.601922 -0.359972 0.251453 -0.898438 0.812500 0.066406 2 6 0.500000 7 0.500000
hwn2024_triboniophorus
  6 1.129871 87.436638 -1.206599 -0.667424 0.327151 -0.668967 0.812500 0.113281 2 6 0.500000 7 0.500000
  6 1.633316 89.026848 -1.070332 -0.690521 0.239491 -0.682513 0.730469 0.113281 2 6 0.500000 7 0.500000
  6 2.163033 88.762497 -1.495609 -0.388147 0.174628 -0.904902 0.730469 0.066406 2 6 0.500000 7 0.500000
hwn2024_triboniophorus
  6 0.791262 87.512482 -0.637144 -0.874348 0.351622 -0.334482 0.812500 0.160156 2 6 0.500000 7 0.500000
  6 1.633316 89.026848 -1.070332 -0.690521 0.239491 -0.682513 0.730469 0.113281 2 6 0.500000 7 0.500000
  6 1.129871 87.436638 -1.206599 -0.667424 0.327151 -0.668967 0.812500 0.113281 2 6 0.500000 7 0.500000
hwn2024_triboniophorus
  6 0.791262 87.512482 -0.637144 -0.874348 0.351622 -0.334482 0.812500 0.160156 2 6 0.500000 7 0.500000
  6 1.290920 89.203392 -0.450736 -0.900620 0.287368 -0.326041 0.730469 0.160156 2 6 0.500000 7 0.500000
  6 1.633316 89.026848 -1.070332 -0.690521 0.239491 -0.682513 0.730469 0.113281 2 6 0.500000 7 0.500000
hwn2024_triboniophorus
  6 0.684788 87.501854 0.023021 -0.946501 0.318706 0.050618 0.812500 0.207031 2 6 0.500000 7 0.500000
  6 1.290920 89.203392 -0.450736 -0.900620 0.287368 -0.326041 0.730469 0.160156 2 6 0.500000 7 0.500000
  6 0.791262 87.512482 -0.637144 -0.874348 0.351622 -0.334482 0.812500 0.160156 2 6 0.500000 7 0.500000
hwn2024_triboniophorus
  6 0.684788 87.501854 0.023021 -0.946501 0.318706 0.050618 0.812500 0.207031 2 6 0.500000 7 0.500000
  6 1.191347 89.266418 0.270855 -0.962018 0.269179 0.045422 0.730469 0.207031 2 6 0.500000 7 0.500000
  6 1.290920 89.203392 -0.450736 -0.900620 0.287368 -0.326041 0.730469 0.160156 2 6 0.500000 7 0.500000
hwn2024_triboniophorus
  6 0.824717 87.405380 0.673718 -0.868087 0.244688 0.431917 0.812500 0.253906 2 6 0.500000 7 0.500000
  6 1.191347 89.266418 0.270855 -0.962018 0.269179 0.045422 0.730469 0.207031 2 6 0.500000 7 0.500000
  6 0.684788 87.501854 0.023021 -0.946501 0.318706 0.050618 0.812500 0.207031 2 6 0.500000 7 0.500000
hwn2024_triboniophorus
  6 0.824717 87.405380 0.673718 -0.868087 0.244688 0.431917 0.812500 0.253906 2 6 0.500000 7 0.500000
  6 1.348177 89.205208 0.983947 -0.895830 0.171573 0.409940 0.730469 0.253906 2 6 0.500000 7 0.500000
  6 1.191347 89.266418 0.270855 -0.962018 0.269179 0.045422 0.730469 0.207031 2 6 0.500000 7 0.500000
hwn2024_triboniophorus
  6 1.186333 87.228653 1.214616 -0.667413 0.104829 0.737273 0.812500 0.300781 2 6 0.500000 7 0.500000
  6 1.348177 89.205208 0.983947 -0.895830 0.171573 0.409940 0.730469 0.253906 2 6 0.500000 7 0.500000
  6 0.824717 87.405380 0.673718 -0.868087 0.244688 0.431917 0.812500 0.253906 2 6 0.500000 7 0.500000
hwn2024_triboniophorus
  6 1.186333 87.228653 1.214616 -0.667413 0.104829 0.737273 0.812500 0.300781 2 6 0.500000 7 0.500000
  6 1.736271 89.027100 1.579214 -0.714555 0.077101 0.695318 0.730469 0.300781 2 6 0.500000 7 0.500000
  6 1.348177 89.205208 0.983947 -0.895830 0.171573 0.409940 0.730469 0.253906 2 6 0.500000 7 0.500000
hwn2024_triboniophorus
  6 1.186333 87.228653 1.214616 -0.667413 0.104829 0.737273 0.812500 0.300781 2 6 0.500000 7 0.500000
  6 2.296257 88.758080 1.965927 -0.432106 -0.091119 0.897208 0.730469 0.347656 2 6 0.500000 7 0.500000
  6 1.736271 89.027100 1.579214 -0.714555 0.077101 0.695318 0.730469 0.300781 2 6 0.500000 7 0.500000
hwn2024_triboniophorus
  6 1.186333 87.228653 1.214616 -0.667413 0.104829 0.737273 0.812500 0.300781 2 6 0.500000 7 0.500000
  6 1.713297 86.992081 1.562793 -0.364444 -0.050122 0.929875 0.812500 0.347656 2 6 0.500000 7 0.500000
  6 2.296257 88.758080 1.965927 -0.432106 -0.091119 0.897208 0.730469 0.347656 2 6 0.500000 7 0.500000
hwn2024_triboniophorus
  6 1.713297 86.992081 1.562793 -0.364444 -0.050122 0.929875 0.812500 0.347656 2 6 0.500000 7 0.500000
  6 2.941330 88.438499 2.083631 -0.074078 -0.231461 0.970020 0.730469 0.394531 2 6 0.500000 7 0.500000
  6 2.296257 88.758080 1.965927 -0.432106 -0.091119 0.897208 0.730469 0.347656 2 6 0.500000 7 0.500000
hwn2024_triboniophorus
  6 1.713297 86.992081 1.562793 -0.364444 -0.050122 0.929875 0.812500 0.347656 2 6 0.500000 7 0.500000
  6 2.322901 86.730049 1.663375 -0.024609 -0.177423 0.983827 0.812500 0.394531 2 6 0.500000 7 0.500000
  6 2.941330 88.438499 2.083631 -0.074078 -0.231461 0.970020 0.730469 0.394531 2 6 0.500000 7 0.500000
hwn2024_triboniophorus
  6 2.322901 86.730049 1.663375 -0.024609 -0.177423 0.983827 0.812500 0.394531 2 6 0.500000 7 0.500000
  6 3.574306 88.117302 1.915184 0.256652 -0.355527 0.898738 0.730469 0.441406 2 6 0.500000 7 0.500000
  6 2.941330 88.438499 2.083631 -0.074078 -0.231461 0.970020 0.730469 0.394531 2 6 0.500000 7 0.500000
hwn2024_triboniophorus
  6 1.129871 87.436638 -1.206599 -0.667424 0.327151 -0.668967 0.812500 0.113281 2 6 0.500000 7 0.500000
  6 1.644077 87.276772 -1.601922 -0.359972 0.251453 -0.898438 0.812500 0.066406 2 6 0.500000 7 0.500000
  6 1.150322 86.050926 -1.825936 -0.328165 0.401370 -0.855108 0.886719 0.066406 2 6 0.500000 7 0.500000
hwn2024_triboniophorus
  6 1.129871 87.436638 -1.206599 -0.667424 0.327151 -0.668967 0.812500 0.113281 2 6 0.500000 7 0.500000
  6 1.150322 86.050926 -1.825936 -0.328165 0.401370 -0.855108 0.886719 0.066406 2 6 0.500000 7 0.500000
  6 0.602388 86.137794 -1.424723 -0.631520 0.461566 -0.623009 0.886719 0.113281 2 6 0.500000 7 0.500000
hwn2024_triboniophorus
  6 0.791262 87.512482 -0.637144 -0.874348 0.351622 -0.334482 0.812500 0.160156 2 6 0.500000 7 0.500000
  6 1.129871 87.436638 -1.206599 -0.667424 0.327151 -0.668967 0.812500 0.113281 2 6 0.500000 7 0.500000
  6 0.602388 86.137794 -1.424723 -0.631520 0.461566 -0.623009 0.886719 0.113281 2 6 0.500000 7 0.500000
hwn2024_triboniophorus
  6 0.791262 87.512482 -0.637144 -0.874348 0.351622 -0.334482 0.812500 0.160156 2 6 0.500000 7 0.500000
  6 0.602388 86.137794 -1.424723 -0.631520 0.461566 -0.623009 0.886719 0.113281 2 6 0.500000 7 0.500000
  6 0.233801 86.136734 -0.848620 -0.831888 0.471247 -0.293068 0.886719 0.160156 2 6 0.500000 7 0.500000
hwn2024_triboniophorus
  6 0.791262 87.512482 -0.637144 -0.874348 0.351622 -0.334482 0.812500 0.160156 2 6 0.500000 7 0.500000
  6 0.233801 86.136734 -0.848620 -0.831888 0.471247 -0.293068 0.886719 0.160156 2 6 0.500000 7 0.500000
  6 0.109362 86.063927 -0.180431 -0.898506 0.433817 0.067001 0.886719 0.207031 2 6 0.500000 7 0.500000
hwn2024_triboniophorus
  6 0.791262 87.512482 -0.637144 -0.874348 0.351622 -0.334482 0.812500 0.160156 2 6 0.500000 7 0.500000
  6 0.109362 86.063927 -0.180431 -0.898506 0.433817 0.067001 0.886719 0.207031 2 6 0.500000 7 0.500000
  6 0.684788 87.501854 0.023021 -0.946501 0.318706 0.050618 0.812500 0.207031 2 6 0.500000 7 0.500000
hwn2024_triboniophorus
  6 0.246725 85.929298 0.478150 -0.828036 0.343438 0.443179 0.886719 0.253906 2 6 0.500000 7 0.500000
  6 0.684788 87.501854 0.023021 -0.946501 0.318706 0.050618 0.812500 0.207031 2 6 0.500000 7 0.500000
  6 0.109362 86.063927 -0.180431 -0.898506 0.433817 0.067001 0.886719 0.207031 2 6 0.500000 7 0.500000
hwn2024_triboniophorus
  6 0.246725 85.929298 0.478150 -0.828036 0.343438 0.443179 0.886719 0.253906 2 6 0.500000 7 0.500000
  6 0.824717 87.405380 0.673718 -0.868087 0.244688 0.431917 0.812500 0.253906 2 6 0.500000 7 0.500000
  6 0.684788 87.501854 0.023021 -0.946501 0.318706 0.050618 0.812500 0.207031 2 6 0.500000 7 0.500000
hwn2024_triboniophorus
  6 0.619425 85.737480 1.023734 -0.627931 0.219955 0.746540 0.886719 0.300781 2 6 0.500000 7 0.500000
  6 0.824717 87.405380 0.673718 -0.868087 0.244688 0.431917 0.812500 0.253906 2 6 0.500000 7 0.500000
  6 0.246725 85.929298 0.478150 -0.828036 0.343438 0.443179 0.886719 0.253906 2 6 0.500000 7 0.500000
hwn2024_triboniophorus
  6 0.619425 85.737480 1.023734 -0.627931 0.219955 0.746540 0.886719 0.300781 2 6 0.500000 7 0.500000
  6 1.186333 87.228653 1.214616 -0.667413 0.104829 0.737273 0.812500 0.300781 2 6 0.500000 7 0.500000
  6 0.824717 87.405380 0.673718 -0.868087 0.244688 0.431917 0.812500 0.253906 2 6 0.500000 7 0.500000
hwn2024_triboniophorus
  6 1.167868 85.506371 1.371364 -0.327243 0.076637 0.941827 0.886719 0.347656 2 6 0.500000 7 0.500000
  6 1.186333 87.228653 1.214616 -0.667413 0.104829 0.737273 0.812500 0.300781 2 6 0.500000 7 0.500000
  6 0.619425 85.737480 1.023734 -0.627931 0.219955 0.746540 0.886719 0.300781 2 6 0.500000 7 0.500000
hwn2024_triboniophorus
  6 1.759884 85.130142 1.562706 0.338057 0.899255 0.277593 0.894531 0.394531 2 6 0.500000 7 0.500000
  6 2.426041 85.066879 1.291560 0.398177 -0.184603 0.898542 0.886719 0.441406 2 6 0.500000 7 0.500000
  6 1.804207 85.268837 1.465534 0.024204 -0.058732 0.997980 0.886719 0.394531 2 6 0.500000 7 0.500000
hwn2024_triboniophorus
  6 1.759884 85.130142 1.562706 0.338057 0.899255 0.277593 0.894531 0.394531 2 6 0.500000 7 0.500000
  6 1.804207 85.268837 1.465534 0.024204 -0.058732 0.997980 0.886719 0.394531 2 6 0.500000 7 0.500000
  6 1.167868 85.506371 1.371364 -0.327243 0.076637 0.941827 0.886719 0.347656 2 6 0.500000 7 0.500000
hwn2024_triboniophorus
  6 1.759884 85.130142 1.562706 0.338057 0.899255 0.277593 0.894531 0.394531 2 6 0.500000 7 0.500000
  6 1.167868 85.506371 1.371364 -0.327243 0.076637 0.941827 0.886719 0.347656 2 6 0.500000 7 0.500000
  6 1.080492 85.384361 1.463541 0.276773 0.924692 0.261422 0.894531 0.347656 2 6 0.500000 7 0.500000
hwn2024_triboniophorus
  6 1.080492 85.384361 1.463541 0.276773 0.924692 0.261422 0.894531 0.347656 2 6 0.500000 7 0.500000
  6 1.167868 85.506371 1.371364 -0.327243 0.076637 0.941827 0.886719 0.347656 2 6 0.500000 7 0.500000
  6 0.619425 85.737480 1.023734 -0.627931 0.219955 0.746540 0.886719 0.300781 2 6 0.500000 7 0.500000
hwn2024_triboniophorus
  6 1.080492 85.384361 1.463541 0.276773 0.924692 0.261422 0.894531 0.347656 2 6 0.500000 7 0.500000
  6 0.619425 85.737480 1.023734 -0.627931 0.219955 0.746540 0.886719 0.300781 2 6 0.500000 7 0.500000
  6 0.495625 85.630974 1.093271 0.228229 0.948059 0.221576 0.894531 0.300781 2 6 0.500000 7 0.500000
hwn2024_triboniophorus
  6 0.495625 85.630974 1.093271 0.228229 0.948059 0.221576 0.894531 0.300781 2 6 0.500000 7 0.500000
  6 0.619425 85.737480 1.023734 -0.627931 0.219955 0.746540 0.886719 0.300781 2 6 0.500000 7 0.500000
  6 0.246725 85.929298 0.478150 -0.828036 0.343438 0.443179 0.886719 0.253906 2 6 0.500000 7 0.500000
hwn2024_triboniophorus
  6 0.495625 85.630974 1.093271 0.228229 0.948059 0.221576 0.894531 0.300781 2 6 0.500000 7 0.500000
  6 0.246725 85.929298 0.478150 -0.828036 0.343438 0.443179 0.886719 0.253906 2 6 0.500000 7 0.500000
  6 0.097153 85.834602 0.510627 0.200360 0.963851 0.175635 0.894531 0.253906 2 6 0.500000 7 0.500000
hwn2024_triboniophorus
  6 0.097153 85.834602 0.510627 0.200360 0.963851 0.175635 0.894531 0.253906 2 6 0.500000 7 0.500000
  6 0.246725 85.929298 0.478150 -0.828036 0.343438 0.443179 0.886719 0.253906 2 6 0.500000 7 0.500000
  6 0.109362 86.063927 -0.180431 -0.898506 0.433817 0.067001 0.886719 0.207031 2 6 0.500000 7 0.500000
hwn2024_triboniophorus
  6 0.097153 85.834602 0.510627 0.200360 0.963851 0.175635 0.894531 0.253906 2 6 0.500000 7 0.500000
  6 0.109362 86.063927 -0.180431 -0.898506 0.433817 0.067001 0.886719 0.207031 2 6 0.500000 7 0.500000
  6 -0.050573 85.976730 -0.193314 0.214275 0.968851 0.124155 0.894531 0.207031 2 6 0.500000 7 0.500000
hwn2024_triboniophorus
  6 0.081234 86.054619 -0.907795 0.214275 0.968851 0.124155 0.894531 0.160156 2 6 0.500000 7 0.500000
  6 -0.050573 85.976730 -0.193314 0.214275 0.968851 0.124155 0.894531 0.207031 2 6 0.500000 7 0.500000
  6 0.109362 86.063927 -0.180431 -0.898506 0.433817 0.067001 0.886719 0.207031 2 6 0.500000 7 0.500000
hwn2024_triboniophorus
  6 0.081234 86.054619 -0.907795 0.214275 0.968851 0.124155 0.894531 0.160156 2 6 0.500000 7 0.500000
  6 0.109362 86.063927 -0.180431 -0.898506 0.433817 0.067001 0.886719 0.207031 2 6 0.500000 7 0.500000
  6 0.233801 86.136734 -0.848620 -0.831888 0.471247 -0.293068 0.886719 0.160156 2 6 0.500000 7 0.500000
hwn2024_triboniophorus
  6 0.473778 86.058098 -1.524282 0.214275 0.968851 0.124155 0.894531 0.113281 2 6 0.500000 7 0.500000
  6 0.081234 86.054619 -0.907795 0.214275 0.968851 0.124155 0.894531 0.160156 2 6 0.500000 7 0.500000
  6 0.233801 86.136734 -0.848620 -0.831888 0.471247 -0.293068 0.886719 0.160156 2 6 0.500000 7 0.500000
hwn2024_triboniophorus
  6 0.473778 86.058098 -1.524282 0.214275 0.968851 0.124155 0.894531 0.113281 2 6 0.500000 7 0.500000
  6 0.233801 86.136734 -0.848620 -0.831888 0.471247 -0.293068 0.886719 0.160156 2 6 0.500000 7 0.500000
  6 0.602388 86.137794 -1.424723 -0.631520 0.461566 -0.623009 0.886719 0.113281 2 6 0.500000 7 0.500000
hwn2024_triboniophorus
  6 1.058399 85.967484 -1.954382 0.258253 0.961300 0.095953 0.894531 0.066406 2 6 0.500000 7 0.500000
  6 0.473778 86.058098 -1.524282 0.214275 0.968851 0.124155 0.894531 0.113281 2 6 0.500000 7 0.500000
  6 0.602388 86.137794 -1.424723 -0.631520 0.461566 -0.623009 0.886719 0.113281 2 6 0.500000 7 0.500000
hwn2024_triboniophorus
  6 1.058399 85.967484 -1.954382 0.258253 0.961300 0.095953 0.894531 0.066406 2 6 0.500000 7 0.500000
  6 0.602388 86.137794 -1.424723 -0.631520 0.461566 -0.623009 0.886719 0.113281 2 6 0.500000 7 0.500000
  6 1.150322 86.050926 -1.825936 -0.328165 0.401370 -0.855108 0.886719 0.066406 2 6 0.500000 7 0.500000
hwn2024_triboniophorus
  6 1.742868 85.780670 -2.134319 0.317956 0.945085 0.075622 0.894531 0.015625 2 6 0.500000 7 0.500000
  6 1.058399 85.967484 -1.954382 0.258253 0.961300 0.095953 0.894531 0.066406 2 6 0.500000 7 0.500000
  6 1.150322 86.050926 -1.825936 -0.328165 0.401370 -0.855108 0.886719 0.066406 2 6 0.500000 7 0.500000
hwn2024_triboniophorus
  6 1.742868 85.780670 -2.134319 0.317956 0.945085 0.075622 0.894531 0.015625 2 6 0.500000 7 0.500000
  6 1.150322 86.050926 -1.825936 -0.328165 0.401370 -0.855108 0.886719 0.066406 2 6 0.500000 7 0.500000
  6 1.790646 85.875320 -1.993404 0.030913 0.267256 -0.963130 0.886719 0.015625 2 6 0.500000 7 0.500000
hwn2024_triboniophorus
  6 1.644077 87.276772 -1.601922 -0.359972 0.251453 -0.898438 0.812500 0.066406 2 6 0.500000 7 0.500000
  6 1.790646 85.875320 -1.993404 0.030913 0.267256 -0.963130 0.886719 0.015625 2 6 0.500000 7 0.500000
  6 1.150322 86.050926 -1.825936 -0.328165 0.401370 -0.855108 0.886719 0.066406 2 6 0.500000 7 0.500000
hwn2024_triboniophorus
  6 1.283378 81.218102 1.316745 -0.292851 -0.800878 -0.522334 0.487933 0.720944 1 6 1.000000
  6 1.087303 81.137466 1.570214 -0.382614 -0.741462 -0.551218 0.469781 0.723769 1 6 1.000000
  6 0.800930 81.178871 1.689410 -0.328698 -0.802525 -0.497907 0.454305 0.715343 1 6 1.000000
hwn2024_triboniophorus
  6 1.706795 81.758156 0.177253 -0.407270 -0.902342 -0.141105 0.552423 0.685312 1 6 1.000000
  6 1.548033 81.816490 0.323209 -0.245339 -0.945532 -0.213960 0.541190 0.682909 1 6 1.000000
  6 0.828741 82.062225 -0.766378 -0.245339 -0.945532 -0.213960 0.559389 0.612006 1 6 1.000000
hwn2024_triboniophorus
  6 0.204844 82.089798 0.422907 -0.245339 -0.945532 -0.213960 0.488302 0.628793 1 6 1.000000
  6 0.828741 82.062225 -0.766378 -0.245339 -0.945532 -0.213960 0.559389 0.612006 1 6 1.000000
  6 1.548033 81.816490 0.323209 -0.245339 -0.945532 -0.213960 0.541190 0.682909 1 6 1.000000
hwn2024_triboniophorus
  6 0.266988 81.909393 0.756277 -0.219245 -0.876004 -0.429591 0.476148 0.645037 1 6 1.000000
  6 0.204844 82.089798 0.422907 -0.245339 -0.945532 -0.213960 0.488302 0.628793 1 6 1.000000
  6 1.548033 81.816490 0.323209 -0.245339 -0.945532 -0.213960 0.541190 0.682909 1 6 1.000000
hwn2024_triboniophorus
  6 0.266988 81.909393 0.756277 -0.219245 -0.876004 -0.429591 0.476148 0.645037 1 6 1.000000
  6 1.548033 81.816490 0.323209 -0.245339 -0.945532 -0.213960 0.541190 0.682909 1 6 1.000000
  6 1.505945 81.635040 0.651440 -0.251535 -0.810555 -0.528896 0.525428 0.696335 1 6 1.000000
hwn2024_triboniophorus
  6 0.303750 81.725891 1.122616 -0.275287 -0.834809 -0.476772 0.461464 0.662775 1 6 1.000000
  6 0.266988 81.909393 0.756277 -0.219245 -0.876004 -0.429591 0.476148 0.645037 1 6 1.000000
  6 1.505945 81.635040 0.651440 -0.251535 -0.810555 -0.528896 0.525428 0.696335 1 6 1.000000
hwn2024_triboniophorus
  6 0.303750 81.725891 1.122616 -0.275287 -0.834809 -0.476772 0.461464 0.662775 1 6 1.000000
  6 1.505945 81.635040 0.651440 -0.251535 -0.810555 -0.528896 0.525428 0.696335 1 6 1.000000
  6 1.413599 81.402290 0.994995 -0.289053 -0.763779 -0.577139 0.507129 0.710294 1 6 1.000000
hwn2024_triboniophorus
  6 1.283378 81.218102 1.316745 -0.292851 -0.800878 -0.522334 0.487933 0.720944 1 6 1.000000
  6 0.303750 81.725891 1.122616 -0.275287 -0.834809 -0.476772 0.461464 0.662775 1 6 1.000000
  6 1.413599 81.402290 0.994995 -0.289053 -0.763779 -0.577139 0.507129 0.710294 1 6 1.000000
hwn2024_triboniophorus
  6 1.283378 81.218102 1.316745 -0.292851 -0.800878 -0.522334 0.487933 0.720944 1 6 1.000000
  6 0.371262 81.513313 1.433257 -0.328698 -0.802525 -0.497907 0.450052 0.681531 1 6 1.000000
  6 0.303750 81.725891 1.122616 -0.275287 -0.834809 -0.476772 0.461464 0.662775 1 6 1.000000
hwn2024_triboniophorus
  6 0.371262 81.513313 1.433257 -0.328698 -0.802525 -0.497907 0.450052 0.681531 1 6 1.000000
  6 1.283378 81.218102 1.316745 -0.292851 -0.800878 -0.522334 0.487933 0.720944 1 6 1.000000
  6 0.800930 81.178871 1.689410 -0.328698 -0.802525 -0.497907 0.454305 0.715343 1 6 1.000000
hwn2024_triboniophorus
  6 0.800930 81.178871 1.689410 -0.328698 -0.802525 -0.497907 0.454305 0.715343 1 6 1.000000
  6 0.528922 81.324707 1.643815 -0.292851 -0.800878 -0.522334 0.446502 0.699548 1 6 1.000000
  6 0.371262 81.513313 1.433257 -0.328698 -0.802525 -0.497907 0.450052 0.681531 1 6 1.000000
hwn2024_triboniophorus
  6 -0.355711 82.568230 -1.390409 -0.211821 -0.942865 -0.257172 0.534194 0.545383 1 6 1.000000
  6 0.828741 82.062225 -0.766378 -0.245339 -0.945532 -0.213960 0.559389 0.612006 1 6 1.000000
  6 -0.466185 82.482407 -1.076625 -0.139323 -0.964708 -0.223443 0.522267 0.549888 1 6 1.000000
hwn2024_triboniophorus
  6 0.011045 82.146172 0.302958 -0.137010 -0.975190 -0.173875 0.486010 0.617826 1 6 1.000000
  6 -0.466185 82.482407 -1.076625 -0.139323 -0.964708 -0.223443 0.522267 0.549888 1 6 1.000000
  6 0.828741 82.062225 -0.766378 -0.245339 -0.945532 -0.213960 0.559389 0.612006 1 6 1.000000
hwn2024_triboniophorus
  6 0.011045 82.146172 0.302958 -0.137010 -0.975190 -0.173875 0.486010 0.617826 1 6 1.000000
  6 0.828741 82.062225 -0.766378 -0.245339 -0.945532 -0.213960 0.559389 0.612006 1 6 1.000000
  6 0.204844 82.089798 0.422907 -0.245339 -0.945532 -0.213960 0.488302 0.628793 1 6 1.000000
hwn2024_triboniophorus
  6 0.828741 82.062225 -0.766378 -0.245339 -0.945532 -0.213960 0.559389 0.612006 1 6 1.000000
  6 0.789516 82.526527 -2.145323 -0.261744 -0.925778 -0.272810 0.607028 0.555480 1 6 1.000000
  6 1.025217 82.431313 -2.161880 -0.347529 -0.914454 -0.207360 0.616675 0.565283 1 6 1.000000
hwn2024_triboniophorus
  6 -0.355711 82.568230 -1.390409 -0.211821 -0.942865 -0.257172 0.534194 0.545383 1 6 1.000000
  6 0.789516 82.526527 -2.145323 -0.261744 -0.925778 -0.272810 0.607028 0.555480 1 6 1.000000
  6 0.828741 82.062225 -0.766378 -0.245339 -0.945532 -0.213960 0.559389 0.612006 1 6 1.000000
hwn2024_triboniophorus
  6 -0.452467 82.648979 -1.778363 -0.098076 -0.990768 -0.093593 0.540303 0.528252 1 6 1.000000
  6 0.789516 82.526527 -2.145323 -0.261744 -0.925778 -0.272810 0.607028 0.555480 1 6 1.000000
  6 -0.355711 82.568230 -1.390409 -0.211821 -0.942865 -0.257172 0.534194 0.545383 1 6 1.000000
hwn2024_triboniophorus
  6 -0.452467 82.648979 -1.778363 -0.098076 -0.990768 -0.093593 0.540303 0.528252 1 6 1.000000
  6 0.593571 82.616463 -2.403006 -0.098076 -0.990768 -0.093593 0.607015 0.536554 1 6 1.000000
  6 0.789516 82.526527 -2.145323 -0.261744 -0.925778 -0.272810 0.607028 0.555480 1 6 1.000000
hwn2024_triboniophorus
  6 0.356476 82.612991 -2.715583 0.034949 -0.989337 0.141386 0.606680 0.513746 1 6 1.000000
  6 0.593571 82.616463 -2.403006 -0.098076 -0.990768 -0.093593 0.607015 0.536554 1 6 1.000000
  6 -0.452467 82.648979 -1.778363 -0.098076 -0.990768 -0.093593 0.540303 0.528252 1 6 1.000000
hwn2024_triboniophorus
  6 0.356476 82.612991 -2.715583 0.034949 -0.989337 0.141386 0.606680 0.513746 1 6 1.000000
  6 -0.452467 82.648979 -1.778363 -0.098076 -0.990768 -0.093593 0.540303 0.528252 1 6 1.000000
  6 -0.583588 82.652985 -2.147877 0.009721 -0.996154 0.087078 0.545196 0.507890 1 6 1.000000
hwn2024_triboniophorus
  6 -0.709084 82.571136 -2.486956 0.087811 -0.964395 0.249464 0.551435 0.486697 1 6 1.000000
  6 0.356476 82.612991 -2.715583 0.034949 -0.989337 0.141386 0.606680 0.513746 1 6 1.000000
  6 -0.583588 82.652985 -2.147877 0.009721 -0.996154 0.087078 0.545196 0.507890 1 6 1.000000
hwn2024_triboniophorus
  6 -0.709084 82.571136 -2.486956 0.087811 -0.964395 0.249464 0.551435 0.486697 1 6 1.000000
  6 0.115208 82.502945 -2.982565 0.098701 -0.948990 0.299460 0.605638 0.492282 1 6 1.000000
  6 0.356476 82.612991 -2.715583 0.034949 -0.989337 0.141386 0.606680 0.513746 1 6 1.000000
hwn2024_triboniophorus
  6 -0.505636 82.406937 -3.061824 0.098701 -0.948990 0.299460 0.581134 0.466375 1 6 1.000000
  6 0.115208 82.502945 -2.982565 0.098701 -0.948990 0.299460 0.605638 0.492282 1 6 1.000000
  6 -0.709084 82.571136 -2.486956 0.087811 -0.964395 0.249464 0.551435 0.486697 1 6 1.000000
hwn2024_triboniophorus
  6 -0.505636 82.406937 -3.061824 0.098701 -0.948990 0.299460 0.581134 0.466375 1 6 1.000000
  6 -0.171432 82.426826 -3.133733 0.098701 -0.948990 0.299460 0.598405 0.474943 1 6 1.000000
  6 0.115208 82.502945 -2.982565 0.098701 -0.948990 0.299460 0.605638 0.492282 1 6 1.000000
hwn2024_triboniophorus
  6 -0.709084 82.571136 -2.486956 0.087811 -0.964395 0.249464 0.551435 0.486697 1 6 1.000000
  6 -0.719616 82.474556 -2.806320 0.098701 -0.948990 0.299460 0.562433 0.471063 1 6 1.000000
  6 -0.505636 82.406937 -3.061824 0.098701 -0.948990 0.299460 0.581134 0.466375 1 6 1.000000
hwn2024_triboniophorus
  6 -0.795685 82.388992 -0.858384 0.154627 -0.947552 -0.279706 0.502506 0.542967 1 6 1.000000
  6 -0.466185 82.482407 -1.076625 -0.139323 -0.964708 -0.223443 0.522267 0.549888 1 6 1.000000
  6 0.011045 82.146172 0.302958 -0.137010 -0.975190 -0.173875 0.486010 0.617826 1 6 1.000000
hwn2024_triboniophorus
  6 -0.795685 82.388992 -0.858384 0.154627 -0.947552 -0.279706 0.502506 0.542967 1 6 1.000000
  6 0.011045 82.146172 0.302958 -0.137010 -0.975190 -0.173875 0.486010 0.617826 1 6 1.000000
  6 -0.363148 82.089920 0.345724 0.154627 -0.947552 -0.279706 0.469170 0.605725 1 6 1.000000
hwn2024_triboniophorus
  6 -1.127091 82.234375 -0.681737 0.241353 -0.932896 -0.267310 0.481095 0.535383 1 6 1.000000
  6 -0.795685 82.388992 -0.858384 0.154627 -0.947552 -0.279706 0.502506 0.542967 1 6 1.000000
  6 -0.363148 82.089920 0.345724 0.154627 -0.947552 -0.279706 0.469170 0.605725 1 6 1.000000
hwn2024_triboniophorus
  6 -1.127091 82.234375 -0.681737 0.241353 -0.932896 -0.267310 0.481095 0.535383 1 6 1.000000
  6 -0.363148 82.089920 0.345724 0.154627 -0.947552 -0.279706 0.469170 0.605725 1 6 1.000000
  6 -0.741218 82.003342 0.401743 0.241353 -0.932896 -0.267310 0.450676 0.593153 1 6 1.000000
hwn2024_triboniophorus
  6 -1.411487 82.079117 -0.465218 0.241353 -0.932896 -0.267310 0.460006 0.531934 1 6 1.000000
  6 -1.127091 82.234375 -0.681737 0.241353 -0.932896 -0.267310 0.481095 0.535383 1 6 1.000000
  6 -0.741218 82.003342 0.401743 0.241353 -0.932896 -0.267310 0.450676 0.593153 1 6 1.000000
hwn2024_triboniophorus
  6 -1.411487 82.079117 -0.465218 0.241353 -0.932896 -0.267310 0.460006 0.531934 1 6 1.000000
  6 -0.741218 82.003342 0.401743 0.241353 -0.932896 -0.267310 0.450676 0.593153 1 6 1.000000
  6 -1.098577 81.918686 0.404154 0.241353 -0.932896 -0.267310 0.435741 0.579072 1 6 1.000000
hwn2024_triboniophorus
  6 -1.411487 82.079117 -0.465218 0.241353 -0.932896 -0.267310 0.460006 0.531934 1 6 1.000000
  6 -1.098577 81.918686 0.404154 0.241353 -0.932896 -0.267310 0.435741 0.579072 1 6 1.000000
  6 -1.538530 81.900375 0.061039 0.241353 -0.932896 -0.267310 0.432129 0.547835 1 6 1.000000
hwn2024_triboniophorus
  6 -1.098577 81.918686 0.404154 0.241353 -0.932896 -0.267310 0.435741 0.579072 1 6 1.000000
  6 -1.379543 81.885277 0.305223 0.214178 -0.950257 -0.226139 0.428569 0.563940 1 6 1.000000
  6 -1.538530 81.900375 0.061039 0.241353 -0.932896 -0.267310 0.432129 0.547835 1 6 1.000000
hwn2024_triboniophorus
  6 -1.538530 81.900375 0.061039 0.241353 -0.932896 -0.267310 0.432129 0.547835 1 6 1.000000
  6 -1.569759 81.974548 -0.221925 0.241353 -0.932896 -0.267310 0.443088 0.535326 1 6 1.000000
  6 -1.411487 82.079117 -0.465218 0.241353 -0.932896 -0.267310 0.460006 0.531934 1 6 1.000000
hwn2024_triboniophorus
  6 2.297235 82.452660 2.144812 -0.561593 -0.533217 0.632687 0.488281 0.335938 2 6 0.500000 7 0.500000
  6 2.396416 82.296356 1.972086 -0.249008 -0.968423 0.012307 0.507812 0.322266 2 6 0.500000 7 0.500000
  6 2.487043 82.370766 2.127677 0.080944 -0.792954 0.603881 0.507812 0.335938 2 6 0.500000 7 0.500000
hwn2024_triboniophorus
  6 2.297235 82.452660 2.144812 -0.561593 -0.533217 0.632687 0.488281 0.335938 2 6 0.500000 7 0.500000
  6 2.238541 82.396507 2.008534 -0.697658 -0.648632 0.304219 0.488281 0.320312 2 6 0.500000 7 0.500000
  6 2.396416 82.296356 1.972086 -0.249008 -0.968423 0.012307 0.507812 0.322266 2 6 0.500000 7 0.500000
hwn2024_triboniophorus
  6 2.324823 82.564323 2.241450 -0.494920 -0.326814 0.805138 0.484375 0.347656 2 6 0.500000 7 0.500000
  6 2.297235 82.452660 2.144812 -0.561593 -0.533217 0.632687 0.488281 0.335938 2 6 0.500000 7 0.500000
  6 2.487043 82.370766 2.127677 0.080944 -0.792954 0.603881 0.507812 0.335938 2 6 0.500000 7 0.500000
hwn2024_triboniophorus
  6 2.324823 82.564323 2.241450 -0.494920 -0.326814 0.805138 0.484375 0.347656 2 6 0.500000 7 0.500000
  6 2.487043 82.370766 2.127677 0.080944 -0.792954 0.603881 0.507812 0.335938 2 6 0.500000 7 0.500000
  6 2.561583 82.478294 2.230409 0.210176 -0.596967 0.774246 0.507812 0.351562 2 6 0.500000 7 0.500000
hwn2024_triboniophorus
  6 2.737152 82.460114 2.050620 0.733384 -0.637459 0.236209 0.527344 0.347656 2 6 0.500000 7 0.500000
  6 2.561583 82.478294 2.230409 0.210176 -0.596967 0.774246 0.507812 0.351562 2 6 0.500000 7 0.500000
  6 2.487043 82.370766 2.127677 0.080944 -0.792954 0.603881 0.507812 0.335938 2 6 0.500000 7 0.500000
hwn2024_triboniophorus
  6 2.737152 82.460114 2.050620 0.733384 -0.637459 0.236209 0.527344 0.347656 2 6 0.500000 7 0.500000
  6 2.487043 82.370766 2.127677 0.080944 -0.792954 0.603881 0.507812 0.335938 2 6 0.500000 7 0.500000
  6 2.639460 82.366539 1.986712 0.565892 -0.816250 0.116202 0.523438 0.335938 2 6 0.500000 7 0.500000
hwn2024_triboniophorus
  6 2.639460 82.366539 1.986712 0.565892 -0.816250 0.116202 0.523438 0.335938 2 6 0.500000 7 0.500000
  6 2.487043 82.370766 2.127677 0.080944 -0.792954 0.603881 0.507812 0.335938 2 6 0.500000 7 0.500000
  6 2.396416 82.296356 1.972086 -0.249008 -0.968423 0.012307 0.507812 0.322266 2 6 0.500000 7 0.500000
hwn2024_triboniophorus
  6 2.639460 82.366539 1.986712 0.565892 -0.816250 0.116202 0.523438 0.335938 2 6 0.500000 7 0.500000
  6 2.396416 82.296356 1.972086 -0.249008 -0.968423 0.012307 0.507812 0.322266 2 6 0.500000 7 0.500000
  6 2.552238 82.317062 1.863972 0.359930 -0.914826 -0.183147 0.523438 0.320312 2 6 0.500000 7 0.500000
hwn2024_triboniophorus
  6 2.325579 82.317291 1.806893 -0.328328 -0.929802 -0.166341 0.507812 0.304688 2 6 0.500000 7 0.500000
  6 2.552238 82.317062 1.863972 0.359930 -0.914826 -0.183147 0.523438 0.320312 2 6 0.500000 7 0.500000
  6 2.396416 82.296356 1.972086 -0.249008 -0.968423 0.012307 0.507812 0.322266 2 6 0.500000 7 0.500000
hwn2024_triboniophorus
  6 2.325579 82.317291 1.806893 -0.328328 -0.929802 -0.166341 0.507812 0.304688 2 6 0.500000 7 0.500000
  6 2.396416 82.296356 1.972086 -0.249008 -0.968423 0.012307 0.507812 0.322266 2 6 0.500000 7 0.500000
  6 2.238541 82.396507 2.008534 -0.697658 -0.648632 0.304219 0.488281 0.320312 2 6 0.500000 7 0.500000
hwn2024_triboniophorus
  6 2.325579 82.317291 1.806893 -0.328328 -0.929802 -0.166341 0.507812 0.304688 2 6 0.500000 7 0.500000
  6 2.238541 82.396507 2.008534 -0.697658 -0.648632 0.304219 0.488281 0.320312 2 6 0.500000 7 0.500000
  6 2.183296 82.434830 1.905816 -0.801407 -0.581410 0.140392 0.484375 0.308594 2 6 0.500000 7 0.500000
hwn2024_triboniophorus
  6 2.325579 82.317291 1.806893 -0.328328 -0.929802 -0.166341 0.507812 0.304688 2 6 0.500000 7 0.500000
  6 2.183296 82.434830 1.905816 -0.801407 -0.581410 0.140392 0.484375 0.308594 2 6 0.500000 7 0.500000
  6 2.051645 82.573036 1.520581 -0.863313 -0.496058 0.092833 0.468750 0.246094 2 6 0.500000 7 0.500000
hwn2024_triboniophorus
  6 2.043428 82.679688 1.570105 -0.967611 -0.036340 0.249816 0.441406 0.253906 2 6 0.500000 7 0.500000
  6 2.051645 82.573036 1.520581 -0.863313 -0.496058 0.092833 0.468750 0.246094 2 6 0.500000 7 0.500000
  6 2.183296 82.434830 1.905816 -0.801407 -0.581410 0.140392 0.484375 0.308594 2 6 0.500000 7 0.500000
hwn2024_triboniophorus
  6 2.043428 82.679688 1.570105 -0.967611 -0.036340 0.249816 0.441406 0.253906 2 6 0.500000 7 0.500000
  6 1.811825 82.870811 0.769948 -0.917762 -0.379428 0.117247 0.457031 0.066406 2 6 0.500000 7 0.500000
  6 2.051645 82.573036 1.520581 -0.863313 -0.496058 0.092833 0.468750 0.246094 2 6 0.500000 7 0.500000
hwn2024_triboniophorus
  6 1.831755 82.996872 0.816517 -0.854191 0.321496 0.408654 0.421875 0.058594 2 6 0.500000 7 0.500000
  6 1.811825 82.870811 0.769948 -0.917762 -0.379428 0.117247 0.457031 0.066406 2 6 0.500000 7 0.500000
  6 2.043428 82.679688 1.570105 -0.967611 -0.036340 0.249816 0.441406 0.253906 2 6 0.500000 7 0.500000
hwn2024_triboniophorus
  6 1.831755 82.996872 0.816517 -0.854191 0.321496 0.408654 0.421875 0.058594 2 6 0.500000 7 0.500000
  6 2.043428 82.679688 1.570105 -0.967611 -0.036340 0.249816 0.441406 0.253906 2 6 0.500000 7 0.500000
  6 2.077969 82.769150 1.637662 -0.869721 0.414429 0.268018 0.421875 0.269531 2 6 0.500000 7 0.500000
hwn2024_triboniophorus
  6 2.077969 82.769150 1.637662 -0.869721 0.414429 0.268018 0.421875 0.269531 2 6 0.500000 7 0.500000
  6 2.043428 82.679688 1.570105 -0.967611 -0.036340 0.249816 0.441406 0.253906 2 6 0.500000 7 0.500000
  6 2.156546 82.546295 1.971354 -0.924594 -0.245056 0.291673 0.472656 0.320312 2 6 0.500000 7 0.500000
hwn2024_triboniophorus
  6 2.077969 82.769150 1.637662 -0.869721 0.414429 0.268018 0.421875 0.269531 2 6 0.500000 7 0.500000
  6 2.156546 82.546295 1.971354 -0.924594 -0.245056 0.291673 0.472656 0.320312 2 6 0.500000 7 0.500000
  6 2.156500 82.677223 2.041268 -0.939855 -0.011709 0.341373 0.460938 0.332031 2 6 0.500000 7 0.500000
hwn2024_triboniophorus
  6 2.043428 82.679688 1.570105 -0.967611 -0.036340 0.249816 0.441406 0.253906 2 6 0.500000 7 0.500000
  6 2.183296 82.434830 1.905816 -0.801407 -0.581410 0.140392 0.484375 0.308594 2 6 0.500000 7 0.500000
  6 2.156546 82.546295 1.971354 -0.924594 -0.245056 0.291673 0.472656 0.320312 2 6 0.500000 7 0.500000
hwn2024_triboniophorus
  6 2.156546 82.546295 1.971354 -0.924594 -0.245056 0.291673 0.472656 0.320312 2 6 0.500000 7 0.500000
  6 2.183296 82.434830 1.905816 -0.801407 -0.581410 0.140392 0.484375 0.308594 2 6 0.500000 7 0.500000
  6 2.238541 82.396507 2.008534 -0.697658 -0.648632 0.304219 0.488281 0.320312 2 6 0.500000 7 0.500000
hwn2024_triboniophorus
  6 2.156546 82.546295 1.971354 -0.924594 -0.245056 0.291673 0.472656 0.320312 2 6 0.500000 7 0.500000
  6 2.238541 82.396507 2.008534 -0.697658 -0.648632 0.304219 0.488281 0.320312 2 6 0.500000 7 0.500000
  6 2.297235 82.452660 2.144812 -0.561593 -0.533217 0.632687 0.488281 0.335938 2 6 0.500000 7 0.500000
hwn2024_triboniophorus
  6 2.156500 82.677223 2.041268 -0.939855 -0.011709 0.341373 0.460938 0.332031 2 6 0.500000 7 0.500000
  6 2.156546 82.546295 1.971354 -0.924594 -0.245056 0.291673 0.472656 0.320312 2 6 0.500000 7 0.500000
  6 2.297235 82.452660 2.144812 -0.561593 -0.533217 0.632687 0.488281 0.335938 2 6 0.500000 7 0.500000
hwn2024_triboniophorus
  6 2.156500 82.677223 2.041268 -0.939855 -0.011709 0.341373 0.460938 0.332031 2 6 0.500000 7 0.500000
  6 2.297235 82.452660 2.144812 -0.561593 -0.533217 0.632687 0.488281 0.335938 2 6 0.500000 7 0.500000
  6 2.324823 82.564323 2.241450 -0.494920 -0.326814 0.805138 0.484375 0.347656 2 6 0.500000 7 0.500000
hwn2024_triboniophorus
  6 2.324823 82.564323 2.241450 -0.494920 -0.326814 0.805138 0.484375 0.347656 2 6 0.500000 7 0.500000
  6 2.210922 82.830376 2.108399 -0.868087 0.244688 0.431917 0.449219 0.355469 2 6 0.500000 7 0.500000
  6 2.156500 82.677223 2.041268 -0.939855 -0.011709 0.341373 0.460938 0.332031 2 6 0.500000 7 0.500000
hwn2024_triboniophorus
  6 2.324823 82.564323 2.241450 -0.494920 -0.326814 0.805138 0.484375 0.347656 2 6 0.500000 7 0.500000
  6 2.378469 82.714737 2.298482 -0.432106 -0.091119 0.897208 0.480469 0.363281 2 6 0.500000 7 0.500000
  6 2.210922 82.830376 2.108399 -0.868087 0.244688 0.431917 0.449219 0.355469 2 6 0.500000 7 0.500000
hwn2024_triboniophorus
  6 2.561583 82.478294 2.230409 0.210176 -0.596967 0.774246 0.507812 0.351562 2 6 0.500000 7 0.500000
  6 2.378469 82.714737 2.298482 -0.432106 -0.091119 0.897208 0.480469 0.363281 2 6 0.500000 7 0.500000
  6 2.324823 82.564323 2.241450 -0.494920 -0.326814 0.805138 0.484375 0.347656 2 6 0.500000 7 0.500000
hwn2024_triboniophorus
  6 2.561583 82.478294 2.230409 0.210176 -0.596967 0.774246 0.507812 0.351562 2 6 0.500000 7 0.500000
  6 2.624401 82.624084 2.287018 0.299292 -0.345885 0.889263 0.507812 0.363281 2 6 0.500000 7 0.500000
  6 2.378469 82.714737 2.298482 -0.432106 -0.091119 0.897208 0.480469 0.363281 2 6 0.500000 7 0.500000
hwn2024_triboniophorus
  6 2.808279 82.606491 2.100344 0.852651 -0.416785 0.315083 0.531250 0.363281 2 6 0.500000 7 0.500000
  6 2.624401 82.624084 2.287018 0.299292 -0.345885 0.889263 0.507812 0.363281 2 6 0.500000 7 0.500000
  6 2.561583 82.478294 2.230409 0.210176 -0.596967 0.774246 0.507812 0.351562 2 6 0.500000 7 0.500000
hwn2024_triboniophorus
  6 2.808279 82.606491 2.100344 0.852651 -0.416785 0.315083 0.531250 0.363281 2 6 0.500000 7 0.500000
  6 2.561583 82.478294 2.230409 0.210176 -0.596967 0.774246 0.507812 0.351562 2 6 0.500000 7 0.500000
  6 2.737152 82.460114 2.050620 0.733384 -0.637459 0.236209 0.527344 0.347656 2 6 0.500000 7 0.500000
hwn2024_triboniophorus
  6 2.811152 82.679390 1.831189 0.892331 -0.205763 -0.401755 0.562500 0.351562 2 6 0.500000 7 0.500000
  6 2.808279 82.606491 2.100344 0.852651 -0.416785 0.315083 0.531250 0.363281 2 6 0.500000 7 0.500000
  6 2.737152 82.460114 2.050620 0.733384 -0.637459 0.236209 0.527344 0.347656 2 6 0.500000 7 0.500000
hwn2024_triboniophorus
  6 2.811152 82.679390 1.831189 0.892331 -0.205763 -0.401755 0.562500 0.351562 2 6 0.500000 7 0.500000
  6 2.737152 82.460114 2.050620 0.733384 -0.637459 0.236209 0.527344 0.347656 2 6 0.500000 7 0.500000
  6 2.734726 82.531387 1.773657 0.794053 -0.420078 -0.439333 0.554688 0.332031 2 6 0.500000 7 0.500000
hwn2024_triboniophorus
  6 2.734726 82.531387 1.773657 0.794053 -0.420078 -0.439333 0.554688 0.332031 2 6 0.500000 7 0.500000
  6 2.737152 82.460114 2.050620 0.733384 -0.637459 0.236209 0.527344 0.347656 2 6 0.500000 7 0.500000
  6 2.639460 82.366539 1.986712 0.565892 -0.816250 0.116202 0.523438 0.335938 2 6 0.500000 7 0.500000
hwn2024_triboniophorus
  6 2.734726 82.531387 1.773657 0.794053 -0.420078 -0.439333 0.554688 0.332031 2 6 0.500000 7 0.500000
  6 2.639460 82.366539 1.986712 0.565892 -0.816250 0.116202 0.523438 0.335938 2 6 0.500000 7 0.500000
  6 2.630804 82.426842 1.752347 0.635591 -0.640810 -0.430566 0.542969 0.320312 2 6 0.500000 7 0.500000
hwn2024_triboniophorus
  6 2.552238 82.317062 1.863972 0.359930 -0.914826 -0.183147 0.523438 0.320312 2 6 0.500000 7 0.500000
  6 2.630804 82.426842 1.752347 0.635591 -0.640810 -0.430566 0.542969 0.320312 2 6 0.500000 7 0.500000
  6 2.639460 82.366539 1.986712 0.565892 -0.816250 0.116202 0.523438 0.335938 2 6 0.500000 7 0.500000
hwn2024_triboniophorus
  6 2.552238 82.317062 1.863972 0.359930 -0.914826 -0.183147 0.523438 0.320312 2 6 0.500000 7 0.500000
  6 2.524250 82.348892 1.748314 0.326348 -0.865265 -0.380543 0.527344 0.308594 2 6 0.500000 7 0.500000
  6 2.630804 82.426842 1.752347 0.635591 -0.640810 -0.430566 0.542969 0.320312 2 6 0.500000 7 0.500000
hwn2024_triboniophorus
  6 2.325579 82.317291 1.806893 -0.328328 -0.929802 -0.166341 0.507812 0.304688 2 6 0.500000 7 0.500000
  6 2.524250 82.348892 1.748314 0.326348 -0.865265 -0.380543 0.527344 0.308594 2 6 0.500000 7 0.500000
  6 2.552238 82.317062 1.863972 0.359930 -0.914826 -0.183147 0.523438 0.320312 2 6 0.500000 7 0.500000
hwn2024_triboniophorus
  6 2.374880 82.491684 1.371295 0.364738 -0.800965 -0.474785 0.546875 0.246094 2 6 0.500000 7 0.500000
  6 2.524250 82.348892 1.748314 0.326348 -0.865265 -0.380543 0.527344 0.308594 2 6 0.500000 7 0.500000
  6 2.325579 82.317291 1.806893 -0.328328 -0.929802 -0.166341 0.507812 0.304688 2 6 0.500000 7 0.500000
hwn2024_triboniophorus
  6 2.325579 82.317291 1.806893 -0.328328 -0.929802 -0.166341 0.507812 0.304688 2 6 0.500000 7 0.500000
  6 2.051645 82.573036 1.520581 -0.863313 -0.496058 0.092833 0.468750 0.246094 2 6 0.500000 7 0.500000
  6 2.185831 82.457985 1.427199 -0.347529 -0.914454 -0.207360 0.507812 0.242188 2 6 0.500000 7 0.500000
hwn2024_triboniophorus
  6 1.811825 82.870811 0.769948 -0.917762 -0.379428 0.117247 0.457031 0.066406 2 6 0.500000 7 0.500000
  6 2.185831 82.457985 1.427199 -0.347529 -0.914454 -0.207360 0.507812 0.242188 2 6 0.500000 7 0.500000
  6 2.051645 82.573036 1.520581 -0.863313 -0.496058 0.092833 0.468750 0.246094 2 6 0.500000 7 0.500000
hwn2024_triboniophorus
  6 1.811825 82.870811 0.769948 -0.917762 -0.379428 0.117247 0.457031 0.066406 2 6 0.500000 7 0.500000
  6 1.921604 82.767014 0.686870 -0.367075 -0.873711 -0.319193 0.503906 0.066406 2 6 0.500000 7 0.500000
  6 2.185831 82.457985 1.427199 -0.347529 -0.914454 -0.207360 0.507812 0.242188 2 6 0.500000 7 0.500000
hwn2024_triboniophorus
  6 2.374880 82.491684 1.371295 0.364738 -0.800965 -0.474785 0.546875 0.246094 2 6 0.500000 7 0.500000
  6 2.325579 82.317291 1.806893 -0.328328 -0.929802 -0.166341 0.507812 0.304688 2 6 0.500000 7 0.500000
  6 2.185831 82.457985 1.427199 -0.347529 -0.914454 -0.207360 0.507812 0.242188 2 6 0.500000 7 0.500000
hwn2024_triboniophorus
  6 2.085482 82.801903 0.643565 0.460219 -0.726913 -0.509702 0.550781 0.066406 2 6 0.500000 7 0.500000
  6 2.374880 82.491684 1.371295 0.364738 -0.800965 -0.474785 0.546875 0.246094 2 6 0.500000 7 0.500000
  6 2.185831 82.457985 1.427199 -0.347529 -0.914454 -0.207360 0.507812 0.242188 2 6 0.500000 7 0.500000
hwn2024_triboniophorus
  6 2.085482 82.801903 0.643565 0.460219 -0.726913 -0.509702 0.550781 0.066406 2 6 0.500000 7 0.500000
  6 2.185831 82.457985 1.427199 -0.347529 -0.914454 -0.207360 0.507812 0.242188 2 6 0.500000 7 0.500000
  6 1.921604 82.767014 0.686870 -0.367075 -0.873711 -0.319193 0.503906 0.066406 2 6 0.500000 7 0.500000
hwn2024_triboniophorus
  6 2.085482 82.801903 0.643565 0.460219 -0.726913 -0.509702 0.550781 0.066406 2 6 0.500000 7 0.500000
  6 1.921604 82.767014 0.686870 -0.367075 -0.873711 -0.319193 0.503906 0.066406 2 6 0.500000 7 0.500000
  6 1.850336 82.884125 0.467511 -0.367075 -0.873711 -0.319193 0.503906 0.015625 2 6 0.500000 7 0.500000
hwn2024_triboniophorus
  6 1.811825 82.870811 0.769948 -0.917762 -0.379428 0.117247 0.457031 0.066406 2 6 0.500000 7 0.500000
  6 1.850336 82.884125 0.467511 -0.367075 -0.873711 -0.319193 0.503906 0.015625 2 6 0.500000 7 0.500000
  6 1.921604 82.767014 0.686870 -0.367075 -0.873711 -0.319193 0.503906 0.066406 2 6 0.500000 7 0.500000
hwn2024_triboniophorus
  6 1.811825 82.870811 0.769948 -0.917762 -0.379428 0.117247 0.457031 0.066406 2 6 0.500000 7 0.500000
  6 1.739996 82.973297 0.544520 -0.917762 -0.379428 0.117247 0.457031 0.015625 2 6 0.500000 7 0.500000
  6 1.850336 82.884125 0.467511 -0.367075 -0.873711 -0.319193 0.503906 0.015625 2 6 0.500000 7 0.500000
hwn2024_triboniophorus
  6 1.831755 82.996872 0.816517 -0.854191 0.321496 0.408654 0.421875 0.058594 2 6 0.500000 7 0.500000
  6 1.739996 82.973297 0.544520 -0.917762 -0.379428 0.117247 0.457031 0.015625 2 6 0.500000 7 0.500000
  6 1.811825 82.870811 0.769948 -0.917762 -0.379428 0.117247 0.457031 0.066406 2 6 0.500000 7 0.500000
hwn2024_triboniophorus
  6 1.831755 82.996872 0.816517 -0.854191 0.321496 0.408654 0.421875 0.058594 2 6 0.500000 7 0.500000
  6 1.752563 83.102539 0.594701 -0.854191 0.321496 0.408654 0.421875 0.015625 2 6 0.500000 7 0.500000
  6 1.739996 82.973297 0.544520 -0.917762 -0.379428 0.117247 0.457031 0.015625 2 6 0.500000 7 0.500000
hwn2024_triboniophorus
  6 2.085482 82.801903 0.643565 0.460219 -0.726913 -0.509702 0.550781 0.066406 2 6 0.500000 7 0.500000
  6 1.850336 82.884125 0.467511 -0.367075 -0.873711 -0.319193 0.503906 0.015625 2 6 0.500000 7 0.500000
  6 2.003515 82.906967 0.422805 0.372724 -0.769889 -0.518023 0.546875 0.015625 2 6 0.500000 7 0.500000
hwn2024_triboniophorus
  6 2.516882 82.642853 1.426066 0.853233 -0.078863 -0.515534 0.589844 0.265625 2 6 0.500000 7 0.500000
  6 2.734726 82.531387 1.773657 0.794053 -0.420078 -0.439333 0.554688 0.332031 2 6 0.500000 7 0.500000
  6 2.630804 82.426842 1.752347 0.635591 -0.640810 -0.430566 0.542969 0.320312 2 6 0.500000 7 0.500000
hwn2024_triboniophorus
  6 2.516882 82.642853 1.426066 0.853233 -0.078863 -0.515534 0.589844 0.265625 2 6 0.500000 7 0.500000
  6 2.630804 82.426842 1.752347 0.635591 -0.640810 -0.430566 0.542969 0.320312 2 6 0.500000 7 0.500000
  6 2.456942 82.575745 1.379284 0.708322 -0.471092 -0.525693 0.570312 0.250000 2 6 0.500000 7 0.500000
hwn2024_triboniophorus
  6 2.456942 82.575745 1.379284 0.708322 -0.471092 -0.525693 0.570312 0.250000 2 6 0.500000 7 0.500000
  6 2.630804 82.426842 1.752347 0.635591 -0.640810 -0.430566 0.542969 0.320312 2 6 0.500000 7 0.500000
  6 2.524250 82.348892 1.748314 0.326348 -0.865265 -0.380543 0.527344 0.308594 2 6 0.500000 7 0.500000
hwn2024_triboniophorus
  6 2.456942 82.575745 1.379284 0.708322 -0.471092 -0.525693 0.570312 0.250000 2 6 0.500000 7 0.500000
  6 2.524250 82.348892 1.748314 0.326348 -0.865265 -0.380543 0.527344 0.308594 2 6 0.500000 7 0.500000
  6 2.374880 82.491684 1.371295 0.364738 -0.800965 -0.474785 0.546875 0.246094 2 6 0.500000 7 0.500000
hwn2024_triboniophorus
  6 2.374880 82.491684 1.371295 0.364738 -0.800965 -0.474785 0.546875 0.246094 2 6 0.500000 7 0.500000
  6 2.085482 82.801903 0.643565 0.460219 -0.726913 -0.509702 0.550781 0.066406 2 6 0.500000 7 0.500000
  6 2.456942 82.575745 1.379284 0.708322 -0.471092 -0.525693 0.570312 0.250000 2 6 0.500000 7 0.500000
hwn2024_triboniophorus
  6 2.167698 82.923866 0.674845 0.943208 0.103600 -0.315634 0.589844 0.058594 2 6 0.500000 7 0.500000
  6 2.456942 82.575745 1.379284 0.708322 -0.471092 -0.525693 0.570312 0.250000 2 6 0.500000 7 0.500000
  6 2.085482 82.801903 0.643565 0.460219 -0.726913 -0.509702 0.550781 0.066406 2 6 0.500000 7 0.500000
hwn2024_triboniophorus
  6 2.167698 82.923866 0.674845 0.943208 0.103600 -0.315634 0.589844 0.058594 2 6 0.500000 7 0.500000
  6 2.085482 82.801903 0.643565 0.460219 -0.726913 -0.509702 0.550781 0.066406 2 6 0.500000 7 0.500000
  6 2.003515 82.906967 0.422805 0.372724 -0.769889 -0.518023 0.546875 0.015625 2 6 0.500000 7 0.500000
hwn2024_triboniophorus
  6 2.167698 82.923866 0.674845 0.943208 0.103600 -0.315634 0.589844 0.058594 2 6 0.500000 7 0.500000
  6 2.003515 82.906967 0.422805 0.372724 -0.769889 -0.518023 0.546875 0.015625 2 6 0.500000 7 0.500000
  6 2.093191 83.031876 0.448809 0.964394 0.091510 -0.248132 0.589844 0.015625 2 6 0.500000 7 0.500000
hwn2024_triboniophorus
  6 2.167698 82.923866 0.674845 0.943208 0.103600 -0.315634 0.589844 0.058594 2 6 0.500000 7 0.500000
  6 2.516882 82.642853 1.426066 0.853233 -0.078863 -0.515534 0.589844 0.265625 2 6 0.500000 7 0.500000
  6 2.456942 82.575745 1.379284 0.708322 -0.471092 -0.525693 0.570312 0.250000 2 6 0.500000 7 0.500000
hwn2024_triboniophorus
  6 2.141380 82.959030 0.692389 0.654766 0.744994 0.127538 0.605469 0.054688 2 6 0.500000 7 0.500000
  6 2.093191 83.031876 0.448809 0.964394 0.091510 -0.248132 0.589844 0.015625 2 6 0.500000 7 0.500000
  6 2.070156 83.076263 0.473443 0.612174 0.768429 0.186441 0.605469 0.015625 2 6 0.500000 7 0.500000
hwn2024_triboniophorus
  6 2.141380 82.959030 0.692389 0.654766 0.744994 0.127538 0.605469 0.054688 2 6 0.500000 7 0.500000
  6 2.167698 82.923866 0.674845 0.943208 0.103600 -0.315634 0.589844 0.058594 2 6 0.500000 7 0.500000
  6 2.093191 83.031876 0.448809 0.964394 0.091510 -0.248132 0.589844 0.015625 2 6 0.500000 7 0.500000
hwn2024_triboniophorus
  6 2.167698 82.923866 0.674845 0.943208 0.103600 -0.315634 0.589844 0.058594 2 6 0.500000 7 0.500000
  6 2.141380 82.959030 0.692389 0.654766 0.744994 0.127538 0.605469 0.054688 2 6 0.500000 7 0.500000
  6 2.504910 82.701889 1.419818 0.878494 0.275348 -0.390425 0.605469 0.261719 2 6 0.500000 7 0.500000
hwn2024_triboniophorus
  6 2.167698 82.923866 0.674845 0.943208 0.103600 -0.315634 0.589844 0.058594 2 6 0.500000 7 0.500000
  6 2.504910 82.701889 1.419818 0.878494 0.275348 -0.390425 0.605469 0.261719 2 6 0.500000 7 0.500000
  6 2.516882 82.642853 1.426066 0.853233 -0.078863 -0.515534 0.589844 0.265625 2 6 0.500000 7 0.500000
hwn2024_triboniophorus
  6 2.504910 82.701889 1.419818 0.878494 0.275348 -0.390425 0.605469 0.261719 2 6 0.500000 7 0.500000
  6 2.562737 82.707161 1.529233 0.790791 0.178673 -0.585428 0.605469 0.292969 2 6 0.500000 7 0.500000
  6 2.516882 82.642853 1.426066 0.853233 -0.078863 -0.515534 0.589844 0.265625 2 6 0.500000 7 0.500000
hwn2024_triboniophorus
  6 2.734726 82.531387 1.773657 0.794053 -0.420078 -0.439333 0.554688 0.332031 2 6 0.500000 7 0.500000
  6 2.516882 82.642853 1.426066 0.853233 -0.078863 -0.515534 0.589844 0.265625 2 6 0.500000 7 0.500000
  6 2.562737 82.707161 1.529233 0.790791 0.178673 -0.585428 0.605469 0.292969 2 6 0.500000 7 0.500000
hwn2024_triboniophorus
  6 2.562737 82.707161 1.529233 0.790791 0.178673 -0.585428 0.605469 0.292969 2 6 0.500000 7 0.500000
  6 2.633211 82.805458 1.632388 0.671719 0.124423 -0.730282 0.605469 0.332031 2 6 0.500000 7 0.500000
  6 2.734726 82.531387 1.773657 0.794053 -0.420078 -0.439333 0.554688 0.332031 2 6 0.500000 7 0.500000
hwn2024_triboniophorus
  6 2.633211 82.805458 1.632388 0.671719 0.124423 -0.730282 0.605469 0.332031 2 6 0.500000 7 0.500000
  6 2.811152 82.679390 1.831189 0.892331 -0.205763 -0.401755 0.562500 0.351562 2 6 0.500000 7 0.500000
  6 2.734726 82.531387 1.773657 0.794053 -0.420078 -0.439333 0.554688 0.332031 2 6 0.500000 7 0.500000
hwn2024_triboniophorus
  6 2.718262 82.972328 1.739118 0.630494 0.159486 -0.759632 0.605469 0.382812 2 6 0.500000 7 0.500000
  6 2.811152 82.679390 1.831189 0.892331 -0.205763 -0.401755 0.562500 0.351562 2 6 0.500000 7 0.500000
  6 2.633211 82.805458 1.632388 0.671719 0.124423 -0.730282 0.605469 0.332031 2 6 0.500000 7 0.500000
hwn2024_triboniophorus
  6 2.718262 82.972328 1.739118 0.630494 0.159486 -0.759632 0.605469 0.382812 2 6 0.500000 7 0.500000
  6 2.870323 82.864601 1.906164 0.914446 -0.124321 -0.385140 0.574219 0.382812 2 6 0.500000 7 0.500000
  6 2.811152 82.679390 1.831189 0.892331 -0.205763 -0.401755 0.562500 0.351562 2 6 0.500000 7 0.500000
hwn2024_triboniophorus
  6 2.870323 82.864601 1.906164 0.914446 -0.124321 -0.385140 0.574219 0.382812 2 6 0.500000 7 0.500000
  6 2.808279 82.606491 2.100344 0.852651 -0.416785 0.315083 0.531250 0.363281 2 6 0.500000 7 0.500000
  6 2.811152 82.679390 1.831189 0.892331 -0.205763 -0.401755 0.562500 0.351562 2 6 0.500000 7 0.500000
hwn2024_triboniophorus
  6 2.870323 82.864601 1.906164 0.914446 -0.124321 -0.385140 0.574219 0.382812 2 6 0.500000 7 0.500000
  6 2.862736 82.796745 2.146491 0.876091 -0.322838 0.358105 0.539062 0.382812 2 6 0.500000 7 0.500000
  6 2.808279 82.606491 2.100344 0.852651 -0.416785 0.315083 0.531250 0.363281 2 6 0.500000 7 0.500000
hwn2024_triboniophorus
  6 2.688105 82.813583 2.321593 0.367870 -0.259649 0.892891 0.507812 0.382812 2 6 0.500000 7 0.500000
  6 2.808279 82.606491 2.100344 0.852651 -0.416785 0.315083 0.531250 0.363281 2 6 0.500000 7 0.500000
  6 2.862736 82.796745 2.146491 0.876091 -0.322838 0.358105 0.539062 0.382812 2 6 0.500000 7 0.500000
hwn2024_triboniophorus
  6 2.688105 82.813583 2.321593 0.367870 -0.259649 0.892891 0.507812 0.382812 2 6 0.500000 7 0.500000
  6 2.624401 82.624084 2.287018 0.299292 -0.345885 0.889263 0.507812 0.363281 2 6 0.500000 7 0.500000
  6 2.808279 82.606491 2.100344 0.852651 -0.416785 0.315083 0.531250 0.363281 2 6 0.500000 7 0.500000
hwn2024_triboniophorus
  6 2.456387 82.899040 2.334481 -0.387338 -0.015189 0.921813 0.476562 0.382812 2 6 0.500000 7 0.500000
  6 2.624401 82.624084 2.287018 0.299292 -0.345885 0.889263 0.507812 0.363281 2 6 0.500000 7 0.500000
  6 2.688105 82.813583 2.321593 0.367870 -0.259649 0.892891 0.507812 0.382812 2 6 0.500000 7 0.500000
hwn2024_triboniophorus
  6 2.456387 82.899040 2.334481 -0.387338 -0.015189 0.921813 0.476562 0.382812 2 6 0.500000 7 0.500000
  6 2.378469 82.714737 2.298482 -0.432106 -0.091119 0.897208 0.480469 0.363281 2 6 0.500000 7 0.500000
  6 2.624401 82.624084 2.287018 0.299292 -0.345885 0.889263 0.507812 0.363281 2 6 0.500000 7 0.500000
hwn2024_triboniophorus
  6 2.303946 83.006493 2.167244 -0.854191 0.321496 0.408654 0.441406 0.382812 2 6 0.500000 7 0.500000
  6 2.378469 82.714737 2.298482 -0.432106 -0.091119 0.897208 0.480469 0.363281 2 6 0.500000 7 0.500000
  6 2.456387 82.899040 2.334481 -0.387338 -0.015189 0.921813 0.476562 0.382812 2 6 0.500000 7 0.500000
hwn2024_triboniophorus
  6 2.303946 83.006493 2.167244 -0.854191 0.321496 0.408654 0.441406 0.382812 2 6 0.500000 7 0.500000
  6 2.210922 82.830376 2.108399 -0.868087 0.244688 0.431917 0.449219 0.355469 2 6 0.500000 7 0.500000
  6 2.378469 82.714737 2.298482 -0.432106 -0.091119 0.897208 0.480469 0.363281 2 6 0.500000 7 0.500000
hwn2024_triboniophorus
  6 2.311522 83.074104 1.926050 -0.848593 0.523719 -0.074884 0.410156 0.382812 2 6 0.500000 7 0.500000
  6 2.210922 82.830376 2.108399 -0.868087 0.244688 0.431917 0.449219 0.355469 2 6 0.500000 7 0.500000
  6 2.303946 83.006493 2.167244 -0.854191 0.321496 0.408654 0.441406 0.382812 2 6 0.500000 7 0.500000
hwn2024_triboniophorus
  6 2.311522 83.074104 1.926050 -0.848593 0.523719 -0.074884 0.410156 0.382812 2 6 0.500000 7 0.500000
  6 2.216810 82.909706 1.823772 -0.862846 0.504969 -0.022438 0.410156 0.332031 2 6 0.500000 7 0.500000
  6 2.210922 82.830376 2.108399 -0.868087 0.244688 0.431917 0.449219 0.355469 2 6 0.500000 7 0.500000
hwn2024_triboniophorus
  6 2.156500 82.677223 2.041268 -0.939855 -0.011709 0.341373 0.460938 0.332031 2 6 0.500000 7 0.500000
  6 2.210922 82.830376 2.108399 -0.868087 0.244688 0.431917 0.449219 0.355469 2 6 0.500000 7 0.500000
  6 2.216810 82.909706 1.823772 -0.862846 0.504969 -0.022438 0.410156 0.332031 2 6 0.500000 7 0.500000
hwn2024_triboniophorus
  6 2.152063 82.821587 1.734772 -0.798480 0.586279 0.136775 0.410156 0.296875 2 6 0.500000 7 0.500000
  6 2.156500 82.677223 2.041268 -0.939855 -0.011709 0.341373 0.460938 0.332031 2 6 0.500000 7 0.500000
  6 2.216810 82.909706 1.823772 -0.862846 0.504969 -0.022438 0.410156 0.332031 2 6 0.500000 7 0.500000
hwn2024_triboniophorus
  6 2.152063 82.821587 1.734772 -0.798480 0.586279 0.136775 0.410156 0.296875 2 6 0.500000 7 0.500000
  6 2.077969 82.769150 1.637662 -0.869721 0.414429 0.268018 0.421875 0.269531 2 6 0.500000 7 0.500000
  6 2.156500 82.677223 2.041268 -0.939855 -0.011709 0.341373 0.460938 0.332031 2 6 0.500000 7 0.500000
hwn2024_triboniophorus
  6 2.152063 82.821587 1.734772 -0.798480 0.586279 0.136775 0.410156 0.296875 2 6 0.500000 7 0.500000
  6 2.103468 82.800682 1.620650 -0.656386 0.704935 0.268744 0.410156 0.265625 2 6 0.500000 7 0.500000
  6 2.077969 82.769150 1.637662 -0.869721 0.414429 0.268018 0.421875 0.269531 2 6 0.500000 7 0.500000
hwn2024_triboniophorus
  6 2.103468 82.800682 1.620650 -0.656386 0.704935 0.268744 0.410156 0.265625 2 6 0.500000 7 0.500000
  6 1.831755 82.996872 0.816517 -0.854191 0.321496 0.408654 0.421875 0.058594 2 6 0.500000 7 0.500000
  6 2.077969 82.769150 1.637662 -0.869721 0.414429 0.268018 0.421875 0.269531 2 6 0.500000 7 0.500000
hwn2024_triboniophorus
  6 2.103468 82.800682 1.620650 -0.656386 0.704935 0.268744 0.410156 0.265625 2 6 0.500000 7 0.500000
  6 1.852287 83.018105 0.820457 -0.642870 0.615914 0.455376 0.410156 0.054688 2 6 0.500000 7 0.500000
  6 1.831755 82.996872 0.816517 -0.854191 0.321496 0.408654 0.421875 0.058594 2 6 0.500000 7 0.500000
hwn2024_triboniophorus
  6 1.752563 83.102539 0.594701 -0.854191 0.321496 0.408654 0.421875 0.015625 2 6 0.500000 7 0.500000
  6 1.831755 82.996872 0.816517 -0.854191 0.321496 0.408654 0.421875 0.058594 2 6 0.500000 7 0.500000
  6 1.852287 83.018105 0.820457 -0.642870 0.615914 0.455376 0.410156 0.054688 2 6 0.500000 7 0.500000
hwn2024_triboniophorus
  6 1.752563 83.102539 0.594701 -0.854191 0.321496 0.408654 0.421875 0.015625 2 6 0.500000 7 0.500000
  6 1.852287 83.018105 0.820457 -0.642870 0.615914 0.455376 0.410156 0.054688 2 6 0.500000 7 0.500000
  6 1.772198 83.126137 0.594549 -0.665099 0.553588 0.501182 0.410156 0.015625 2 6 0.500000 7 0.500000
hwn2024_triboniophorus
  6 2.233675 81.704536 -3.045594 -0.457149 -0.882622 0.109512 0.705358 0.592617 1 6 1.000000
  6 2.420637 81.659630 -2.765052 -0.392869 -0.914439 0.097234 0.700367 0.611240 1 6 1.000000
  6 2.389891 81.706665 -2.426335 -0.489117 -0.860634 0.141684 0.684556 0.621982 1 6 1.000000
hwn2024_triboniophorus
  6 1.674792 82.004807 -2.999224 -0.489117 -0.860634 0.141684 0.679852 0.567697 1 6 1.000000
  6 1.943577 81.856453 -3.142917 -0.455221 -0.888704 0.054574 0.697071 0.575209 1 6 1.000000
  6 2.233675 81.704536 -3.045594 -0.457149 -0.882622 0.109512 0.705358 0.592617 1 6 1.000000
hwn2024_triboniophorus
  6 2.389891 81.706665 -2.426335 -0.489117 -0.860634 0.141684 0.684556 0.621982 1 6 1.000000
  6 1.674792 82.004807 -2.999224 -0.489117 -0.860634 0.141684 0.679852 0.567697 1 6 1.000000
  6 2.233675 81.704536 -3.045594 -0.457149 -0.882622 0.109512 0.705358 0.592617 1 6 1.000000
hwn2024_triboniophorus
  6 2.389891 81.706665 -2.426335 -0.489117 -0.860634 0.141684 0.684556 0.621982 1 6 1.000000
  6 1.456460 82.175919 -2.736058 -0.489117 -0.860634 0.141684 0.658408 0.566309 1 6 1.000000
  6 1.674792 82.004807 -2.999224 -0.489117 -0.860634 0.141684 0.679852 0.567697 1 6 1.000000
hwn2024_triboniophorus
  6 2.389891 81.706665 -2.426335 -0.489117 -0.860634 0.141684 0.684556 0.621982 1 6 1.000000
  6 2.264301 81.837334 -2.083020 -0.457149 -0.882622 0.109512 0.663264 0.627876 1 6 1.000000
  6 1.456460 82.175919 -2.736058 -0.489117 -0.860634 0.141684 0.658408 0.566309 1 6 1.000000
hwn2024_triboniophorus
  6 2.125386 81.936325 -1.762838 -0.420826 -0.907136 0.003130 0.642826 0.632438 1 6 1.000000
  6 1.456460 82.175919 -2.736058 -0.489117 -0.860634 0.141684 0.658408 0.566309 1 6 1.000000
  6 2.264301 81.837334 -2.083020 -0.457149 -0.882622 0.109512 0.663264 0.627876 1 6 1.000000
hwn2024_triboniophorus
  6 2.125386 81.936325 -1.762838 -0.420826 -0.907136 0.003130 0.642826 0.632438 1 6 1.000000
  6 1.238406 82.349564 -2.430837 -0.455221 -0.888704 0.054574 0.635602 0.565603 1 6 1.000000
  6 1.456460 82.175919 -2.736058 -0.489117 -0.860634 0.141684 0.658408 0.566309 1 6 1.000000
hwn2024_triboniophorus
  6 2.125386 81.936325 -1.762838 -0.420826 -0.907136 0.003130 0.642826 0.632438 1 6 1.000000
  6 1.025217 82.431313 -2.161880 -0.347529 -0.914454 -0.207360 0.616675 0.565283 1 6 1.000000
  6 1.238406 82.349564 -2.430837 -0.455221 -0.888704 0.054574 0.635602 0.565603 1 6 1.000000
hwn2024_triboniophorus
  6 2.125386 81.936325 -1.762838 -0.420826 -0.907136 0.003130 0.642826 0.632438 1 6 1.000000
  6 2.000511 81.958664 -1.425525 -0.277067 -0.939857 -0.199758 0.625598 0.638270 1 6 1.000000
  6 1.025217 82.431313 -2.161880 -0.347529 -0.914454 -0.207360 0.616675 0.565283 1 6 1.000000
hwn2024_triboniophorus
  6 2.000511 81.958664 -1.425525 -0.277067 -0.939857 -0.199758 0.625598 0.638270 1 6 1.000000
  6 0.828741 82.062225 -0.766378 -0.245339 -0.945532 -0.213960 0.559389 0.612006 1 6 1.000000
  6 1.025217 82.431313 -2.161880 -0.347529 -0.914454 -0.207360 0.616675 0.565283 1 6 1.000000
hwn2024_triboniophorus
  6 2.000511 81.958664 -1.425525 -0.277067 -0.939857 -0.199758 0.625598 0.638270 1 6 1.000000
  6 2.071268 81.873505 -1.190221 -0.347529 -0.914454 -0.207360 0.620902 0.650124 1 6 1.000000
  6 0.828741 82.062225 -0.766378 -0.245339 -0.945532 -0.213960 0.559389 0.612006 1 6 1.000000
hwn2024_triboniophorus
  6 1.706795 81.758156 0.177253 -0.407270 -0.902342 -0.141105 0.552423 0.685312 1 6 1.000000
  6 0.828741 82.062225 -0.766378 -0.245339 -0.945532 -0.213960 0.559389 0.612006 1 6 1.000000
  6 2.071268 81.873505 -1.190221 -0.347529 -0.914454 -0.207360 0.620902 0.650124 1 6 1.000000
hwn2024_triboniophorus
  6 1.706795 81.758156 0.177253 -0.407270 -0.902342 -0.141105 0.552423 0.685312 1 6 1.000000
  6 2.071268 81.873505 -1.190221 -0.347529 -0.914454 -0.207360 0.620902 0.650124 1 6 1.000000
  6 2.311377 81.624138 -1.073495 -0.712329 -0.655235 -0.251504 0.627522 0.669988 1 6 1.000000
hwn2024_triboniophorus
  6 1.706795 81.758156 0.177253 -0.407270 -0.902342 -0.141105 0.552423 0.685312 1 6 1.000000
  6 2.311377 81.624138 -1.073495 -0.712329 -0.655235 -0.251504 0.627522 0.669988 1 6 1.000000
  6 1.978082 81.496590 0.155198 -0.712329 -0.655235 -0.251504 0.564271 0.702361 1 6 1.000000
hwn2024_triboniophorus
  6 1.978082 81.496590 0.155198 -0.712329 -0.655235 -0.251504 0.564271 0.702361 1 6 1.000000
  6 2.311377 81.624138 -1.073495 -0.712329 -0.655235 -0.251504 0.627522 0.669988 1 6 1.000000
  6 2.514683 81.301880 -0.980017 -0.769734 -0.590062 -0.243591 0.634780 0.691512 1 6 1.000000
hwn2024_triboniophorus
  6 1.978082 81.496590 0.155198 -0.712329 -0.655235 -0.251504 0.564271 0.702361 1 6 1.000000
  6 2.514683 81.301880 -0.980017 -0.769734 -0.590062 -0.243591 0.634780 0.691512 1 6 1.000000
  6 2.236009 81.205673 0.142916 -0.769734 -0.590062 -0.243591 0.576553 0.721050 1 6 1.000000
hwn2024_triboniophorus
  6 2.236009 81.205673 0.142916 -0.769734 -0.590062 -0.243591 0.576553 0.721050 1 6 1.000000
  6 2.514683 81.301880 -0.980017 -0.769734 -0.590062 -0.243591 0.634780 0.691512 1 6 1.000000
  6 2.679930 80.989426 -0.836503 -0.769734 -0.590062 -0.243591 0.637907 0.712650 1 6 1.000000
hwn2024_triboniophorus
  6 2.236009 81.205673 0.142916 -0.769734 -0.590062 -0.243591 0.576553 0.721050 1 6 1.000000
  6 2.679930 80.989426 -0.836503 -0.769734 -0.590062 -0.243591 0.637907 0.712650 1 6 1.000000
  6 2.468601 80.932449 0.076309 -0.769734 -0.590062 -0.243591 0.590406 0.736196 1 6 1.000000
hwn2024_triboniophorus
  6 2.753311 80.706841 -0.346849 -0.769734 -0.590062 -0.243591 0.621584 0.740283 1 6 1.000000
  6 2.468601 80.932449 0.076309 -0.769734 -0.590062 -0.243591 0.590406 0.736196 1 6 1.000000
  6 2.679930 80.989426 -0.836503 -0.769734 -0.590062 -0.243591 0.637907 0.712650 1 6 1.000000
hwn2024_triboniophorus
  6 2.753311 80.706841 -0.346849 -0.769734 -0.590062 -0.243591 0.621584 0.740283 1 6 1.000000
  6 2.655540 80.756294 -0.076355 -0.765924 -0.614318 -0.189668 0.605427 0.743598 1 6 1.000000
  6 2.468601 80.932449 0.076309 -0.769734 -0.590062 -0.243591 0.590406 0.736196 1 6 1.000000
hwn2024_triboniophorus
  6 2.679930 80.989426 -0.836503 -0.769734 -0.590062 -0.243591 0.637907 0.712650 1 6 1.000000
  6 2.778627 80.783470 -0.630019 -0.769734 -0.590062 -0.243591 0.634259 0.729515 1 6 1.000000
  6 2.753311 80.706841 -0.346849 -0.769734 -0.590062 -0.243591 0.621584 0.740283 1 6 1.000000
hwn2024_triboniophorus
  6 2.139114 84.303864 1.085694 -0.094890 0.168128 0.981187 0.456868 0.824501 2 6 0.500000 7 0.500000
  6 2.186390 84.169067 1.113524 0.025568 -0.168784 0.985321 0.446425 0.805674 2 6 0.500000 7 0.500000
  6 2.270464 84.376190 1.080786 0.235565 0.188460 0.953411 0.438250 0.838455 2 6 0.500000 7 0.500000
hwn2024_triboniophorus
  6 2.373816 84.151451 1.057392 0.512485 -0.100758 0.852764 0.418050 0.807588 2 6 0.500000 7 0.500000
  6 2.270464 84.376190 1.080786 0.235565 0.188460 0.953411 0.438250 0.838455 2 6 0.500000 7 0.500000
  6 2.186390 84.169067 1.113524 0.025568 -0.168784 0.985321 0.446425 0.805674 2 6 0.500000 7 0.500000
hwn2024_triboniophorus
  6 2.373816 84.151451 1.057392 0.512485 -0.100758 0.852764 0.418050 0.807588 2 6 0.500000 7 0.500000
  6 2.423649 84.328026 1.038404 0.580271 0.103525 0.807817 0.413723 0.833709 2 6 0.500000 7 0.500000
  6 2.270464 84.376190 1.080786 0.235565 0.188460 0.953411 0.438250 0.838455 2 6 0.500000 7 0.500000
hwn2024_triboniophorus
  6 2.373816 84.151451 1.057392 0.512485 -0.100758 0.852764 0.418050 0.807588 2 6 0.500000 7 0.500000
  6 2.494064 84.111694 0.911235 0.763308 -0.342590 0.547717 0.390464 0.802800 2 6 0.500000 7 0.500000
  6 2.423649 84.328026 1.038404 0.580271 0.103525 0.807817 0.413723 0.833709 2 6 0.500000 7 0.500000
hwn2024_triboniophorus
  6 2.270464 84.376190 1.080786 0.235565 0.188460 0.953411 0.438250 0.838455 2 6 0.500000 7 0.500000
  6 2.423649 84.328026 1.038404 0.580271 0.103525 0.807817 0.413723 0.833709 2 6 0.500000 7 0.500000
  6 2.438757 84.404251 0.997572 0.599489 0.281282 0.749328 0.409359 0.846139 2 6 0.500000 7 0.500000
hwn2024_triboniophorus
  6 2.438757 84.404251 0.997572 0.599489 0.281282 0.749328 0.409359 0.846139 2 6 0.500000 7 0.500000
  6 2.423649 84.328026 1.038404 0.580271 0.103525 0.807817 0.413723 0.833709 2 6 0.500000 7 0.500000
  6 2.501806 84.375336 0.928926 0.816462 0.040218 0.575997 0.394265 0.843359 2 6 0.500000 7 0.500000
hwn2024_triboniophorus
  6 2.423649 84.328026 1.038404 0.580271 0.103525 0.807817 0.413723 0.833709 2 6 0.500000 7 0.500000
  6 2.544373 84.296005 0.858413 0.860478 -0.027243 0.508759 0.380222 0.831691 2 6 0.500000 7 0.500000
  6 2.501806 84.375336 0.928926 0.816462 0.040218 0.575997 0.394265 0.843359 2 6 0.500000 7 0.500000
hwn2024_triboniophorus
  6 2.423649 84.328026 1.038404 0.580271 0.103525 0.807817 0.413723 0.833709 2 6 0.500000 7 0.500000
  6 2.494064 84.111694 0.911235 0.763308 -0.342590 0.547717 0.390464 0.802800 2 6 0.500000 7 0.500000
  6 2.544373 84.296005 0.858413 0.860478 -0.027243 0.508759 0.380222 0.831691 2 6 0.500000 7 0.500000
hwn2024_triboniophorus
  6 2.494064 84.111694 0.911235 0.763308 -0.342590 0.547717 0.390464 0.802800 2 6 0.500000 7 0.500000
  6 2.548185 84.159309 0.807017 0.918506 -0.198879 0.341750 0.372215 0.809968 2 6 0.500000 7 0.500000
  6 2.544373 84.296005 0.858413 0.860478 -0.027243 0.508759 0.380222 0.831691 2 6 0.500000 7 0.500000
hwn2024_triboniophorus
  6 2.494064 84.111694 0.911235 0.763308 -0.342590 0.547717 0.390464 0.802800 2 6 0.500000 7 0.500000
  6 2.517540 84.021439 0.778696 0.870932 -0.350894 0.344022 0.371186 0.787258 2 6 0.500000 7 0.500000
  6 2.548185 84.159309 0.807017 0.918506 -0.198879 0.341750 0.372215 0.809968 2 6 0.500000 7 0.500000
hwn2024_triboniophorus
  6 2.494064 84.111694 0.911235 0.763308 -0.342590 0.547717 0.390464 0.802800 2 6 0.500000 7 0.500000
  6 2.416380 83.899452 0.863851 0.696350 -0.434913 0.570918 0.391644 0.767870 2 6 0.500000 7 0.500000
  6 2.517540 84.021439 0.778696 0.870932 -0.350894 0.344022 0.371186 0.787258 2 6 0.500000 7 0.500000
hwn2024_triboniophorus
  6 2.416380 83.899452 0.863851 0.696350 -0.434913 0.570918 0.391644 0.767870 2 6 0.500000 7 0.500000
  6 2.494064 84.111694 0.911235 0.763308 -0.342590 0.547717 0.390464 0.802800 2 6 0.500000 7 0.500000
  6 2.284464 83.868851 0.985889 0.424821 -0.370493 0.825992 0.419682 0.762939 2 6 0.500000 7 0.500000
hwn2024_triboniophorus
  6 2.284464 83.868851 0.985889 0.424821 -0.370493 0.825992 0.419682 0.762939 2 6 0.500000 7 0.500000
  6 2.494064 84.111694 0.911235 0.763308 -0.342590 0.547717 0.390464 0.802800 2 6 0.500000 7 0.500000
  6 2.373816 84.151451 1.057392 0.512485 -0.100758 0.852764 0.418050 0.807588 2 6 0.500000 7 0.500000
hwn2024_triboniophorus
  6 2.186390 84.169067 1.113524 0.025568 -0.168784 0.985321 0.445901 0.805798 2 6 0.500000 7 0.500000
  6 2.284464 83.868851 0.985889 0.424821 -0.370493 0.825992 0.419682 0.762939 2 6 0.500000 7 0.500000
  6 2.373816 84.151451 1.057392 0.512485 -0.100758 0.852764 0.418050 0.807588 2 6 0.500000 7 0.500000
hwn2024_triboniophorus
  6 2.076183 83.988243 1.051728 0.020836 -0.345303 0.938260 0.455703 0.774568 2 6 0.500000 7 0.500000
  6 2.284464 83.868851 0.985889 0.424821 -0.370493 0.825992 0.419682 0.762939 2 6 0.500000 7 0.500000
  6 2.186390 84.169067 1.113524 0.025568 -0.168784 0.985321 0.445901 0.805798 2 6 0.500000 7 0.500000
hwn2024_triboniophorus
  6 2.076183 83.988243 1.051728 0.020836 -0.345303 0.938260 0.455703 0.774568 2 6 0.500000 7 0.500000
  6 2.186390 84.169067 1.113524 0.025568 -0.168784 0.985321 0.445901 0.805798 2 6 0.500000 7 0.500000
  6 2.021059 84.075264 1.049381 -0.261735 -0.174396 0.949253 0.467603 0.785139 2 6 0.500000 7 0.500000
hwn2024_triboniophorus
  6 2.021059 84.075264 1.049381 -0.261735 -0.174396 0.949253 0.467603 0.785139 2 6 0.500000 7 0.500000
  6 2.186390 84.169067 1.113524 0.025568 -0.168784 0.985321 0.445901 0.805798 2 6 0.500000 7 0.500000
  6 2.060450 84.203278 1.089123 -0.201276 -0.050796 0.978217 0.465662 0.806620 2 6 0.500000 7 0.500000
hwn2024_triboniophorus
  6 2.060450 84.203278 1.089123 -0.201276 -0.050796 0.978217 0.465662 0.806620 2 6 0.500000 7 0.500000
  6 2.186390 84.169067 1.113524 0.025568 -0.168784 0.985321 0.445901 0.805798 2 6 0.500000 7 0.500000
  6 2.139114 84.303864 1.085694 -0.094890 0.168128 0.981187 0.456868 0.824501 2 6 0.500000 7 0.500000
hwn2024_triboniophorus
  6 0.333483 84.365685 0.941823 -0.826751 -0.157275 0.540136 0.391644 0.767870 2 6 0.500000 7 0.500000
  6 0.448137 84.279877 1.054631 -0.494920 -0.326814 0.805138 0.419682 0.762939 2 6 0.500000 7 0.500000
  6 0.357147 84.590027 0.991229 -0.795382 0.006365 0.606075 0.390464 0.802800 2 6 0.500000 7 0.500000
hwn2024_triboniophorus
  6 0.448137 84.279877 1.054631 -0.494920 -0.326814 0.805138 0.419682 0.762939 2 6 0.500000 7 0.500000
  6 0.492952 84.572472 1.127802 -0.444458 0.113449 0.888587 0.418050 0.807588 2 6 0.500000 7 0.500000
  6 0.357147 84.590027 0.991229 -0.795382 0.006365 0.606075 0.390464 0.802800 2 6 0.500000 7 0.500000
hwn2024_triboniophorus
  6 0.492952 84.572472 1.127802 -0.444458 0.113449 0.888587 0.418050 0.807588 2 6 0.500000 7 0.500000
  6 0.521820 84.753716 1.109596 -0.458629 0.303917 0.835041 0.413723 0.833709 2 6 0.500000 7 0.500000
  6 0.357147 84.590027 0.991229 -0.795382 0.006365 0.606075 0.390464 0.802800 2 6 0.500000 7 0.500000
hwn2024_triboniophorus
  6 0.357147 84.590027 0.991229 -0.795382 0.006365 0.606075 0.390464 0.802800 2 6 0.500000 7 0.500000
  6 0.288109 84.520454 0.862153 -0.909243 0.047212 0.413580 0.371186 0.787258 2 6 0.500000 7 0.500000
  6 0.333483 84.365685 0.941823 -0.826751 -0.157275 0.540136 0.391644 0.767870 2 6 0.500000 7 0.500000
hwn2024_triboniophorus
  6 0.357147 84.590027 0.991229 -0.795382 0.006365 0.606075 0.390464 0.802800 2 6 0.500000 7 0.500000
  6 0.321180 84.657799 0.890382 -0.879641 0.199108 0.431958 0.372215 0.809968 2 6 0.500000 7 0.500000
  6 0.288109 84.520454 0.862153 -0.909243 0.047212 0.413580 0.371186 0.787258 2 6 0.500000 7 0.500000
hwn2024_triboniophorus
  6 0.357147 84.590027 0.991229 -0.795382 0.006365 0.606075 0.390464 0.802800 2 6 0.500000 7 0.500000
  6 0.386478 84.779022 0.939193 -0.769509 0.361167 0.526701 0.380222 0.831691 2 6 0.500000 7 0.500000
  6 0.321180 84.657799 0.890382 -0.879641 0.199108 0.431958 0.372215 0.809968 2 6 0.500000 7 0.500000
hwn2024_triboniophorus
  6 0.386478 84.779022 0.939193 -0.769509 0.361167 0.526701 0.380222 0.831691 2 6 0.500000 7 0.500000
  6 0.357147 84.590027 0.991229 -0.795382 0.006365 0.606075 0.390464 0.802800 2 6 0.500000 7 0.500000
  6 0.521820 84.753716 1.109596 -0.458629 0.303917 0.835041 0.413723 0.833709 2 6 0.500000 7 0.500000
hwn2024_triboniophorus
  6 0.386478 84.779022 0.939193 -0.769509 0.361167 0.526701 0.380222 0.831691 2 6 0.500000 7 0.500000
  6 0.521820 84.753716 1.109596 -0.458629 0.303917 0.835041 0.413723 0.833709 2 6 0.500000 7 0.500000
  6 0.463671 84.831543 1.005224 -0.650138 0.440032 0.619429 0.394265 0.843359 2 6 0.500000 7 0.500000
hwn2024_triboniophorus
  6 0.537741 84.829758 1.068733 -0.439016 0.494884 0.749903 0.409359 0.846139 2 6 0.500000 7 0.500000
  6 0.463671 84.831543 1.005224 -0.650138 0.440032 0.619429 0.394265 0.843359 2 6 0.500000 7 0.500000
  6 0.521820 84.753716 1.109596 -0.458629 0.303917 0.835041 0.413723 0.833709 2 6 0.500000 7 0.500000
hwn2024_triboniophorus
  6 0.683527 84.731400 1.140193 -0.054039 0.186164 0.981031 0.438250 0.838455 2 6 0.500000 7 0.500000
  6 0.537741 84.829758 1.068733 -0.439016 0.494884 0.749903 0.409359 0.846139 2 6 0.500000 7 0.500000
  6 0.521820 84.753716 1.109596 -0.458629 0.303917 0.835041 0.413723 0.833709 2 6 0.500000 7 0.500000
hwn2024_triboniophorus
  6 0.683527 84.731400 1.140193 -0.054039 0.186164 0.981031 0.438250 0.838455 2 6 0.500000 7 0.500000
  6 0.521820 84.753716 1.109596 -0.458629 0.303917 0.835041 0.413723 0.833709 2 6 0.500000 7 0.500000
  6 0.492952 84.572472 1.127802 -0.444458 0.113449 0.888587 0.418050 0.807588 2 6 0.500000 7 0.500000
hwn2024_triboniophorus
  6 0.683527 84.731400 1.140193 -0.054039 0.186164 0.981031 0.438250 0.838455 2 6 0.500000 7 0.500000
  6 0.492952 84.572472 1.127802 -0.444458 0.113449 0.888587 0.418050 0.807588 2 6 0.500000 7 0.500000
  6 0.673515 84.507698 1.170156 -0.041949 -0.133301 0.990187 0.445901 0.805798 2 6 0.500000 7 0.500000
hwn2024_triboniophorus
  6 0.673515 84.507698 1.170156 -0.041949 -0.133301 0.990187 0.445901 0.805798 2 6 0.500000 7 0.500000
  6 0.492952 84.572472 1.127802 -0.444458 0.113449 0.888587 0.418050 0.807588 2 6 0.500000 7 0.500000
  6 0.448137 84.279877 1.054631 -0.494920 -0.326814 0.805138 0.419682 0.762939 2 6 0.500000 7 0.500000
hwn2024_triboniophorus
  6 0.691532 84.298164 1.103562 -0.054978 -0.398672 0.915444 0.455703 0.774568 2 6 0.500000 7 0.500000
  6 0.673515 84.507698 1.170156 -0.041949 -0.133301 0.990187 0.445901 0.805798 2 6 0.500000 7 0.500000
  6 0.448137 84.279877 1.054631 -0.494920 -0.326814 0.805138 0.419682 0.762939 2 6 0.500000 7 0.500000
hwn2024_triboniophorus
  6 0.691532 84.298164 1.103562 -0.054978 -0.398672 0.915444 0.455703 0.774568 2 6 0.500000 7 0.500000
  6 0.778143 84.353462 1.095907 0.245887 -0.289467 0.925067 0.467603 0.785139 2 6 0.500000 7 0.500000
  6 0.673515 84.507698 1.170156 -0.041949 -0.133301 0.990187 0.445901 0.805798 2 6 0.500000 7 0.500000
hwn2024_triboniophorus
  6 0.778143 84.353462 1.095907 0.245887 -0.289467 0.925067 0.467603 0.785139 2 6 0.500000 7 0.500000
  6 0.799940 84.485413 1.136308 0.254119 -0.127820 0.958690 0.465662 0.806620 2 6 0.500000 7 0.500000
  6 0.673515 84.507698 1.170156 -0.041949 -0.133301 0.990187 0.445901 0.805798 2 6 0.500000 7 0.500000
hwn2024_triboniophorus
  6 0.799940 84.485413 1.136308 0.254119 -0.127820 0.958690 0.465662 0.806620 2 6 0.500000 7 0.500000
  6 0.771564 84.609970 1.136886 0.268055 0.091558 0.959043 0.456868 0.824501 2 6 0.500000 7 0.500000
  6 0.673515 84.507698 1.170156 -0.041949 -0.133301 0.990187 0.445901 0.805798 2 6 0.500000 7 0.500000
hwn2024_triboniophorus
  6 0.771564 84.609970 1.136886 0.268055 0.091558 0.959043 0.456868 0.824501 2 6 0.500000 7 0.500000
  6 0.683527 84.731400 1.140193 -0.054039 0.186164 0.981031 0.438250 0.838455 2 6 0.500000 7 0.500000
  6 0.673515 84.507698 1.170156 -0.041949 -0.133301 0.990187 0.445901 0.805798 2 6 0.500000 7 0.500000
hwn2024_triboniophorus
  6 1.811152 89.076332 1.532388 0.456183 0.889754 -0.015357 0.846583 0.963901 2 6 0.500000 7 0.500000
  6 2.347376 88.818115 1.903303 0.456183 0.889754 -0.015357 0.811776 0.978814 2 6 0.500000 7 0.500000
  6 4.381985 87.774628 0.845769 0.456183 0.889754 -0.015357 0.700777 0.902985 2 6 0.500000 7 0.500000
hwn2024_triboniophorus
  6 2.347376 88.818115 1.903303 0.456183 0.889754 -0.015357 0.811776 0.978814 2 6 0.500000 7 0.500000
  6 2.965660 88.511612 2.016573 0.456183 0.889754 -0.015357 0.774788 0.979019 2 6 0.500000 7 0.500000
  6 4.381985 87.774628 0.845769 0.456183 0.889754 -0.015357 0.700777 0.902985 2 6 0.500000 7 0.500000
hwn2024_triboniophorus
  6 4.067974 87.945404 1.444198 0.456183 0.889754 -0.015357 0.714314 0.938149 2 6 0.500000 7 0.500000
  6 4.381985 87.774628 0.845769 0.456183 0.889754 -0.015357 0.700777 0.902985 2 6 0.500000 7 0.500000
  6 2.965660 88.511612 2.016573 0.456183 0.889754 -0.015357 0.774788 0.979019 2 6 0.500000 7 0.500000
hwn2024_triboniophorus
  6 2.965660 88.511612 2.016573 0.456183 0.889754 -0.015357 0.774788 0.979019 2 6 0.500000 7 0.500000
  6 3.572899 88.203590 1.855739 0.456183 0.889754 -0.015357 0.740217 0.964860 2 6 0.500000 7 0.500000
  6 4.067974 87.945404 1.444198 0.456183 0.889754 -0.015357 0.714314 0.938149 2 6 0.500000 7 0.500000
hwn2024_triboniophorus
  6 3.574306 88.117302 1.915184 0.585088 0.464608 0.664689 0.736447 0.969266 2 6 0.500000 7 0.500000
  6 4.088862 87.848488 1.485048 0.795796 0.372909 0.477123 0.708960 0.940732 2 6 0.500000 7 0.500000
  6 4.067974 87.945404 1.444198 0.456183 0.889754 -0.015357 0.714314 0.938149 2 6 0.500000 7 0.500000
hwn2024_triboniophorus
  6 3.574306 88.117302 1.915184 0.585088 0.464608 0.664689 0.736447 0.969266 2 6 0.500000 7 0.500000
  6 4.067974 87.945404 1.444198 0.456183 0.889754 -0.015357 0.714314 0.938149 2 6 0.500000 7 0.500000
  6 3.572899 88.203590 1.855739 0.456183 0.889754 -0.015357 0.740217 0.964860 2 6 0.500000 7 0.500000
hwn2024_triboniophorus
  6 2.941330 88.438499 2.083631 0.319875 0.579447 0.749614 0.773438 0.984375 2 6 0.500000 7 0.500000
  6 3.574306 88.117302 1.915184 0.585088 0.464608 0.664689 0.736447 0.969266 2 6 0.500000 7 0.500000
  6 3.572899 88.203590 1.855739 0.456183 0.889754 -0.015357 0.740217 0.964860 2 6 0.500000 7 0.500000
hwn2024_triboniophorus
  6 2.941330 88.438499 2.083631 0.319875 0.579447 0.749614 0.773438 0.984375 2 6 0.500000 7 0.500000
  6 3.572899 88.203590 1.855739 0.456183 0.889754 -0.015357 0.740217 0.964860 2 6 0.500000 7 0.500000
  6 2.965660 88.511612 2.016573 0.456183 0.889754 -0.015357 0.774788 0.979019 2 6 0.500000 7 0.500000
hwn2024_triboniophorus
  6 2.296257 88.758080 1.965927 0.044942 0.702052 0.710706 0.812500 0.984375 2 6 0.500000 7 0.500000
  6 2.941330 88.438499 2.083631 0.319875 0.579447 0.749614 0.773438 0.984375 2 6 0.500000 7 0.500000
  6 2.965660 88.511612 2.016573 0.456183 0.889754 -0.015357 0.774788 0.979019 2 6 0.500000 7 0.500000
hwn2024_triboniophorus
  6 2.296257 88.758080 1.965927 0.044942 0.702052 0.710706 0.812500 0.984375 2 6 0.500000 7 0.500000
  6 2.965660 88.511612 2.016573 0.456183 0.889754 -0.015357 0.774788 0.979019 2 6 0.500000 7 0.500000
  6 2.347376 88.818115 1.903303 0.456183 0.889754 -0.015357 0.811776 0.978814 2 6 0.500000 7 0.500000
hwn2024_triboniophorus
  6 1.736271 89.027100 1.579214 -0.189446 0.812290 0.551630 0.849913 0.968589 2 6 0.500000 7 0.500000
  6 2.296257 88.758080 1.965927 0.044942 0.702052 0.710706 0.812500 0.984375 2 6 0.500000 7 0.500000
  6 2.347376 88.818115 1.903303 0.456183 0.889754 -0.015357 0.811776 0.978814 2 6 0.500000 7 0.500000
hwn2024_triboniophorus
  6 1.736271 89.027100 1.579214 -0.189446 0.812290 0.551630 0.849913 0.968589 2 6 0.500000 7 0.500000
  6 2.347376 88.818115 1.903303 0.456183 0.889754 -0.015357 0.811776 0.978814 2 6 0.500000 7 0.500000
  6 1.811152 89.076332 1.532388 0.456183 0.889754 -0.015357 0.846583 0.963901 2 6 0.500000 7 0.500000
hwn2024_triboniophorus
  6 1.736271 89.027100 1.579214 -0.189446 0.812290 0.551630 0.849913 0.968589 2 6 0.500000 7 0.500000
  6 1.811152 89.076332 1.532388 0.456183 0.889754 -0.015357 0.846583 0.963901 2 6 0.500000 7 0.500000
  6 1.439693 89.247505 0.961636 0.456183 0.889754 -0.015357 0.873282 0.936711 2 6 0.500000 7 0.500000
hwn2024_triboniophorus
  6 1.439693 89.247505 0.961636 0.456183 0.889754 -0.015357 0.873282 0.936711 2 6 0.500000 7 0.500000
  6 1.811152 89.076332 1.532388 0.456183 0.889754 -0.015357 0.846583 0.963901 2 6 0.500000 7 0.500000
  6 4.381985 87.774628 0.845769 0.456183 0.889754 -0.015357 0.700777 0.902985 2 6 0.500000 7 0.500000
hwn2024_triboniophorus
  6 4.474127 87.715881 0.152909 0.456183 0.889754 -0.015357 0.701037 0.864804 2 6 0.500000 7 0.500000
  6 1.439693 89.247505 0.961636 0.456183 0.889754 -0.015357 0.873282 0.936711 2 6 0.500000 7 0.500000
  6 4.381985 87.774628 0.845769 0.456183 0.889754 -0.015357 0.700777 0.902985 2 6 0.500000 7 0.500000
hwn2024_triboniophorus
  6 1.289892 89.306664 0.278027 0.456183 0.889754 -0.015357 0.887695 0.901565 2 6 0.500000 7 0.500000
  6 1.439693 89.247505 0.961636 0.456183 0.889754 -0.015357 0.873282 0.936711 2 6 0.500000 7 0.500000
  6 4.474127 87.715881 0.152909 0.456183 0.889754 -0.015357 0.701037 0.864804 2 6 0.500000 7 0.500000
hwn2024_triboniophorus
  6 1.385649 89.246452 -0.413723 0.456183 0.889754 -0.015357 0.887699 0.863645 2 6 0.500000 7 0.500000
  6 1.289892 89.306664 0.278027 0.456183 0.889754 -0.015357 0.887695 0.901565 2 6 0.500000 7 0.500000
  6 4.474127 87.715881 0.152909 0.456183 0.889754 -0.015357 0.701037 0.864804 2 6 0.500000 7 0.500000
hwn2024_triboniophorus
  6 1.191347 89.266418 0.270855 -0.378601 0.925460 0.013613 0.893611 0.902097 2 6 0.500000 7 0.500000
  6 1.289892 89.306664 0.278027 0.456183 0.889754 -0.015357 0.887695 0.901565 2 6 0.500000 7 0.500000
  6 1.385649 89.246452 -0.413723 0.456183 0.889754 -0.015357 0.887699 0.863645 2 6 0.500000 7 0.500000
hwn2024_triboniophorus
  6 1.191347 89.266418 0.270855 -0.378601 0.925460 0.013613 0.893611 0.902097 2 6 0.500000 7 0.500000
  6 1.385649 89.246452 -0.413723 0.456183 0.889754 -0.015357 0.887699 0.863645 2 6 0.500000 7 0.500000
  6 1.290920 89.203392 -0.450736 -0.310469 0.912793 -0.265364 0.893545 0.861761 2 6 0.500000 7 0.500000
hwn2024_triboniophorus
  6 1.736271 89.027100 1.579214 -0.189446 0.812290 0.551630 0.849913 0.968589 2 6 0.500000 7 0.500000
  6 1.439693 89.247505 0.961636 0.456183 0.889754 -0.015357 0.873282 0.936711 2 6 0.500000 7 0.500000
  6 1.348177 89.205208 0.983947 -0.337977 0.890967 0.303230 0.878319 0.939525 2 6 0.500000 7 0.500000
hwn2024_triboniophorus
  6 1.348177 89.205208 0.983947 -0.337977 0.890967 0.303230 0.878319 0.939525 2 6 0.500000 7 0.500000
  6 1.439693 89.247505 0.961636 0.456183 0.889754 -0.015357 0.873282 0.936711 2 6 0.500000 7 0.500000
  6 1.289892 89.306664 0.278027 0.456183 0.889754 -0.015357 0.887695 0.901565 2 6 0.500000 7 0.500000
hwn2024_triboniophorus
  6 1.348177 89.205208 0.983947 -0.337977 0.890967 0.303230 0.878319 0.939525 2 6 0.500000 7 0.500000
  6 1.289892 89.306664 0.278027 0.456183 0.889754 -0.015357 0.887695 0.901565 2 6 0.500000 7 0.500000
  6 1.191347 89.266418 0.270855 -0.378601 0.925460 0.013613 0.893611 0.902097 2 6 0.500000 7 0.500000
hwn2024_triboniophorus
  6 1.290920 89.203392 -0.450736 -0.310469 0.912793 -0.265364 0.893545 0.861761 2 6 0.500000 7 0.500000
  6 1.385649 89.246452 -0.413723 0.456183 0.889754 -0.015357 0.887699 0.863645 2 6 0.500000 7 0.500000
  6 1.713829 89.076965 -1.007726 0.456183 0.889754 -0.015357 0.873185 0.828692 2 6 0.500000 7 0.500000
hwn2024_triboniophorus
  6 1.290920 89.203392 -0.450736 -0.310469 0.912793 -0.265364 0.893545 0.861761 2 6 0.500000 7 0.500000
  6 1.713829 89.076965 -1.007726 0.456183 0.889754 -0.015357 0.873185 0.828692 2 6 0.500000 7 0.500000
  6 1.633316 89.026848 -1.070332 -0.152683 0.858518 -0.489525 0.878022 0.824645 2 6 0.500000 7 0.500000
hwn2024_triboniophorus
  6 1.633316 89.026848 -1.070332 -0.152683 0.858518 -0.489525 0.878022 0.824645 2 6 0.500000 7 0.500000
  6 1.713829 89.076965 -1.007726 0.456183 0.889754 -0.015357 0.873185 0.828692 2 6 0.500000 7 0.500000
  6 2.221561 88.822945 -1.415304 0.456183 0.889754 -0.015357 0.846530 0.801983 2 6 0.500000 7 0.500000
hwn2024_triboniophorus
  6 1.633316 89.026848 -1.070332 -0.152683 0.858518 -0.489525 0.878022 0.824645 2 6 0.500000 7 0.500000
  6 2.221561 88.822945 -1.415304 0.456183 0.889754 -0.015357 0.846530 0.801983 2 6 0.500000 7 0.500000
  6 2.163033 88.762497 -1.495609 0.064897 0.774261 -0.629530 0.849609 0.796326 2 6 0.500000 7 0.500000
hwn2024_triboniophorus
  6 2.163033 88.762497 -1.495609 0.064897 0.774261 -0.629530 0.849609 0.796326 2 6 0.500000 7 0.500000
  6 2.221561 88.822945 -1.415304 0.456183 0.889754 -0.015357 0.846530 0.801983 2 6 0.500000 7 0.500000
  6 2.830870 88.520424 -1.575184 0.456183 0.889754 -0.015357 0.811760 0.787642 2 6 0.500000 7 0.500000
hwn2024_triboniophorus
  6 2.163033 88.762497 -1.495609 0.064897 0.774261 -0.629530 0.849609 0.796326 2 6 0.500000 7 0.500000
  6 2.830870 88.520424 -1.575184 0.456183 0.889754 -0.015357 0.811760 0.787642 2 6 0.500000 7 0.500000
  6 2.798512 88.447533 -1.662813 0.307132 0.672582 -0.673278 0.812500 0.781250 2 6 0.500000 7 0.500000
hwn2024_triboniophorus
  6 2.798512 88.447533 -1.662813 0.307132 0.672582 -0.673278 0.812500 0.781250 2 6 0.500000 7 0.500000
  6 2.830870 88.520424 -1.575184 0.456183 0.889754 -0.015357 0.811760 0.787642 2 6 0.500000 7 0.500000
  6 3.449359 88.213669 -1.462302 0.456183 0.889754 -0.015357 0.774681 0.787651 2 6 0.500000 7 0.500000
hwn2024_triboniophorus
  6 2.798512 88.447533 -1.662813 0.307132 0.672582 -0.673278 0.812500 0.781250 2 6 0.500000 7 0.500000
  6 3.449359 88.213669 -1.462302 0.456183 0.889754 -0.015357 0.774681 0.787651 2 6 0.500000 7 0.500000
  6 3.443602 88.127838 -1.545658 0.541287 0.565888 -0.621915 0.773438 0.781250 2 6 0.500000 7 0.500000
hwn2024_triboniophorus
  6 3.990669 87.856445 -1.163451 0.742452 0.462716 -0.484416 0.737102 0.796706 2 6 0.500000 7 0.500000
  6 3.443602 88.127838 -1.545658 0.541287 0.565888 -0.621915 0.773438 0.781250 2 6 0.500000 7 0.500000
  6 3.449359 88.213669 -1.462302 0.456183 0.889754 -0.015357 0.774681 0.787651 2 6 0.500000 7 0.500000
hwn2024_triboniophorus
  6 3.990669 87.856445 -1.163451 0.742452 0.462716 -0.484416 0.737102 0.796706 2 6 0.500000 7 0.500000
  6 3.449359 88.213669 -1.462302 0.456183 0.889754 -0.015357 0.774681 0.787651 2 6 0.500000 7 0.500000
  6 3.974857 87.953102 -1.095097 0.456183 0.889754 -0.015357 0.740591 0.802308 2 6 0.500000 7 0.500000
hwn2024_triboniophorus
  6 4.359539 87.675819 -0.573536 0.882606 0.376854 -0.281047 0.709944 0.825427 2 6 0.500000 7 0.500000
  6 3.990669 87.856445 -1.163451 0.742452 0.462716 -0.484416 0.737102 0.796706 2 6 0.500000 7 0.500000
  6 3.974857 87.953102 -1.095097 0.456183 0.889754 -0.015357 0.740591 0.802308 2 6 0.500000 7 0.500000
hwn2024_triboniophorus
  6 4.359539 87.675819 -0.573536 0.882606 0.376854 -0.281047 0.709944 0.825427 2 6 0.500000 7 0.500000
  6 3.974857 87.953102 -1.095097 0.456183 0.889754 -0.015357 0.740591 0.802308 2 6 0.500000 7 0.500000
  6 4.329590 87.779663 -0.528845 0.456183 0.889754 -0.015357 0.715036 0.829443 2 6 0.500000 7 0.500000
hwn2024_triboniophorus
  6 4.510241 87.609314 0.137300 0.944391 0.326934 -0.035218 0.695026 0.862852 2 6 0.500000 7 0.500000
  6 4.359539 87.675819 -0.573536 0.882606 0.376854 -0.281047 0.709944 0.825427 2 6 0.500000 7 0.500000
  6 4.329590 87.779663 -0.528845 0.456183 0.889754 -0.015357 0.715036 0.829443 2 6 0.500000 7 0.500000
hwn2024_triboniophorus
  6 4.510241 87.609314 0.137300 0.944391 0.326934 -0.035218 0.695026 0.862852 2 6 0.500000 7 0.500000
  6 4.329590 87.779663 -0.528845 0.456183 0.889754 -0.015357 0.715036 0.829443 2 6 0.500000 7 0.500000
  6 4.474127 87.715881 0.152909 0.456183 0.889754 -0.015357 0.701037 0.864804 2 6 0.500000 7 0.500000
hwn2024_triboniophorus
  6 4.414927 87.670563 0.860217 0.917718 0.323969 0.229866 0.694663 0.903326 2 6 0.500000 7 0.500000
  6 4.510241 87.609314 0.137300 0.944391 0.326934 -0.035218 0.695026 0.862852 2 6 0.500000 7 0.500000
  6 4.474127 87.715881 0.152909 0.456183 0.889754 -0.015357 0.701037 0.864804 2 6 0.500000 7 0.500000
hwn2024_triboniophorus
  6 4.414927 87.670563 0.860217 0.917718 0.323969 0.229866 0.694663 0.903326 2 6 0.500000 7 0.500000
  6 4.474127 87.715881 0.152909 0.456183 0.889754 -0.015357 0.701037 0.864804 2 6 0.500000 7 0.500000
  6 4.381985 87.774628 0.845769 0.456183 0.889754 -0.015357 0.700777 0.902985 2 6 0.500000 7 0.500000
hwn2024_triboniophorus
  6 4.088862 87.848488 1.485048 0.795796 0.372909 0.477123 0.708960 0.940732 2 6 0.500000 7 0.500000
  6 4.414927 87.670563 0.860217 0.917718 0.323969 0.229866 0.694663 0.903326 2 6 0.500000 7 0.500000
  6 4.381985 87.774628 0.845769 0.456183 0.889754 -0.015357 0.700777 0.902985 2 6 0.500000 7 0.500000
hwn2024_triboniophorus
  6 4.088862 87.848488 1.485048 0.795796 0.372909 0.477123 0.708960 0.940732 2 6 0.500000 7 0.500000
  6 4.381985 87.774628 0.845769 0.456183 0.889754 -0.015357 0.700777 0.902985 2 6 0.500000 7 0.500000
  6 4.067974 87.945404 1.444198 0.456183 0.889754 -0.015357 0.714314 0.938149 2 6 0.500000 7 0.500000
hwn2024_triboniophorus
  6 1.713829 89.076965 -1.007726 0.456183 0.889754 -0.015357 0.873185 0.828692 2 6 0.500000 7 0.500000
  6 1.385649 89.246452 -0.413723 0.456183 0.889754 -0.015357 0.887699 0.863645 2 6 0.500000 7 0.500000
  6 4.474127 87.715881 0.152909 0.456183 0.889754 -0.015357 0.701037 0.864804 2 6 0.500000 7 0.500000
hwn2024_triboniophorus
  6 4.474127 87.715881 0.152909 0.456183 0.889754 -0.015357 0.701037 0.864804 2 6 0.500000 7 0.500000
  6 4.329590 87.779663 -0.528845 0.456183 0.889754 -0.015357 0.715036 0.829443 2 6 0.500000 7 0.500000
  6 1.713829 89.076965 -1.007726 0.456183 0.889754 -0.015357 0.873185 0.828692 2 6 0.500000 7 0.500000
hwn2024_triboniophorus
  6 2.221561 88.822945 -1.415304 0.456183 0.889754 -0.015357 0.846530 0.801983 2 6 0.500000 7 0.500000
  6 1.713829 89.076965 -1.007726 0.456183 0.889754 -0.015357 0.873185 0.828692 2 6 0.500000 7 0.500000
  6 4.329590 87.779663 -0.528845 0.456183 0.889754 -0.015357 0.715036 0.829443 2 6 0.500000 7 0.500000
hwn2024_triboniophorus
  6 2.830870 88.520424 -1.575184 0.456183 0.889754 -0.015357 0.811760 0.787642 2 6 0.500000 7 0.500000
  6 2.221561 88.822945 -1.415304 0.456183 0.889754 -0.015357 0.846530 0.801983 2 6 0.500000 7 0.500000
  6 4.329590 87.779663 -0.528845 0.456183 0.889754 -0.015357 0.715036 0.829443 2 6 0.500000 7 0.500000
hwn2024_triboniophorus
  6 3.449359 88.213669 -1.462302 0.456183 0.889754 -0.015357 0.774681 0.787651 2 6 0.500000 7 0.500000
  6 2.830870 88.520424 -1.575184 0.456183 0.889754 -0.015357 0.811760 0.787642 2 6 0.500000 7 0.500000
  6 4.329590 87.779663 -0.528845 0.456183 0.889754 -0.015357 0.715036 0.829443 2 6 0.500000 7 0.500000
hwn2024_triboniophorus
  6 3.974857 87.953102 -1.095097 0.456183 0.889754 -0.015357 0.740591 0.802308 2 6 0.500000 7 0.500000
  6 3.449359 88.213669 -1.462302 0.456183 0.889754 -0.015357 0.774681 0.787651 2 6 0.500000 7 0.500000
  6 4.329590 87.779663 -0.528845 0.456183 0.889754 -0.015357 0.715036 0.829443 2 6 0.500000 7 0.500000
hwn2024_triboniophorus
  6 1.096949 81.373184 1.624655 0.604957 0.023888 0.795900 0.367088 0.511914 1 6 1.000000
  6 1.087303 81.137466 1.570214 0.596400 -0.328923 0.732200 0.380637 0.518210 1 6 1.000000
  6 1.283378 81.218117 1.316740 0.890354 -0.093858 0.445490 0.369434 0.535418 1 6 1.000000
hwn2024_triboniophorus
  6 0.800930 81.178871 1.689410 0.037085 -0.241291 0.969744 0.383673 0.500279 1 6 1.000000
  6 1.087303 81.137466 1.570214 0.596400 -0.328923 0.732200 0.380637 0.518210 1 6 1.000000
  6 1.096949 81.373184 1.624655 0.604957 0.023888 0.795900 0.367088 0.511914 1 6 1.000000
hwn2024_triboniophorus
  6 0.800930 81.178871 1.689410 0.037085 -0.241291 0.969744 0.383673 0.500279 1 6 1.000000
  6 1.096949 81.373184 1.624655 0.604957 0.023888 0.795900 0.367088 0.511914 1 6 1.000000
  6 0.885773 81.426903 1.707862 0.203367 0.233193 0.950927 0.369016 0.500279 1 6 1.000000
hwn2024_triboniophorus
  6 0.885773 81.426903 1.707862 0.203367 0.233193 0.950927 0.369016 0.500279 1 6 1.000000
  6 0.528922 81.324707 1.643815 -0.496901 0.053738 0.866142 0.380555 0.482696 1 6 1.000000
  6 0.800930 81.178871 1.689410 0.037085 -0.241291 0.969744 0.383673 0.500279 1 6 1.000000
hwn2024_triboniophorus
  6 1.572388 84.985802 -0.380831 -0.328328 -0.929802 -0.166341 0.572254 0.878912 2 6 0.500000 7 0.500000
  6 1.583986 85.574135 -3.296249 -0.347529 -0.914454 -0.207360 0.661772 0.819205 2 6 0.500000 7 0.500000
  6 2.656120 85.156609 -3.142667 -0.347529 -0.914454 -0.207360 0.677687 0.857883 2 6 0.500000 7 0.500000
hwn2024_triboniophorus
  6 1.572388 84.985802 -0.380831 -0.328328 -0.929802 -0.166341 0.572254 0.878912 2 6 0.500000 7 0.500000
  6 0.502073 85.878227 -3.009927 -0.277067 -0.939857 -0.199758 0.632313 0.789565 2 6 0.500000 7 0.500000
  6 1.583986 85.574135 -3.296249 -0.347529 -0.914454 -0.207360 0.661772 0.819205 2 6 0.500000 7 0.500000
hwn2024_triboniophorus
  6 1.572388 84.985802 -0.380831 -0.328328 -0.929802 -0.166341 0.572254 0.878912 2 6 0.500000 7 0.500000
  6 -0.425571 86.019318 -2.327913 -0.277067 -0.939857 -0.199758 0.593750 0.773438 2 6 0.500000 7 0.500000
  6 0.502073 85.878227 -3.009927 -0.277067 -0.939857 -0.199758 0.632313 0.789565 2 6 0.500000 7 0.500000
hwn2024_triboniophorus
  6 1.572388 84.985802 -0.380831 -0.328328 -0.929802 -0.166341 0.572254 0.878912 2 6 0.500000 7 0.500000
  6 -1.047945 86.002716 -1.350112 -0.277067 -0.939857 -0.199758 0.550781 0.773438 2 6 0.500000 7 0.500000
  6 -0.425571 86.019318 -2.327913 -0.277067 -0.939857 -0.199758 0.593750 0.773438 2 6 0.500000 7 0.500000
hwn2024_triboniophorus
  6 1.572388 84.985802 -0.380831 -0.328328 -0.929802 -0.166341 0.572254 0.878912 2 6 0.500000 7 0.500000
  6 -1.256319 85.876846 -0.217628 -0.313142 -0.939980 -0.135575 0.512280 0.789670 2 6 0.500000 7 0.500000
  6 -1.047945 86.002716 -1.350112 -0.277067 -0.939857 -0.199758 0.550781 0.773438 2 6 0.500000 7 0.500000
hwn2024_triboniophorus
  6 1.572388 84.985802 -0.380831 -0.328328 -0.929802 -0.166341 0.572254 0.878912 2 6 0.500000 7 0.500000
  6 -1.023853 85.654274 0.897388 -0.313142 -0.939980 -0.135575 0.482757 0.819346 2 6 0.500000 7 0.500000
  6 -1.256319 85.876846 -0.217628 -0.313142 -0.939980 -0.135575 0.512280 0.789670 2 6 0.500000 7 0.500000
hwn2024_triboniophorus
  6 1.572388 84.985802 -0.380831 -0.328328 -0.929802 -0.166341 0.572254 0.878912 2 6 0.500000 7 0.500000
  6 -0.398077 85.325134 1.817714 -0.313142 -0.939980 -0.135575 0.466742 0.858018 2 6 0.500000 7 0.500000
  6 -1.023853 85.654274 0.897388 -0.313142 -0.939980 -0.135575 0.482757 0.819346 2 6 0.500000 7 0.500000
hwn2024_triboniophorus
  6 1.572388 84.985802 -0.380831 -0.328328 -0.929802 -0.166341 0.572254 0.878912 2 6 0.500000 7 0.500000
  6 0.522072 84.922607 2.399678 -0.328328 -0.929802 -0.166341 0.466722 0.899879 2 6 0.500000 7 0.500000
  6 -0.398077 85.325134 1.817714 -0.313142 -0.939980 -0.135575 0.466742 0.858018 2 6 0.500000 7 0.500000
hwn2024_triboniophorus
  6 1.572388 84.985802 -0.380831 -0.328328 -0.929802 -0.166341 0.572254 0.878912 2 6 0.500000 7 0.500000
  6 1.595976 84.510506 2.554837 -0.328328 -0.929802 -0.166341 0.482679 0.938572 2 6 0.500000 7 0.500000
  6 0.522072 84.922607 2.399678 -0.328328 -0.929802 -0.166341 0.466722 0.899879 2 6 0.500000 7 0.500000
hwn2024_triboniophorus
  6 1.572388 84.985802 -0.380831 -0.328328 -0.929802 -0.166341 0.572254 0.878912 2 6 0.500000 7 0.500000
  6 2.660265 84.155563 2.260143 -0.328328 -0.929802 -0.166341 0.512181 0.968221 2 6 0.500000 7 0.500000
  6 1.595976 84.510506 2.554837 -0.328328 -0.929802 -0.166341 0.482679 0.938572 2 6 0.500000 7 0.500000
hwn2024_triboniophorus
  6 1.572388 84.985802 -0.380831 -0.328328 -0.929802 -0.166341 0.572254 0.878912 2 6 0.500000 7 0.500000
  6 3.556232 83.918526 1.561590 -0.355630 -0.923439 -0.144177 0.550781 0.984375 2 6 0.500000 7 0.500000
  6 2.660265 84.155563 2.260143 -0.328328 -0.929802 -0.166341 0.512181 0.968221 2 6 0.500000 7 0.500000
hwn2024_triboniophorus
  6 1.572388 84.985802 -0.380831 -0.328328 -0.929802 -0.166341 0.572254 0.878912 2 6 0.500000 7 0.500000
  6 4.151922 83.845406 0.567338 -0.328328 -0.929802 -0.166341 0.593750 0.984375 2 6 0.500000 7 0.500000
  6 3.556232 83.918526 1.561590 -0.355630 -0.923439 -0.144177 0.550781 0.984375 2 6 0.500000 7 0.500000
hwn2024_triboniophorus
  6 1.572388 84.985802 -0.380831 -0.328328 -0.929802 -0.166341 0.572254 0.878912 2 6 0.500000 7 0.500000
  6 4.361336 83.966171 -0.567641 -0.347529 -0.914454 -0.207360 0.632313 0.968226 2 6 0.500000 7 0.500000
  6 4.151922 83.845406 0.567338 -0.328328 -0.929802 -0.166341 0.593750 0.984375 2 6 0.500000 7 0.500000
hwn2024_triboniophorus
  6 1.572388 84.985802 -0.380831 -0.328328 -0.929802 -0.166341 0.572254 0.878912 2 6 0.500000 7 0.500000
  6 4.155073 84.272346 -1.668400 -0.347529 -0.914454 -0.207360 0.661761 0.938519 2 6 0.500000 7 0.500000
  6 4.361336 83.966171 -0.567641 -0.347529 -0.914454 -0.207360 0.632313 0.968226 2 6 0.500000 7 0.500000
hwn2024_triboniophorus
  6 1.572388 84.985802 -0.380831 -0.328328 -0.929802 -0.166341 0.572254 0.878912 2 6 0.500000 7 0.500000
  6 3.558010 84.696892 -2.571446 -0.347529 -0.914454 -0.207360 0.677679 0.899764 2 6 0.500000 7 0.500000
  6 4.155073 84.272346 -1.668400 -0.347529 -0.914454 -0.207360 0.661761 0.938519 2 6 0.500000 7 0.500000
hwn2024_triboniophorus
  6 1.572388 84.985802 -0.380831 -0.328328 -0.929802 -0.166341 0.572254 0.878912 2 6 0.500000 7 0.500000
  6 2.656120 85.156609 -3.142667 -0.347529 -0.914454 -0.207360 0.677687 0.857883 2 6 0.500000 7 0.500000
  6 3.558010 84.696892 -2.571446 -0.347529 -0.914454 -0.207360 0.677679 0.899764 2 6 0.500000 7 0.500000
hwn2024_triboniophorus
  6 2.664591 82.844521 2.253842 -0.077659 0.797107 -0.598824 0.601562 0.421875 2 6 0.500000 7 0.500000
  6 2.695564 82.763733 2.073811 -0.519533 0.845803 -0.121254 0.578125 0.398438 2 6 0.500000 7 0.500000
  6 2.605095 82.771484 2.165082 -0.077659 0.797107 -0.598824 0.601562 0.398438 2 6 0.500000 7 0.500000
hwn2024_triboniophorus
  6 2.664591 82.844521 2.253842 -0.077659 0.797107 -0.598824 0.601562 0.421875 2 6 0.500000 7 0.500000
  6 2.796394 82.832573 2.121401 -0.519533 0.845803 -0.121254 0.578125 0.421875 2 6 0.500000 7 0.500000
  6 2.695564 82.763733 2.073811 -0.519533 0.845803 -0.121254 0.578125 0.398438 2 6 0.500000 7 0.500000
hwn2024_triboniophorus
  6 2.700130 82.798897 1.946459 -0.530523 0.690634 0.491498 0.554688 0.398438 2 6 0.500000 7 0.500000
  6 2.695564 82.763733 2.073811 -0.519533 0.845803 -0.121254 0.578125 0.398438 2 6 0.500000 7 0.500000
  6 2.796394 82.832573 2.121401 -0.519533 0.845803 -0.121254 0.578125 0.421875 2 6 0.500000 7 0.500000
hwn2024_triboniophorus
  6 2.700130 82.798897 1.946459 -0.530523 0.690634 0.491498 0.554688 0.398438 2 6 0.500000 7 0.500000
  6 2.796394 82.832573 2.121401 -0.519533 0.845803 -0.121254 0.578125 0.421875 2 6 0.500000 7 0.500000
  6 2.802887 82.883537 1.937835 -0.530523 0.690634 0.491498 0.554688 0.421875 2 6 0.500000 7 0.500000
hwn2024_triboniophorus
  6 2.802887 82.883537 1.937835 -0.530523 0.690634 0.491498 0.554688 0.421875 2 6 0.500000 7 0.500000
  6 2.620090 82.855293 1.856753 -0.135321 0.444683 0.885407 0.527344 0.398438 2 6 0.500000 7 0.500000
  6 2.700130 82.798897 1.946459 -0.530523 0.690634 0.491498 0.554688 0.398438 2 6 0.500000 7 0.500000
hwn2024_triboniophorus
  6 2.802887 82.883537 1.937835 -0.530523 0.690634 0.491498 0.554688 0.421875 2 6 0.500000 7 0.500000
  6 2.686588 82.965858 1.811661 -0.135321 0.444683 0.885407 0.527344 0.421875 2 6 0.500000 7 0.500000
  6 2.620090 82.855293 1.856753 -0.135321 0.444683 0.885407 0.527344 0.398438 2 6 0.500000 7 0.500000
hwn2024_triboniophorus
  6 2.498104 82.900024 1.863056 0.454824 0.230471 0.860243 0.503906 0.398438 2 6 0.500000 7 0.500000
  6 2.620090 82.855293 1.856753 -0.135321 0.444683 0.885407 0.527344 0.398438 2 6 0.500000 7 0.500000
  6 2.686588 82.965858 1.811661 -0.135321 0.444683 0.885407 0.527344 0.421875 2 6 0.500000 7 0.500000
hwn2024_triboniophorus
  6 2.498104 82.900024 1.863056 0.454824 0.230471 0.860243 0.503906 0.398438 2 6 0.500000 7 0.500000
  6 2.686588 82.965858 1.811661 -0.135321 0.444683 0.885407 0.527344 0.421875 2 6 0.500000 7 0.500000
  6 2.511492 83.029884 1.821146 0.454824 0.230471 0.860243 0.503906 0.421875 2 6 0.500000 7 0.500000
hwn2024_triboniophorus
  6 2.379496 83.043015 1.952875 0.894934 0.183428 0.406752 0.480469 0.421875 2 6 0.500000 7 0.500000
  6 2.498104 82.900024 1.863056 0.454824 0.230471 0.860243 0.503906 0.398438 2 6 0.500000 7 0.500000
  6 2.511492 83.029884 1.821146 0.454824 0.230471 0.860243 0.503906 0.421875 2 6 0.500000 7 0.500000
hwn2024_triboniophorus
  6 2.379496 83.043015 1.952875 0.894934 0.183428 0.406752 0.480469 0.421875 2 6 0.500000 7 0.500000
  6 2.405846 82.908577 1.954788 0.894934 0.183428 0.406752 0.480469 0.398438 2 6 0.500000 7 0.500000
  6 2.498104 82.900024 1.863056 0.454824 0.230471 0.860243 0.503906 0.398438 2 6 0.500000 7 0.500000
hwn2024_triboniophorus
  6 2.373465 82.992836 2.136657 0.926288 0.320243 -0.198583 0.453125 0.421875 2 6 0.500000 7 0.500000
  6 2.405846 82.908577 1.954788 0.894934 0.183428 0.406752 0.480469 0.398438 2 6 0.500000 7 0.500000
  6 2.379496 83.043015 1.952875 0.894934 0.183428 0.406752 0.480469 0.421875 2 6 0.500000 7 0.500000
hwn2024_triboniophorus
  6 2.373465 82.992836 2.136657 0.926288 0.320243 -0.198583 0.453125 0.421875 2 6 0.500000 7 0.500000
  6 2.403091 82.873619 2.083629 0.926288 0.320243 -0.198583 0.453125 0.398438 2 6 0.500000 7 0.500000
  6 2.405846 82.908577 1.954788 0.894934 0.183428 0.406752 0.480469 0.398438 2 6 0.500000 7 0.500000
hwn2024_triboniophorus
  6 2.489115 82.909752 2.263744 0.541287 0.565888 -0.621915 0.429688 0.421875 2 6 0.500000 7 0.500000
  6 2.403091 82.873619 2.083629 0.926288 0.320243 -0.198583 0.453125 0.398438 2 6 0.500000 7 0.500000
  6 2.373465 82.992836 2.136657 0.926288 0.320243 -0.198583 0.453125 0.421875 2 6 0.500000 7 0.500000
hwn2024_triboniophorus
  6 2.489115 82.909752 2.263744 0.541287 0.565888 -0.621915 0.429688 0.421875 2 6 0.500000 7 0.500000
  6 2.484285 82.816559 2.171517 0.541287 0.565888 -0.621915 0.429688 0.398438 2 6 0.500000 7 0.500000
  6 2.403091 82.873619 2.083629 0.926288 0.320243 -0.198583 0.453125 0.398438 2 6 0.500000 7 0.500000
hwn2024_triboniophorus
  6 2.664591 82.844521 2.253842 -0.077659 0.797107 -0.598824 0.406250 0.421875 2 6 0.500000 7 0.500000
  6 2.484285 82.816559 2.171517 0.541287 0.565888 -0.621915 0.429688 0.398438 2 6 0.500000 7 0.500000
  6 2.489115 82.909752 2.263744 0.541287 0.565888 -0.621915 0.429688 0.421875 2 6 0.500000 7 0.500000
hwn2024_triboniophorus
  6 2.664591 82.844521 2.253842 -0.077659 0.797107 -0.598824 0.406250 0.421875 2 6 0.500000 7 0.500000
  6 2.605095 82.771484 2.165082 -0.077659 0.797107 -0.598824 0.406250 0.398438 2 6 0.500000 7 0.500000
  6 2.484285 82.816559 2.171517 0.541287 0.565888 -0.621915 0.429688 0.398438 2 6 0.500000 7 0.500000
hwn2024_triboniophorus
  6 2.486641 83.058502 1.751755 0.338057 0.899255 0.277593 0.714844 0.437500 2 6 0.500000 7 0.500000
  6 2.511492 83.029884 1.821146 0.338057 0.899255 0.277593 0.714844 0.449219 2 6 0.500000 7 0.500000
  6 2.686588 82.965858 1.811661 0.364364 0.901878 0.232065 0.675781 0.449219 2 6 0.500000 7 0.500000
hwn2024_triboniophorus
  6 2.486641 83.058502 1.751755 0.338057 0.899255 0.277593 0.714844 0.437500 2 6 0.500000 7 0.500000
  6 2.686588 82.965858 1.811661 0.364364 0.901878 0.232065 0.675781 0.449219 2 6 0.500000 7 0.500000
  6 2.718262 82.972328 1.739118 0.364364 0.901878 0.232065 0.675781 0.437500 2 6 0.500000 7 0.500000
hwn2024_triboniophorus
  6 2.686588 82.965858 1.811661 0.364364 0.901878 0.232065 0.675781 0.449219 2 6 0.500000 7 0.500000
  6 2.870323 82.864601 1.906164 0.398389 0.878016 0.265280 0.632812 0.437500 2 6 0.500000 7 0.500000
  6 2.718262 82.972328 1.739118 0.364364 0.901878 0.232065 0.675781 0.437500 2 6 0.500000 7 0.500000
hwn2024_triboniophorus
  6 2.686588 82.965858 1.811661 0.364364 0.901878 0.232065 0.675781 0.449219 2 6 0.500000 7 0.500000
  6 2.802887 82.883537 1.937835 0.398389 0.878016 0.265280 0.632812 0.449219 2 6 0.500000 7 0.500000
  6 2.870323 82.864601 1.906164 0.398389 0.878016 0.265280 0.632812 0.437500 2 6 0.500000 7 0.500000
hwn2024_triboniophorus
  6 2.870323 82.864601 1.906164 0.398389 0.878016 0.265280 0.632812 0.437500 2 6 0.500000 7 0.500000
  6 2.802887 82.883537 1.937835 0.398389 0.878016 0.265280 0.632812 0.449219 2 6 0.500000 7 0.500000
  6 2.796394 82.832573 2.121401 0.338057 0.899255 0.277593 0.593750 0.449219 2 6 0.500000 7 0.500000
hwn2024_triboniophorus
  6 2.870323 82.864601 1.906164 0.398389 0.878016 0.265280 0.632812 0.437500 2 6 0.500000 7 0.500000
  6 2.796394 82.832573 2.121401 0.338057 0.899255 0.277593 0.593750 0.449219 2 6 0.500000 7 0.500000
  6 2.862736 82.796745 2.146491 0.338057 0.899255 0.277593 0.593750 0.437500 2 6 0.500000 7 0.500000
hwn2024_triboniophorus
  6 2.796394 82.832573 2.121401 0.338057 0.899255 0.277593 0.593750 0.449219 2 6 0.500000 7 0.500000
  6 2.688105 82.813583 2.321593 0.338057 0.899255 0.277593 0.558594 0.437500 2 6 0.500000 7 0.500000
  6 2.862736 82.796745 2.146491 0.338057 0.899255 0.277593 0.593750 0.437500 2 6 0.500000 7 0.500000
hwn2024_triboniophorus
  6 2.796394 82.832573 2.121401 0.338057 0.899255 0.277593 0.593750 0.449219 2 6 0.500000 7 0.500000
  6 2.664591 82.844521 2.253842 0.338057 0.899255 0.277593 0.558594 0.449219 2 6 0.500000 7 0.500000
  6 2.688105 82.813583 2.321593 0.338057 0.899255 0.277593 0.558594 0.437500 2 6 0.500000 7 0.500000
hwn2024_triboniophorus
  6 2.688105 82.813583 2.321593 0.338057 0.899255 0.277593 0.558594 0.437500 2 6 0.500000 7 0.500000
  6 2.664591 82.844521 2.253842 0.338057 0.899255 0.277593 0.558594 0.449219 2 6 0.500000 7 0.500000
  6 2.489115 82.909752 2.263744 0.338887 0.884262 0.321304 0.523438 0.449219 2 6 0.500000 7 0.500000
hwn2024_triboniophorus
  6 2.688105 82.813583 2.321593 0.338057 0.899255 0.277593 0.558594 0.437500 2 6 0.500000 7 0.500000
  6 2.489115 82.909752 2.263744 0.338887 0.884262 0.321304 0.523438 0.449219 2 6 0.500000 7 0.500000
  6 2.456387 82.899040 2.334481 0.338887 0.884262 0.321304 0.523438 0.437500 2 6 0.500000 7 0.500000
hwn2024_triboniophorus
  6 2.303946 83.006493 2.167244 0.338057 0.899255 0.277593 0.484375 0.437500 2 6 0.500000 7 0.500000
  6 2.456387 82.899040 2.334481 0.338887 0.884262 0.321304 0.523438 0.437500 2 6 0.500000 7 0.500000
  6 2.489115 82.909752 2.263744 0.338887 0.884262 0.321304 0.523438 0.449219 2 6 0.500000 7 0.500000
hwn2024_triboniophorus
  6 2.303946 83.006493 2.167244 0.338057 0.899255 0.277593 0.484375 0.437500 2 6 0.500000 7 0.500000
  6 2.489115 82.909752 2.263744 0.338887 0.884262 0.321304 0.523438 0.449219 2 6 0.500000 7 0.500000
  6 2.373465 82.992836 2.136657 0.338057 0.899255 0.277593 0.484375 0.449219 2 6 0.500000 7 0.500000
hwn2024_triboniophorus
  6 2.303946 83.006493 2.167244 0.338057 0.899255 0.277593 0.484375 0.437500 2 6 0.500000 7 0.500000
  6 2.373465 82.992836 2.136657 0.338057 0.899255 0.277593 0.484375 0.449219 2 6 0.500000 7 0.500000
  6 2.379496 83.043015 1.952875 0.338057 0.899255 0.277593 0.441406 0.449219 2 6 0.500000 7 0.500000
hwn2024_triboniophorus
  6 2.303946 83.006493 2.167244 0.338057 0.899255 0.277593 0.484375 0.437500 2 6 0.500000 7 0.500000
  6 2.379496 83.043015 1.952875 0.338057 0.899255 0.277593 0.441406 0.449219 2 6 0.500000 7 0.500000
  6 2.311522 83.074104 1.926050 0.338057 0.899255 0.277593 0.441406 0.437500 2 6 0.500000 7 0.500000
hwn2024_triboniophorus
  6 2.379496 83.043015 1.952875 0.338057 0.899255 0.277593 0.441406 0.449219 2 6 0.500000 7 0.500000
  6 2.486641 83.058502 1.751755 0.338057 0.899255 0.277593 0.402344 0.437500 2 6 0.500000 7 0.500000
  6 2.311522 83.074104 1.926050 0.338057 0.899255 0.277593 0.441406 0.437500 2 6 0.500000 7 0.500000
hwn2024_triboniophorus
  6 2.379496 83.043015 1.952875 0.338057 0.899255 0.277593 0.441406 0.449219 2 6 0.500000 7 0.500000
  6 2.511492 83.029884 1.821146 0.338057 0.899255 0.277593 0.402344 0.449219 2 6 0.500000 7 0.500000
  6 2.486641 83.058502 1.751755 0.338057 0.899255 0.277593 0.402344 0.437500 2 6 0.500000 7 0.500000
hwn2024_triboniophorus
  6 2.403091 82.873619 2.083629 0.259256 0.917097 0.302851 0.683412 0.401965 2 6 0.500000 7 0.500000
  6 2.484285 82.816559 2.171517 0.308297 0.879380 0.362829 0.669907 0.419557 2 6 0.500000 7 0.500000
  6 2.559189 82.852219 2.021443 0.338057 0.899255 0.277593 0.656250 0.394531 2 6 0.500000 7 0.500000
hwn2024_triboniophorus
  6 2.605095 82.771484 2.165082 0.377786 0.853472 0.358974 0.648438 0.421875 2 6 0.500000 7 0.500000
  6 2.559189 82.852219 2.021443 0.338057 0.899255 0.277593 0.656250 0.394531 2 6 0.500000 7 0.500000
  6 2.484285 82.816559 2.171517 0.308297 0.879380 0.362829 0.669907 0.419557 2 6 0.500000 7 0.500000
hwn2024_triboniophorus
  6 2.605095 82.771484 2.165082 0.377786 0.853472 0.358974 0.648438 0.421875 2 6 0.500000 7 0.500000
  6 2.695564 82.763733 2.073811 0.411232 0.858859 0.305368 0.631541 0.408524 2 6 0.500000 7 0.500000
  6 2.559189 82.852219 2.021443 0.338057 0.899255 0.277593 0.656250 0.394531 2 6 0.500000 7 0.500000
hwn2024_triboniophorus
  6 2.559189 82.852219 2.021443 0.338057 0.899255 0.277593 0.656250 0.394531 2 6 0.500000 7 0.500000
  6 2.695564 82.763733 2.073811 0.411232 0.858859 0.305368 0.631541 0.408524 2 6 0.500000 7 0.500000
  6 2.700130 82.798897 1.946459 0.443977 0.865285 0.232737 0.629442 0.386510 2 6 0.500000 7 0.500000
hwn2024_triboniophorus
  6 2.559189 82.852219 2.021443 0.338057 0.899255 0.277593 0.656250 0.394531 2 6 0.500000 7 0.500000
  6 2.700130 82.798897 1.946459 0.443977 0.865285 0.232737 0.629442 0.386510 2 6 0.500000 7 0.500000
  6 2.620090 82.855293 1.856753 0.385373 0.908881 0.159444 0.642684 0.368672 2 6 0.500000 7 0.500000
hwn2024_triboniophorus
  6 2.620090 82.855293 1.856753 0.385373 0.908881 0.159444 0.642684 0.368672 2 6 0.500000 7 0.500000
  6 2.498104 82.900024 1.863056 0.298508 0.941456 0.156695 0.664322 0.366338 2 6 0.500000 7 0.500000
  6 2.559189 82.852219 2.021443 0.338057 0.899255 0.277593 0.656250 0.394531 2 6 0.500000 7 0.500000
hwn2024_triboniophorus
  6 2.405846 82.908577 1.954788 0.228229 0.948059 0.221576 0.681566 0.379700 2 6 0.500000 7 0.500000
  6 2.559189 82.852219 2.021443 0.338057 0.899255 0.277593 0.656250 0.394531 2 6 0.500000 7 0.500000
  6 2.498104 82.900024 1.863056 0.298508 0.941456 0.156695 0.664322 0.366338 2 6 0.500000 7 0.500000
hwn2024_triboniophorus
  6 2.405846 82.908577 1.954788 0.228229 0.948059 0.221576 0.681566 0.379700 2 6 0.500000 7 0.500000
  6 2.403091 82.873619 2.083629 0.259256 0.917097 0.302851 0.683412 0.401965 2 6 0.500000 7 0.500000
  6 2.559189 82.852219 2.021443 0.338057 0.899255 0.277593 0.656250 0.394531 2 6 0.500000 7 0.500000
hwn2024_triboniophorus
  6 1.852287 83.018105 0.820457 0.130127 0.931297 0.340225 0.714844 0.054688 2 6 0.500000 7 0.500000
  6 2.070156 83.076248 0.473442 0.522571 0.809863 0.266536 0.621094 0.015625 2 6 0.500000 7 0.500000
  6 1.772198 83.126152 0.594550 0.338666 0.883012 0.324956 0.714844 0.015625 2 6 0.500000 7 0.500000
hwn2024_triboniophorus
  6 1.852287 83.018105 0.820457 0.130127 0.931297 0.340225 0.714844 0.054688 2 6 0.500000 7 0.500000
  6 2.141380 82.959030 0.692389 0.654766 0.744994 0.127538 0.621094 0.054688 2 6 0.500000 7 0.500000
  6 2.070156 83.076248 0.473442 0.522571 0.809863 0.266536 0.621094 0.015625 2 6 0.500000 7 0.500000
hwn2024_triboniophorus
  6 1.852287 83.018105 0.820457 0.130127 0.931297 0.340225 0.714844 0.054688 2 6 0.500000 7 0.500000
  6 2.308372 82.791771 1.510804 0.217225 0.974282 -0.059893 0.667969 0.246094 2 6 0.500000 7 0.500000
  6 2.141380 82.959030 0.692389 0.654766 0.744994 0.127538 0.621094 0.054688 2 6 0.500000 7 0.500000
hwn2024_triboniophorus
  6 2.141380 82.959030 0.692389 0.654766 0.744994 0.127538 0.621094 0.054688 2 6 0.500000 7 0.500000
  6 2.308372 82.791771 1.510804 0.217225 0.974282 -0.059893 0.667969 0.246094 2 6 0.500000 7 0.500000
  6 2.504910 82.701889 1.419818 0.379289 0.915437 -0.134594 0.621094 0.246094 2 6 0.500000 7 0.500000
hwn2024_triboniophorus
  6 2.347193 82.813026 1.594248 -0.058534 0.856391 -0.513000 0.667969 0.269531 2 6 0.500000 7 0.500000
  6 2.504910 82.701889 1.419818 0.379289 0.915437 -0.134594 0.621094 0.246094 2 6 0.500000 7 0.500000
  6 2.308372 82.791771 1.510804 0.217225 0.974282 -0.059893 0.667969 0.246094 2 6 0.500000 7 0.500000
hwn2024_triboniophorus
  6 2.347193 82.813026 1.594248 -0.058534 0.856391 -0.513000 0.667969 0.269531 2 6 0.500000 7 0.500000
  6 2.562737 82.707161 1.529233 0.242027 0.788490 -0.565426 0.621094 0.269531 2 6 0.500000 7 0.500000
  6 2.504910 82.701889 1.419818 0.379289 0.915437 -0.134594 0.621094 0.246094 2 6 0.500000 7 0.500000
hwn2024_triboniophorus
  6 2.562737 82.707161 1.529233 0.242027 0.788490 -0.565426 0.621094 0.269531 2 6 0.500000 7 0.500000
  6 2.347193 82.813026 1.594248 -0.058534 0.856391 -0.513000 0.667969 0.269531 2 6 0.500000 7 0.500000
  6 2.404987 82.907211 1.657281 -0.196643 0.618980 -0.760392 0.667969 0.304688 2 6 0.500000 7 0.500000
hwn2024_triboniophorus
  6 2.562737 82.707161 1.529233 0.242027 0.788490 -0.565426 0.621094 0.269531 2 6 0.500000 7 0.500000
  6 2.404987 82.907211 1.657281 -0.196643 0.618980 -0.760392 0.667969 0.304688 2 6 0.500000 7 0.500000
  6 2.633211 82.805458 1.632388 0.180380 0.516758 -0.836914 0.621094 0.304688 2 6 0.500000 7 0.500000
hwn2024_triboniophorus
  6 2.486641 83.058502 1.751755 -0.196643 0.618980 -0.760392 0.667969 0.351562 2 6 0.500000 7 0.500000
  6 2.633211 82.805458 1.632388 0.180380 0.516758 -0.836914 0.621094 0.304688 2 6 0.500000 7 0.500000
  6 2.404987 82.907211 1.657281 -0.196643 0.618980 -0.760392 0.667969 0.304688 2 6 0.500000 7 0.500000
hwn2024_triboniophorus
  6 2.486641 83.058502 1.751755 -0.196643 0.618980 -0.760392 0.667969 0.351562 2 6 0.500000 7 0.500000
  6 2.718262 82.972328 1.739118 0.155170 0.392718 -0.906474 0.621094 0.351562 2 6 0.500000 7 0.500000
  6 2.633211 82.805458 1.632388 0.180380 0.516758 -0.836914 0.621094 0.304688 2 6 0.500000 7 0.500000
hwn2024_triboniophorus
  6 1.852287 83.018105 0.820457 0.130127 0.931297 0.340225 0.714844 0.054688 2 6 0.500000 7 0.500000
  6 2.103468 82.800682 1.620650 0.023066 0.999584 -0.017305 0.714844 0.246094 2 6 0.500000 7 0.500000
  6 2.308372 82.791771 1.510804 0.217225 0.974282 -0.059893 0.667969 0.246094 2 6 0.500000 7 0.500000
hwn2024_triboniophorus
  6 2.347193 82.813026 1.594248 -0.058534 0.856391 -0.513000 0.667969 0.269531 2 6 0.500000 7 0.500000
  6 2.308372 82.791771 1.510804 0.217225 0.974282 -0.059893 0.667969 0.246094 2 6 0.500000 7 0.500000
  6 2.103468 82.800682 1.620650 0.023066 0.999584 -0.017305 0.714844 0.246094 2 6 0.500000 7 0.500000
hwn2024_triboniophorus
  6 2.347193 82.813026 1.594248 -0.058534 0.856391 -0.513000 0.667969 0.269531 2 6 0.500000 7 0.500000
  6 2.103468 82.800682 1.620650 0.023066 0.999584 -0.017305 0.714844 0.246094 2 6 0.500000 7 0.500000
  6 2.152063 82.821587 1.734772 -0.264615 0.887803 -0.376542 0.714844 0.269531 2 6 0.500000 7 0.500000
hwn2024_triboniophorus
  6 2.152063 82.821587 1.734772 -0.264615 0.887803 -0.376542 0.714844 0.269531 2 6 0.500000 7 0.500000
  6 2.404987 82.907211 1.657281 -0.196643 0.618980 -0.760392 0.667969 0.304688 2 6 0.500000 7 0.500000
  6 2.347193 82.813026 1.594248 -0.058534 0.856391 -0.513000 0.667969 0.269531 2 6 0.500000 7 0.500000
hwn2024_triboniophorus
  6 2.152063 82.821587 1.734772 -0.264615 0.887803 -0.376542 0.714844 0.269531 2 6 0.500000 7 0.500000
  6 2.216810 82.909706 1.823772 -0.503999 0.685314 -0.525671 0.714844 0.304688 2 6 0.500000 7 0.500000
  6 2.404987 82.907211 1.657281 -0.196643 0.618980 -0.760392 0.667969 0.304688 2 6 0.500000 7 0.500000
hwn2024_triboniophorus
  6 2.486641 83.058502 1.751755 -0.196643 0.618980 -0.760392 0.667969 0.351562 2 6 0.500000 7 0.500000
  6 2.404987 82.907211 1.657281 -0.196643 0.618980 -0.760392 0.667969 0.304688 2 6 0.500000 7 0.500000
  6 2.216810 82.909706 1.823772 -0.503999 0.685314 -0.525671 0.714844 0.304688 2 6 0.500000 7 0.500000
hwn2024_triboniophorus
  6 2.486641 83.058502 1.751755 -0.196643 0.618980 -0.760392 0.667969 0.351562 2 6 0.500000 7 0.500000
  6 2.216810 82.909706 1.823772 -0.503999 0.685314 -0.525671 0.714844 0.304688 2 6 0.500000 7 0.500000
  6 2.311522 83.074104 1.926050 -0.584657 0.582351 -0.564840 0.714844 0.351562 2 6 0.500000 7 0.500000
end
