// Created by Crowbar 0.74
version 1
nodes
  0 "bip_pelvis" -1
  1 "bip_spine_0" 0
  2 "bip_spine_1" 1
  3 "bip_spine_2" 2
  4 "bip_spine_3" 3
  5 "bip_neck" 4
  6 "bip_head" 5
  7 "slug_jiggle" 6
end
skeleton
  time 0
    0 0.000000 46.698845 -0.827201 -3.130702 0.000000 0.000000
    1 0.000000 -5.005421 0.000000 -0.241270 0.000000 0.000000
    2 0.000000 -5.178513 0.000001 -0.081909 0.000000 0.000000
    3 0.000000 -7.272385 -0.000012 0.297061 0.000000 0.000000
    4 0.000000 -4.878658 0.000007 0.226212 0.000000 0.000000
    5 0.000000 -4.423134 0.000004 -0.049979 0.000000 0.000000
    6 0.000000 -2.858559 0.000002 -0.161005 0.000000 0.000000
    7 1.247154 -7.937370 -2.415128 3.141234 -1.569051 1.871009
end
triangles
hwn2024_triboniophorus
  6 -1.538530 81.900375 0.061039 0.241353 -0.932896 -0.267310 0.432129 0.547835 1 6 1.000000
  6 -1.569759 81.974548 -0.221925 0.241353 -0.932896 -0.267310 0.443088 0.535326 1 6 1.000000
  6 -1.411487 82.079117 -0.465218 0.241353 -0.932896 -0.267310 0.460006 0.531934 1 6 1.000000
hwn2024_triboniophorus
  6 -1.098577 81.918686 0.404154 0.241353 -0.932896 -0.267310 0.435741 0.579072 1 6 1.000000
  6 -1.379543 81.885277 0.305223 0.214178 -0.950257 -0.226139 0.428569 0.563940 1 6 1.000000
  6 -1.538530 81.900375 0.061039 0.241353 -0.932896 -0.267310 0.432129 0.547835 1 6 1.000000
hwn2024_triboniophorus
  6 -1.411487 82.079117 -0.465218 0.241353 -0.932896 -0.267310 0.460006 0.531934 1 6 1.000000
  6 -1.098577 81.918686 0.404154 0.241353 -0.932896 -0.267310 0.435741 0.579072 1 6 1.000000
  6 -1.538530 81.900375 0.061039 0.241353 -0.932896 -0.267310 0.432129 0.547835 1 6 1.000000
hwn2024_triboniophorus
  6 -1.411487 82.079117 -0.465218 0.241353 -0.932896 -0.267310 0.460006 0.531934 1 6 1.000000
  6 -0.741218 82.003342 0.401743 0.241353 -0.932896 -0.267310 0.450676 0.593153 1 6 1.000000
  6 -1.098577 81.918686 0.404154 0.241353 -0.932896 -0.267310 0.435741 0.579072 1 6 1.000000
hwn2024_triboniophorus
  6 -1.411487 82.079117 -0.465218 0.241353 -0.932896 -0.267310 0.460006 0.531934 1 6 1.000000
  6 -1.127091 82.234375 -0.681737 0.241353 -0.932896 -0.267310 0.481095 0.535383 1 6 1.000000
  6 -0.741218 82.003342 0.401743 0.241353 -0.932896 -0.267310 0.450676 0.593153 1 6 1.000000
hwn2024_triboniophorus
  6 -1.127091 82.234375 -0.681737 0.241353 -0.932896 -0.267310 0.481095 0.535383 1 6 1.000000
  6 -0.363148 82.089920 0.345724 0.154627 -0.947552 -0.279706 0.469170 0.605725 1 6 1.000000
  6 -0.741218 82.003342 0.401743 0.241353 -0.932896 -0.267310 0.450676 0.593153 1 6 1.000000
hwn2024_triboniophorus
  6 -1.127091 82.234375 -0.681737 0.241353 -0.932896 -0.267310 0.481095 0.535383 1 6 1.000000
  6 -0.795685 82.388992 -0.858384 0.154627 -0.947552 -0.279706 0.502506 0.542967 1 6 1.000000
  6 -0.363148 82.089920 0.345724 0.154627 -0.947552 -0.279706 0.469170 0.605725 1 6 1.000000
hwn2024_triboniophorus
  6 -0.795685 82.388992 -0.858384 0.154627 -0.947552 -0.279706 0.502506 0.542967 1 6 1.000000
  6 0.011045 82.146172 0.302958 -0.137010 -0.975190 -0.173875 0.486010 0.617826 1 6 1.000000
  6 -0.363148 82.089920 0.345724 0.154627 -0.947552 -0.279706 0.469170 0.605725 1 6 1.000000
hwn2024_triboniophorus
  6 -0.795685 82.388992 -0.858384 0.154627 -0.947552 -0.279706 0.502506 0.542967 1 6 1.000000
  6 -0.466185 82.482407 -1.076625 -0.139323 -0.964708 -0.223443 0.522267 0.549888 1 6 1.000000
  6 0.011045 82.146172 0.302958 -0.137010 -0.975190 -0.173875 0.486010 0.617826 1 6 1.000000
hwn2024_triboniophorus
  6 0.011045 82.146172 0.302958 -0.137010 -0.975190 -0.173875 0.486010 0.617826 1 6 1.000000
  6 -0.466185 82.482407 -1.076625 -0.139323 -0.964708 -0.223443 0.522267 0.549888 1 6 1.000000
  6 0.828741 82.062225 -0.766378 -0.245339 -0.945532 -0.213960 0.559389 0.612006 1 6 1.000000
hwn2024_triboniophorus
  6 -0.355711 82.568230 -1.390409 -0.211821 -0.942865 -0.257172 0.534194 0.545383 1 6 1.000000
  6 0.828741 82.062225 -0.766378 -0.245339 -0.945532 -0.213960 0.559389 0.612006 1 6 1.000000
  6 -0.466185 82.482407 -1.076625 -0.139323 -0.964708 -0.223443 0.522267 0.549888 1 6 1.000000
hwn2024_triboniophorus
  6 -0.355711 82.568230 -1.390409 -0.211821 -0.942865 -0.257172 0.534194 0.545383 1 6 1.000000
  6 0.789516 82.526527 -2.145323 -0.261744 -0.925778 -0.272810 0.607028 0.555480 1 6 1.000000
  6 0.828741 82.062225 -0.766378 -0.245339 -0.945532 -0.213960 0.559389 0.612006 1 6 1.000000
hwn2024_triboniophorus
  6 -0.452467 82.648979 -1.778363 -0.098076 -0.990768 -0.093593 0.540303 0.528252 1 6 1.000000
  6 0.789516 82.526527 -2.145323 -0.261744 -0.925778 -0.272810 0.607028 0.555480 1 6 1.000000
  6 -0.355711 82.568230 -1.390409 -0.211821 -0.942865 -0.257172 0.534194 0.545383 1 6 1.000000
hwn2024_triboniophorus
  6 -0.452467 82.648979 -1.778363 -0.098076 -0.990768 -0.093593 0.540303 0.528252 1 6 1.000000
  6 0.593571 82.616463 -2.403006 -0.098076 -0.990768 -0.093593 0.607015 0.536554 1 6 1.000000
  6 0.789516 82.526527 -2.145323 -0.261744 -0.925778 -0.272810 0.607028 0.555480 1 6 1.000000
hwn2024_triboniophorus
  6 0.356476 82.612991 -2.715583 0.034949 -0.989337 0.141386 0.606680 0.513746 1 6 1.000000
  6 0.593571 82.616463 -2.403006 -0.098076 -0.990768 -0.093593 0.607015 0.536554 1 6 1.000000
  6 -0.452467 82.648979 -1.778363 -0.098076 -0.990768 -0.093593 0.540303 0.528252 1 6 1.000000
hwn2024_triboniophorus
  6 0.356476 82.612991 -2.715583 0.034949 -0.989337 0.141386 0.606680 0.513746 1 6 1.000000
  6 -0.452467 82.648979 -1.778363 -0.098076 -0.990768 -0.093593 0.540303 0.528252 1 6 1.000000
  6 -0.583588 82.652985 -2.147877 0.009721 -0.996154 0.087078 0.545196 0.507890 1 6 1.000000
hwn2024_triboniophorus
  6 -0.709084 82.571136 -2.486956 0.087811 -0.964395 0.249464 0.551435 0.486697 1 6 1.000000
  6 0.356476 82.612991 -2.715583 0.034949 -0.989337 0.141386 0.606680 0.513746 1 6 1.000000
  6 -0.583588 82.652985 -2.147877 0.009721 -0.996154 0.087078 0.545196 0.507890 1 6 1.000000
hwn2024_triboniophorus
  6 -0.709084 82.571136 -2.486956 0.087811 -0.964395 0.249464 0.551435 0.486697 1 6 1.000000
  6 0.115208 82.502945 -2.982565 0.098701 -0.948990 0.299460 0.605638 0.492282 1 6 1.000000
  6 0.356476 82.612991 -2.715583 0.034949 -0.989337 0.141386 0.606680 0.513746 1 6 1.000000
hwn2024_triboniophorus
  6 -0.505636 82.406937 -3.061824 0.098701 -0.948990 0.299460 0.581134 0.466375 1 6 1.000000
  6 0.115208 82.502945 -2.982565 0.098701 -0.948990 0.299460 0.605638 0.492282 1 6 1.000000
  6 -0.709084 82.571136 -2.486956 0.087811 -0.964395 0.249464 0.551435 0.486697 1 6 1.000000
hwn2024_triboniophorus
  6 -0.505636 82.406937 -3.061824 0.098701 -0.948990 0.299460 0.581134 0.466375 1 6 1.000000
  6 -0.171432 82.426826 -3.133733 0.098701 -0.948990 0.299460 0.598405 0.474943 1 6 1.000000
  6 0.115208 82.502945 -2.982565 0.098701 -0.948990 0.299460 0.605638 0.492282 1 6 1.000000
hwn2024_triboniophorus
  6 -0.709084 82.571136 -2.486956 0.087811 -0.964395 0.249464 0.551435 0.486697 1 6 1.000000
  6 -0.719616 82.474556 -2.806320 0.098701 -0.948990 0.299460 0.562433 0.471063 1 6 1.000000
  6 -0.505636 82.406937 -3.061824 0.098701 -0.948990 0.299460 0.581134 0.466375 1 6 1.000000
hwn2024_triboniophorus
  6 0.011045 82.146172 0.302958 -0.137010 -0.975190 -0.173875 0.486010 0.617826 1 6 1.000000
  6 0.828741 82.062225 -0.766378 -0.245339 -0.945532 -0.213960 0.559389 0.612006 1 6 1.000000
  6 0.204844 82.089798 0.422907 -0.245339 -0.945532 -0.213960 0.488302 0.628793 1 6 1.000000
hwn2024_triboniophorus
  6 0.828741 82.062225 -0.766378 -0.245339 -0.945532 -0.213960 0.559389 0.612006 1 6 1.000000
  6 0.789516 82.526527 -2.145323 -0.261744 -0.925778 -0.272810 0.607028 0.555480 1 6 1.000000
  6 1.025217 82.431313 -2.161880 -0.347529 -0.914454 -0.207360 0.616675 0.565283 1 6 1.000000
hwn2024_triboniophorus
  6 0.800930 81.178871 1.689410 -0.328698 -0.802525 -0.497907 0.454305 0.715343 1 6 1.000000
  6 0.528922 81.324707 1.643815 -0.292851 -0.800878 -0.522334 0.446502 0.699548 1 6 1.000000
  6 0.371262 81.513313 1.433257 -0.328698 -0.802525 -0.497907 0.450052 0.681531 1 6 1.000000
hwn2024_triboniophorus
  6 0.371262 81.513313 1.433257 -0.328698 -0.802525 -0.497907 0.450052 0.681531 1 6 1.000000
  6 1.283378 81.218102 1.316745 -0.292851 -0.800878 -0.522334 0.487933 0.720944 1 6 1.000000
  6 0.800930 81.178871 1.689410 -0.328698 -0.802525 -0.497907 0.454305 0.715343 1 6 1.000000
hwn2024_triboniophorus
  6 1.283378 81.218102 1.316745 -0.292851 -0.800878 -0.522334 0.487933 0.720944 1 6 1.000000
  6 0.371262 81.513313 1.433257 -0.328698 -0.802525 -0.497907 0.450052 0.681531 1 6 1.000000
  6 0.303750 81.725891 1.122616 -0.275287 -0.834809 -0.476772 0.461464 0.662775 1 6 1.000000
hwn2024_triboniophorus
  6 1.283378 81.218102 1.316745 -0.292851 -0.800878 -0.522334 0.487933 0.720944 1 6 1.000000
  6 0.303750 81.725891 1.122616 -0.275287 -0.834809 -0.476772 0.461464 0.662775 1 6 1.000000
  6 1.413599 81.402290 0.994995 -0.289053 -0.763779 -0.577139 0.507129 0.710294 1 6 1.000000
hwn2024_triboniophorus
  6 0.303750 81.725891 1.122616 -0.275287 -0.834809 -0.476772 0.461464 0.662775 1 6 1.000000
  6 1.505945 81.635040 0.651440 -0.251535 -0.810555 -0.528896 0.525428 0.696335 1 6 1.000000
  6 1.413599 81.402290 0.994995 -0.289053 -0.763779 -0.577139 0.507129 0.710294 1 6 1.000000
hwn2024_triboniophorus
  6 0.303750 81.725891 1.122616 -0.275287 -0.834809 -0.476772 0.461464 0.662775 1 6 1.000000
  6 0.266988 81.909393 0.756277 -0.219245 -0.876004 -0.429591 0.476148 0.645037 1 6 1.000000
  6 1.505945 81.635040 0.651440 -0.251535 -0.810555 -0.528896 0.525428 0.696335 1 6 1.000000
hwn2024_triboniophorus
  6 0.266988 81.909393 0.756277 -0.219245 -0.876004 -0.429591 0.476148 0.645037 1 6 1.000000
  6 1.548033 81.816490 0.323209 -0.245339 -0.945532 -0.213960 0.541190 0.682909 1 6 1.000000
  6 1.505945 81.635040 0.651440 -0.251535 -0.810555 -0.528896 0.525428 0.696335 1 6 1.000000
hwn2024_triboniophorus
  6 0.266988 81.909393 0.756277 -0.219245 -0.876004 -0.429591 0.476148 0.645037 1 6 1.000000
  6 0.204844 82.089798 0.422907 -0.245339 -0.945532 -0.213960 0.488302 0.628793 1 6 1.000000
  6 1.548033 81.816490 0.323209 -0.245339 -0.945532 -0.213960 0.541190 0.682909 1 6 1.000000
hwn2024_triboniophorus
  6 0.204844 82.089798 0.422907 -0.245339 -0.945532 -0.213960 0.488302 0.628793 1 6 1.000000
  6 0.828741 82.062225 -0.766378 -0.245339 -0.945532 -0.213960 0.559389 0.612006 1 6 1.000000
  6 1.548033 81.816490 0.323209 -0.245339 -0.945532 -0.213960 0.541190 0.682909 1 6 1.000000
hwn2024_triboniophorus
  6 1.706795 81.758156 0.177253 -0.407270 -0.902342 -0.141105 0.552423 0.685312 1 6 1.000000
  6 1.548033 81.816490 0.323209 -0.245339 -0.945532 -0.213960 0.541190 0.682909 1 6 1.000000
  6 0.828741 82.062225 -0.766378 -0.245339 -0.945532 -0.213960 0.559389 0.612006 1 6 1.000000
hwn2024_triboniophorus
  6 1.283378 81.218102 1.316745 -0.292851 -0.800878 -0.522334 0.487933 0.720944 1 6 1.000000
  6 1.087303 81.137466 1.570214 -0.382614 -0.741462 -0.551218 0.469781 0.723769 1 6 1.000000
  6 0.800930 81.178871 1.689410 -0.328698 -0.802525 -0.497907 0.454305 0.715343 1 6 1.000000
hwn2024_triboniophorus
  6 2.753311 80.706841 -0.346849 -0.769734 -0.590062 -0.243591 0.621584 0.740283 1 6 1.000000
  6 2.655540 80.756294 -0.076355 -0.765924 -0.614318 -0.189668 0.605427 0.743598 1 6 1.000000
  6 2.468601 80.932449 0.076309 -0.769734 -0.590062 -0.243591 0.590406 0.736196 1 6 1.000000
hwn2024_triboniophorus
  6 2.753311 80.706841 -0.346849 -0.769734 -0.590062 -0.243591 0.621584 0.740283 1 6 1.000000
  6 2.468601 80.932449 0.076309 -0.769734 -0.590062 -0.243591 0.590406 0.736196 1 6 1.000000
  6 2.679930 80.989426 -0.836503 -0.769734 -0.590062 -0.243591 0.637907 0.712650 1 6 1.000000
hwn2024_triboniophorus
  6 2.236009 81.205673 0.142916 -0.769734 -0.590062 -0.243591 0.576553 0.721050 1 6 1.000000
  6 2.679930 80.989426 -0.836503 -0.769734 -0.590062 -0.243591 0.637907 0.712650 1 6 1.000000
  6 2.468601 80.932449 0.076309 -0.769734 -0.590062 -0.243591 0.590406 0.736196 1 6 1.000000
hwn2024_triboniophorus
  6 2.236009 81.205673 0.142916 -0.769734 -0.590062 -0.243591 0.576553 0.721050 1 6 1.000000
  6 2.514683 81.301880 -0.980017 -0.769734 -0.590062 -0.243591 0.634780 0.691512 1 6 1.000000
  6 2.679930 80.989426 -0.836503 -0.769734 -0.590062 -0.243591 0.637907 0.712650 1 6 1.000000
hwn2024_triboniophorus
  6 1.978082 81.496590 0.155198 -0.712329 -0.655235 -0.251504 0.564271 0.702361 1 6 1.000000
  6 2.514683 81.301880 -0.980017 -0.769734 -0.590062 -0.243591 0.634780 0.691512 1 6 1.000000
  6 2.236009 81.205673 0.142916 -0.769734 -0.590062 -0.243591 0.576553 0.721050 1 6 1.000000
hwn2024_triboniophorus
  6 1.978082 81.496590 0.155198 -0.712329 -0.655235 -0.251504 0.564271 0.702361 1 6 1.000000
  6 2.311377 81.624138 -1.073495 -0.712329 -0.655235 -0.251504 0.627522 0.669988 1 6 1.000000
  6 2.514683 81.301880 -0.980017 -0.769734 -0.590062 -0.243591 0.634780 0.691512 1 6 1.000000
hwn2024_triboniophorus
  6 1.706795 81.758156 0.177253 -0.407270 -0.902342 -0.141105 0.552423 0.685312 1 6 1.000000
  6 2.311377 81.624138 -1.073495 -0.712329 -0.655235 -0.251504 0.627522 0.669988 1 6 1.000000
  6 1.978082 81.496590 0.155198 -0.712329 -0.655235 -0.251504 0.564271 0.702361 1 6 1.000000
hwn2024_triboniophorus
  6 1.706795 81.758156 0.177253 -0.407270 -0.902342 -0.141105 0.552423 0.685312 1 6 1.000000
  6 2.071268 81.873505 -1.190221 -0.347529 -0.914454 -0.207360 0.620902 0.650124 1 6 1.000000
  6 2.311377 81.624138 -1.073495 -0.712329 -0.655235 -0.251504 0.627522 0.669988 1 6 1.000000
hwn2024_triboniophorus
  6 1.706795 81.758156 0.177253 -0.407270 -0.902342 -0.141105 0.552423 0.685312 1 6 1.000000
  6 0.828741 82.062225 -0.766378 -0.245339 -0.945532 -0.213960 0.559389 0.612006 1 6 1.000000
  6 2.071268 81.873505 -1.190221 -0.347529 -0.914454 -0.207360 0.620902 0.650124 1 6 1.000000
hwn2024_triboniophorus
  6 2.000511 81.958664 -1.425525 -0.277067 -0.939857 -0.199758 0.625598 0.638270 1 6 1.000000
  6 2.071268 81.873505 -1.190221 -0.347529 -0.914454 -0.207360 0.620902 0.650124 1 6 1.000000
  6 0.828741 82.062225 -0.766378 -0.245339 -0.945532 -0.213960 0.559389 0.612006 1 6 1.000000
hwn2024_triboniophorus
  6 2.000511 81.958664 -1.425525 -0.277067 -0.939857 -0.199758 0.625598 0.638270 1 6 1.000000
  6 0.828741 82.062225 -0.766378 -0.245339 -0.945532 -0.213960 0.559389 0.612006 1 6 1.000000
  6 1.025217 82.431313 -2.161880 -0.347529 -0.914454 -0.207360 0.616675 0.565283 1 6 1.000000
hwn2024_triboniophorus
  6 2.125386 81.936325 -1.762838 -0.420826 -0.907136 0.003130 0.642826 0.632438 1 6 1.000000
  6 2.000511 81.958664 -1.425525 -0.277067 -0.939857 -0.199758 0.625598 0.638270 1 6 1.000000
  6 1.025217 82.431313 -2.161880 -0.347529 -0.914454 -0.207360 0.616675 0.565283 1 6 1.000000
hwn2024_triboniophorus
  6 2.125386 81.936325 -1.762838 -0.420826 -0.907136 0.003130 0.642826 0.632438 1 6 1.000000
  6 1.025217 82.431313 -2.161880 -0.347529 -0.914454 -0.207360 0.616675 0.565283 1 6 1.000000
  6 1.238406 82.349564 -2.430837 -0.455221 -0.888704 0.054574 0.635602 0.565603 1 6 1.000000
hwn2024_triboniophorus
  6 2.125386 81.936325 -1.762838 -0.420826 -0.907136 0.003130 0.642826 0.632438 1 6 1.000000
  6 1.238406 82.349564 -2.430837 -0.455221 -0.888704 0.054574 0.635602 0.565603 1 6 1.000000
  6 1.456460 82.175919 -2.736058 -0.489117 -0.860634 0.141684 0.658408 0.566309 1 6 1.000000
hwn2024_triboniophorus
  6 2.125386 81.936325 -1.762838 -0.420826 -0.907136 0.003130 0.642826 0.632438 1 6 1.000000
  6 1.456460 82.175919 -2.736058 -0.489117 -0.860634 0.141684 0.658408 0.566309 1 6 1.000000
  6 2.264301 81.837334 -2.083020 -0.457149 -0.882622 0.109512 0.663264 0.627876 1 6 1.000000
hwn2024_triboniophorus
  6 2.389891 81.706665 -2.426335 -0.489117 -0.860634 0.141684 0.684556 0.621982 1 6 1.000000
  6 2.264301 81.837334 -2.083020 -0.457149 -0.882622 0.109512 0.663264 0.627876 1 6 1.000000
  6 1.456460 82.175919 -2.736058 -0.489117 -0.860634 0.141684 0.658408 0.566309 1 6 1.000000
hwn2024_triboniophorus
  6 2.389891 81.706665 -2.426335 -0.489117 -0.860634 0.141684 0.684556 0.621982 1 6 1.000000
  6 1.456460 82.175919 -2.736058 -0.489117 -0.860634 0.141684 0.658408 0.566309 1 6 1.000000
  6 1.674792 82.004807 -2.999224 -0.489117 -0.860634 0.141684 0.679852 0.567697 1 6 1.000000
hwn2024_triboniophorus
  6 2.389891 81.706665 -2.426335 -0.489117 -0.860634 0.141684 0.684556 0.621982 1 6 1.000000
  6 1.674792 82.004807 -2.999224 -0.489117 -0.860634 0.141684 0.679852 0.567697 1 6 1.000000
  6 2.233675 81.704536 -3.045594 -0.457149 -0.882622 0.109512 0.705358 0.592617 1 6 1.000000
hwn2024_triboniophorus
  6 1.674792 82.004807 -2.999224 -0.489117 -0.860634 0.141684 0.679852 0.567697 1 6 1.000000
  6 1.943577 81.856453 -3.142917 -0.455221 -0.888704 0.054574 0.697071 0.575209 1 6 1.000000
  6 2.233675 81.704536 -3.045594 -0.457149 -0.882622 0.109512 0.705358 0.592617 1 6 1.000000
hwn2024_triboniophorus
  6 2.233675 81.704536 -3.045594 -0.457149 -0.882622 0.109512 0.705358 0.592617 1 6 1.000000
  6 2.420637 81.659630 -2.765052 -0.392869 -0.914439 0.097234 0.700367 0.611240 1 6 1.000000
  6 2.389891 81.706665 -2.426335 -0.489117 -0.860634 0.141684 0.684556 0.621982 1 6 1.000000
hwn2024_triboniophorus
  6 2.679930 80.989426 -0.836503 -0.769734 -0.590062 -0.243591 0.637907 0.712650 1 6 1.000000
  6 2.778627 80.783470 -0.630019 -0.769734 -0.590062 -0.243591 0.634259 0.729515 1 6 1.000000
  6 2.753311 80.706841 -0.346849 -0.769734 -0.590062 -0.243591 0.621584 0.740283 1 6 1.000000
hwn2024_triboniophorus
  6 2.718262 82.972328 1.739118 0.630494 0.159486 -0.759632 0.605469 0.382812 2 6 0.500000 7 0.500000
  6 2.738718 82.741898 1.707718 0.753750 -0.019683 -0.656866 0.582031 0.343750 2 6 0.500000 7 0.500000
  6 2.633211 82.805458 1.632388 0.671719 0.124423 -0.730282 0.605469 0.332031 2 6 0.500000 7 0.500000
hwn2024_triboniophorus
  6 2.718262 82.972328 1.739118 0.630494 0.159486 -0.759632 0.605469 0.382812 2 6 0.500000 7 0.500000
  6 2.811111 82.916077 1.803283 0.764588 0.039158 -0.643328 0.589844 0.382812 2 6 0.500000 7 0.500000
  6 2.738718 82.741898 1.707718 0.753750 -0.019683 -0.656866 0.582031 0.343750 2 6 0.500000 7 0.500000
hwn2024_triboniophorus
  6 2.141380 82.959023 0.692388 0.821031 0.567917 -0.058114 0.605469 0.054688 2 6 0.500000 7 0.500000
  6 2.093191 83.031876 0.448809 0.964394 0.091510 -0.248132 0.589844 0.015625 2 6 0.500000 7 0.500000
  6 2.070156 83.076248 0.473442 0.847563 0.530620 -0.008920 0.605469 0.015625 2 6 0.500000 7 0.500000
hwn2024_triboniophorus
  6 2.141380 82.959023 0.692388 0.821031 0.567917 -0.058114 0.605469 0.054688 2 6 0.500000 7 0.500000
  6 2.167698 82.923866 0.674845 0.943208 0.103600 -0.315634 0.589844 0.058594 2 6 0.500000 7 0.500000
  6 2.093191 83.031876 0.448809 0.964394 0.091510 -0.248132 0.589844 0.015625 2 6 0.500000 7 0.500000
hwn2024_triboniophorus
  6 2.328571 82.801231 1.110211 0.839413 0.490596 -0.233885 0.605469 0.171875 2 6 0.500000 7 0.500000
  6 2.167698 82.923866 0.674845 0.943208 0.103600 -0.315634 0.589844 0.058594 2 6 0.500000 7 0.500000
  6 2.141380 82.959023 0.692388 0.821031 0.567917 -0.058114 0.605469 0.054688 2 6 0.500000 7 0.500000
hwn2024_triboniophorus
  6 2.328571 82.801231 1.110211 0.839413 0.490596 -0.233885 0.605469 0.171875 2 6 0.500000 7 0.500000
  6 2.348181 82.768684 1.082848 0.909977 0.084372 -0.405984 0.593750 0.171875 2 6 0.500000 7 0.500000
  6 2.167698 82.923866 0.674845 0.943208 0.103600 -0.315634 0.589844 0.058594 2 6 0.500000 7 0.500000
hwn2024_triboniophorus
  6 2.504910 82.701889 1.419818 0.878494 0.275348 -0.390425 0.605469 0.261719 2 6 0.500000 7 0.500000
  6 2.348181 82.768684 1.082848 0.909977 0.084372 -0.405984 0.593750 0.171875 2 6 0.500000 7 0.500000
  6 2.328571 82.801231 1.110211 0.839413 0.490596 -0.233885 0.605469 0.171875 2 6 0.500000 7 0.500000
hwn2024_triboniophorus
  6 2.504910 82.701889 1.419818 0.878494 0.275348 -0.390425 0.605469 0.261719 2 6 0.500000 7 0.500000
  6 2.516882 82.642853 1.426066 0.853233 -0.078863 -0.515534 0.589844 0.265625 2 6 0.500000 7 0.500000
  6 2.348181 82.768684 1.082848 0.909977 0.084372 -0.405984 0.593750 0.171875 2 6 0.500000 7 0.500000
hwn2024_triboniophorus
  6 2.504910 82.701889 1.419818 0.878494 0.275348 -0.390425 0.605469 0.261719 2 6 0.500000 7 0.500000
  6 2.562737 82.707161 1.529233 0.790791 0.178673 -0.585428 0.605469 0.292969 2 6 0.500000 7 0.500000
  6 2.516882 82.642853 1.426066 0.853233 -0.078863 -0.515534 0.589844 0.265625 2 6 0.500000 7 0.500000
hwn2024_triboniophorus
  6 2.516882 82.642853 1.426066 0.853233 -0.078863 -0.515534 0.589844 0.265625 2 6 0.500000 7 0.500000
  6 2.562737 82.707161 1.529233 0.790791 0.178673 -0.585428 0.605469 0.292969 2 6 0.500000 7 0.500000
  6 2.653654 82.601852 1.623834 0.767139 -0.202562 -0.608660 0.574219 0.312500 2 6 0.500000 7 0.500000
hwn2024_triboniophorus
  6 2.653654 82.601852 1.623834 0.767139 -0.202562 -0.608660 0.574219 0.312500 2 6 0.500000 7 0.500000
  6 2.562737 82.707161 1.529233 0.790791 0.178673 -0.585428 0.605469 0.292969 2 6 0.500000 7 0.500000
  6 2.633211 82.805458 1.632388 0.671719 0.124423 -0.730282 0.605469 0.332031 2 6 0.500000 7 0.500000
hwn2024_triboniophorus
  6 2.653654 82.601852 1.623834 0.767139 -0.202562 -0.608660 0.574219 0.312500 2 6 0.500000 7 0.500000
  6 2.633211 82.805458 1.632388 0.671719 0.124423 -0.730282 0.605469 0.332031 2 6 0.500000 7 0.500000
  6 2.738718 82.741898 1.707718 0.753750 -0.019683 -0.656866 0.582031 0.343750 2 6 0.500000 7 0.500000
hwn2024_triboniophorus
  6 2.734726 82.531387 1.773657 0.794053 -0.420078 -0.439333 0.554688 0.332031 2 6 0.500000 7 0.500000
  6 2.653654 82.601852 1.623834 0.767139 -0.202562 -0.608660 0.574219 0.312500 2 6 0.500000 7 0.500000
  6 2.738718 82.741898 1.707718 0.753750 -0.019683 -0.656866 0.582031 0.343750 2 6 0.500000 7 0.500000
hwn2024_triboniophorus
  6 2.734726 82.531387 1.773657 0.794053 -0.420078 -0.439333 0.554688 0.332031 2 6 0.500000 7 0.500000
  6 2.738718 82.741898 1.707718 0.753750 -0.019683 -0.656866 0.582031 0.343750 2 6 0.500000 7 0.500000
  6 2.811152 82.679390 1.831189 0.892331 -0.205763 -0.401755 0.562500 0.351562 2 6 0.500000 7 0.500000
hwn2024_triboniophorus
  6 2.811111 82.916077 1.803283 0.764588 0.039158 -0.643328 0.589844 0.382812 2 6 0.500000 7 0.500000
  6 2.811152 82.679390 1.831189 0.892331 -0.205763 -0.401755 0.562500 0.351562 2 6 0.500000 7 0.500000
  6 2.738718 82.741898 1.707718 0.753750 -0.019683 -0.656866 0.582031 0.343750 2 6 0.500000 7 0.500000
hwn2024_triboniophorus
  6 2.811111 82.916077 1.803283 0.764588 0.039158 -0.643328 0.589844 0.382812 2 6 0.500000 7 0.500000
  6 2.870323 82.864601 1.906164 0.914446 -0.124321 -0.385140 0.574219 0.382812 2 6 0.500000 7 0.500000
  6 2.811152 82.679390 1.831189 0.892331 -0.205763 -0.401755 0.562500 0.351562 2 6 0.500000 7 0.500000
hwn2024_triboniophorus
  6 2.167698 82.923866 0.674845 0.943208 0.103600 -0.315634 0.589844 0.058594 2 6 0.500000 7 0.500000
  6 2.061287 82.970070 0.429059 0.759230 -0.457801 -0.462589 0.570312 0.015625 2 6 0.500000 7 0.500000
  6 2.093191 83.031876 0.448809 0.964394 0.091510 -0.248132 0.589844 0.015625 2 6 0.500000 7 0.500000
hwn2024_triboniophorus
  6 2.085482 82.801903 0.643565 0.460219 -0.726913 -0.509702 0.550781 0.066406 2 6 0.500000 7 0.500000
  6 1.850336 82.884125 0.467511 -0.367075 -0.873711 -0.319193 0.503906 0.015625 2 6 0.500000 7 0.500000
  6 2.003515 82.906967 0.422805 0.372724 -0.769889 -0.518023 0.546875 0.015625 2 6 0.500000 7 0.500000
hwn2024_triboniophorus
  6 2.085482 82.801903 0.643565 0.460219 -0.726913 -0.509702 0.550781 0.066406 2 6 0.500000 7 0.500000
  6 2.003515 82.906967 0.422805 0.372724 -0.769889 -0.518023 0.546875 0.015625 2 6 0.500000 7 0.500000
  6 2.061287 82.970070 0.429059 0.759230 -0.457801 -0.462589 0.570312 0.015625 2 6 0.500000 7 0.500000
hwn2024_triboniophorus
  6 2.167698 82.923866 0.674845 0.943208 0.103600 -0.315634 0.589844 0.058594 2 6 0.500000 7 0.500000
  6 2.085482 82.801903 0.643565 0.460219 -0.726913 -0.509702 0.550781 0.066406 2 6 0.500000 7 0.500000
  6 2.061287 82.970070 0.429059 0.759230 -0.457801 -0.462589 0.570312 0.015625 2 6 0.500000 7 0.500000
hwn2024_triboniophorus
  6 2.167698 82.923866 0.674845 0.943208 0.103600 -0.315634 0.589844 0.058594 2 6 0.500000 7 0.500000
  6 2.312105 82.698303 1.069007 0.737059 -0.446629 -0.507215 0.574219 0.171875 2 6 0.500000 7 0.500000
  6 2.085482 82.801903 0.643565 0.460219 -0.726913 -0.509702 0.550781 0.066406 2 6 0.500000 7 0.500000
hwn2024_triboniophorus
  6 2.167698 82.923866 0.674845 0.943208 0.103600 -0.315634 0.589844 0.058594 2 6 0.500000 7 0.500000
  6 2.348181 82.768684 1.082848 0.909977 0.084372 -0.405984 0.593750 0.171875 2 6 0.500000 7 0.500000
  6 2.312105 82.698303 1.069007 0.737059 -0.446629 -0.507215 0.574219 0.171875 2 6 0.500000 7 0.500000
hwn2024_triboniophorus
  6 2.348181 82.768684 1.082848 0.909977 0.084372 -0.405984 0.593750 0.171875 2 6 0.500000 7 0.500000
  6 2.456942 82.575745 1.379284 0.708322 -0.471092 -0.525693 0.570312 0.250000 2 6 0.500000 7 0.500000
  6 2.312105 82.698303 1.069007 0.737059 -0.446629 -0.507215 0.574219 0.171875 2 6 0.500000 7 0.500000
hwn2024_triboniophorus
  6 2.348181 82.768684 1.082848 0.909977 0.084372 -0.405984 0.593750 0.171875 2 6 0.500000 7 0.500000
  6 2.516882 82.642853 1.426066 0.853233 -0.078863 -0.515534 0.589844 0.265625 2 6 0.500000 7 0.500000
  6 2.456942 82.575745 1.379284 0.708322 -0.471092 -0.525693 0.570312 0.250000 2 6 0.500000 7 0.500000
hwn2024_triboniophorus
  6 2.516882 82.642853 1.426066 0.853233 -0.078863 -0.515534 0.589844 0.265625 2 6 0.500000 7 0.500000
  6 2.566656 82.489288 1.597094 0.654854 -0.541126 -0.527587 0.554688 0.296875 2 6 0.500000 7 0.500000
  6 2.456942 82.575745 1.379284 0.708322 -0.471092 -0.525693 0.570312 0.250000 2 6 0.500000 7 0.500000
hwn2024_triboniophorus
  6 2.516882 82.642853 1.426066 0.853233 -0.078863 -0.515534 0.589844 0.265625 2 6 0.500000 7 0.500000
  6 2.653654 82.601852 1.623834 0.767139 -0.202562 -0.608660 0.574219 0.312500 2 6 0.500000 7 0.500000
  6 2.566656 82.489288 1.597094 0.654854 -0.541126 -0.527587 0.554688 0.296875 2 6 0.500000 7 0.500000
hwn2024_triboniophorus
  6 2.653654 82.601852 1.623834 0.767139 -0.202562 -0.608660 0.574219 0.312500 2 6 0.500000 7 0.500000
  6 2.630804 82.426842 1.752347 0.635591 -0.640810 -0.430566 0.542969 0.320312 2 6 0.500000 7 0.500000
  6 2.566656 82.489288 1.597094 0.654854 -0.541126 -0.527587 0.554688 0.296875 2 6 0.500000 7 0.500000
hwn2024_triboniophorus
  6 2.653654 82.601852 1.623834 0.767139 -0.202562 -0.608660 0.574219 0.312500 2 6 0.500000 7 0.500000
  6 2.734726 82.531387 1.773657 0.794053 -0.420078 -0.439333 0.554688 0.332031 2 6 0.500000 7 0.500000
  6 2.630804 82.426842 1.752347 0.635591 -0.640810 -0.430566 0.542969 0.320312 2 6 0.500000 7 0.500000
hwn2024_triboniophorus
  6 2.734726 82.531387 1.773657 0.794053 -0.420078 -0.439333 0.554688 0.332031 2 6 0.500000 7 0.500000
  6 2.655668 82.386848 1.880776 0.642430 -0.740215 -0.198409 0.531250 0.328125 2 6 0.500000 7 0.500000
  6 2.630804 82.426842 1.752347 0.635591 -0.640810 -0.430566 0.542969 0.320312 2 6 0.500000 7 0.500000
hwn2024_triboniophorus
  6 2.734726 82.531387 1.773657 0.794053 -0.420078 -0.439333 0.554688 0.332031 2 6 0.500000 7 0.500000
  6 2.762440 82.483475 1.920075 0.819512 -0.556434 -0.137043 0.539062 0.343750 2 6 0.500000 7 0.500000
  6 2.655668 82.386848 1.880776 0.642430 -0.740215 -0.198409 0.531250 0.328125 2 6 0.500000 7 0.500000
hwn2024_triboniophorus
  6 2.762440 82.483475 1.920075 0.819512 -0.556434 -0.137043 0.539062 0.343750 2 6 0.500000 7 0.500000
  6 2.734726 82.531387 1.773657 0.794053 -0.420078 -0.439333 0.554688 0.332031 2 6 0.500000 7 0.500000
  6 2.811152 82.679390 1.831189 0.892331 -0.205763 -0.401755 0.562500 0.351562 2 6 0.500000 7 0.500000
hwn2024_triboniophorus
  6 2.762440 82.483475 1.920075 0.819512 -0.556434 -0.137043 0.539062 0.343750 2 6 0.500000 7 0.500000
  6 2.811152 82.679390 1.831189 0.892331 -0.205763 -0.401755 0.562500 0.351562 2 6 0.500000 7 0.500000
  6 2.835464 82.632271 1.968806 0.940490 -0.334132 -0.061923 0.546875 0.359375 2 6 0.500000 7 0.500000
hwn2024_triboniophorus
  6 2.870323 82.864601 1.906164 0.914446 -0.124321 -0.385140 0.574219 0.382812 2 6 0.500000 7 0.500000
  6 2.835464 82.632271 1.968806 0.940490 -0.334132 -0.061923 0.546875 0.359375 2 6 0.500000 7 0.500000
  6 2.811152 82.679390 1.831189 0.892331 -0.205763 -0.401755 0.562500 0.351562 2 6 0.500000 7 0.500000
hwn2024_triboniophorus
  6 2.870323 82.864601 1.906164 0.914446 -0.124321 -0.385140 0.574219 0.382812 2 6 0.500000 7 0.500000
  6 2.889187 82.822479 2.026330 0.962692 -0.268955 -0.029778 0.554688 0.382812 2 6 0.500000 7 0.500000
  6 2.835464 82.632271 1.968806 0.940490 -0.334132 -0.061923 0.546875 0.359375 2 6 0.500000 7 0.500000
hwn2024_triboniophorus
  6 2.566656 82.489288 1.597094 0.654854 -0.541126 -0.527587 0.554688 0.296875 2 6 0.500000 7 0.500000
  6 2.630804 82.426842 1.752347 0.635591 -0.640810 -0.430566 0.542969 0.320312 2 6 0.500000 7 0.500000
  6 2.524250 82.348892 1.748314 0.326348 -0.865265 -0.380543 0.527344 0.308594 2 6 0.500000 7 0.500000
hwn2024_triboniophorus
  6 2.630804 82.426842 1.752347 0.635591 -0.640810 -0.430566 0.542969 0.320312 2 6 0.500000 7 0.500000
  6 2.552238 82.317062 1.863972 0.359930 -0.914826 -0.183147 0.523438 0.320312 2 6 0.500000 7 0.500000
  6 2.524250 82.348892 1.748314 0.326348 -0.865265 -0.380543 0.527344 0.308594 2 6 0.500000 7 0.500000
hwn2024_triboniophorus
  6 2.630804 82.426842 1.752347 0.635591 -0.640810 -0.430566 0.542969 0.320312 2 6 0.500000 7 0.500000
  6 2.655668 82.386848 1.880776 0.642430 -0.740215 -0.198409 0.531250 0.328125 2 6 0.500000 7 0.500000
  6 2.552238 82.317062 1.863972 0.359930 -0.914826 -0.183147 0.523438 0.320312 2 6 0.500000 7 0.500000
hwn2024_triboniophorus
  6 2.552238 82.317062 1.863972 0.359930 -0.914826 -0.183147 0.523438 0.320312 2 6 0.500000 7 0.500000
  6 2.655668 82.386848 1.880776 0.642430 -0.740215 -0.198409 0.531250 0.328125 2 6 0.500000 7 0.500000
  6 2.639460 82.366539 1.986712 0.565892 -0.816250 0.116202 0.523438 0.335938 2 6 0.500000 7 0.500000
hwn2024_triboniophorus
  6 2.762440 82.483475 1.920075 0.819512 -0.556434 -0.137043 0.539062 0.343750 2 6 0.500000 7 0.500000
  6 2.639460 82.366539 1.986712 0.565892 -0.816250 0.116202 0.523438 0.335938 2 6 0.500000 7 0.500000
  6 2.655668 82.386848 1.880776 0.642430 -0.740215 -0.198409 0.531250 0.328125 2 6 0.500000 7 0.500000
hwn2024_triboniophorus
  6 2.762440 82.483475 1.920075 0.819512 -0.556434 -0.137043 0.539062 0.343750 2 6 0.500000 7 0.500000
  6 2.737152 82.460114 2.050620 0.733384 -0.637459 0.236209 0.527344 0.347656 2 6 0.500000 7 0.500000
  6 2.639460 82.366539 1.986712 0.565892 -0.816250 0.116202 0.523438 0.335938 2 6 0.500000 7 0.500000
hwn2024_triboniophorus
  6 2.737152 82.460114 2.050620 0.733384 -0.637459 0.236209 0.527344 0.347656 2 6 0.500000 7 0.500000
  6 2.762440 82.483475 1.920075 0.819512 -0.556434 -0.137043 0.539062 0.343750 2 6 0.500000 7 0.500000
  6 2.835464 82.632271 1.968806 0.940490 -0.334132 -0.061923 0.546875 0.359375 2 6 0.500000 7 0.500000
hwn2024_triboniophorus
  6 2.737152 82.460114 2.050620 0.733384 -0.637459 0.236209 0.527344 0.347656 2 6 0.500000 7 0.500000
  6 2.835464 82.632271 1.968806 0.940490 -0.334132 -0.061923 0.546875 0.359375 2 6 0.500000 7 0.500000
  6 2.808279 82.606491 2.100344 0.852651 -0.416785 0.315083 0.531250 0.363281 2 6 0.500000 7 0.500000
hwn2024_triboniophorus
  6 2.889187 82.822479 2.026330 0.962692 -0.268955 -0.029778 0.554688 0.382812 2 6 0.500000 7 0.500000
  6 2.808279 82.606491 2.100344 0.852651 -0.416785 0.315083 0.531250 0.363281 2 6 0.500000 7 0.500000
  6 2.835464 82.632271 1.968806 0.940490 -0.334132 -0.061923 0.546875 0.359375 2 6 0.500000 7 0.500000
hwn2024_triboniophorus
  6 2.889187 82.822479 2.026330 0.962692 -0.268955 -0.029778 0.554688 0.382812 2 6 0.500000 7 0.500000
  6 2.862736 82.796745 2.146491 0.876091 -0.322838 0.358105 0.539062 0.382812 2 6 0.500000 7 0.500000
  6 2.808279 82.606491 2.100344 0.852651 -0.416785 0.315083 0.531250 0.363281 2 6 0.500000 7 0.500000
hwn2024_triboniophorus
  6 2.862736 82.796745 2.146491 0.876091 -0.322838 0.358105 0.539062 0.382812 2 6 0.500000 7 0.500000
  6 2.733820 82.603928 2.210791 0.619288 -0.417291 0.665094 0.519531 0.363281 2 6 0.500000 7 0.500000
  6 2.808279 82.606491 2.100344 0.852651 -0.416785 0.315083 0.531250 0.363281 2 6 0.500000 7 0.500000
hwn2024_triboniophorus
  6 2.862736 82.796745 2.146491 0.876091 -0.322838 0.358105 0.539062 0.382812 2 6 0.500000 7 0.500000
  6 2.791552 82.794670 2.249922 0.675384 -0.338755 0.655058 0.523438 0.382812 2 6 0.500000 7 0.500000
  6 2.733820 82.603928 2.210791 0.619288 -0.417291 0.665094 0.519531 0.363281 2 6 0.500000 7 0.500000
hwn2024_triboniophorus
  6 2.733820 82.603928 2.210791 0.619288 -0.417291 0.665094 0.519531 0.363281 2 6 0.500000 7 0.500000
  6 2.791552 82.794670 2.249922 0.675384 -0.338755 0.655058 0.523438 0.382812 2 6 0.500000 7 0.500000
  6 2.688105 82.813583 2.321593 0.367870 -0.259649 0.892891 0.507812 0.382812 2 6 0.500000 7 0.500000
hwn2024_triboniophorus
  6 2.733820 82.603928 2.210791 0.619288 -0.417291 0.665094 0.519531 0.363281 2 6 0.500000 7 0.500000
  6 2.688105 82.813583 2.321593 0.367870 -0.259649 0.892891 0.507812 0.382812 2 6 0.500000 7 0.500000
  6 2.624401 82.624084 2.287018 0.299292 -0.345885 0.889263 0.507812 0.363281 2 6 0.500000 7 0.500000
hwn2024_triboniophorus
  6 2.688105 82.813583 2.321593 0.367870 -0.259649 0.892891 0.507812 0.382812 2 6 0.500000 7 0.500000
  6 2.499580 82.662888 2.318951 -0.039418 -0.273447 0.961079 0.492188 0.363281 2 6 0.500000 7 0.500000
  6 2.624401 82.624084 2.287018 0.299292 -0.345885 0.889263 0.507812 0.363281 2 6 0.500000 7 0.500000
hwn2024_triboniophorus
  6 2.561583 82.478294 2.230409 0.210176 -0.596967 0.774246 0.507812 0.351562 2 6 0.500000 7 0.500000
  6 2.624401 82.624084 2.287018 0.299292 -0.345885 0.889263 0.507812 0.363281 2 6 0.500000 7 0.500000
  6 2.499580 82.662888 2.318951 -0.039418 -0.273447 0.961079 0.492188 0.363281 2 6 0.500000 7 0.500000
hwn2024_triboniophorus
  6 2.561583 82.478294 2.230409 0.210176 -0.596967 0.774246 0.507812 0.351562 2 6 0.500000 7 0.500000
  6 2.499580 82.662888 2.318951 -0.039418 -0.273447 0.961079 0.492188 0.363281 2 6 0.500000 7 0.500000
  6 2.441496 82.515137 2.261632 -0.138135 -0.485466 0.863274 0.496094 0.351562 2 6 0.500000 7 0.500000
hwn2024_triboniophorus
  6 2.561583 82.478294 2.230409 0.210176 -0.596967 0.774246 0.507812 0.351562 2 6 0.500000 7 0.500000
  6 2.441496 82.515137 2.261632 -0.138135 -0.485466 0.863274 0.496094 0.351562 2 6 0.500000 7 0.500000
  6 2.388672 82.405869 2.156102 -0.254609 -0.687467 0.680120 0.496094 0.335938 2 6 0.500000 7 0.500000
hwn2024_triboniophorus
  6 2.561583 82.478294 2.230409 0.210176 -0.596967 0.774246 0.507812 0.351562 2 6 0.500000 7 0.500000
  6 2.388672 82.405869 2.156102 -0.254609 -0.687467 0.680120 0.496094 0.335938 2 6 0.500000 7 0.500000
  6 2.487043 82.370766 2.127677 0.080944 -0.792954 0.603881 0.507812 0.335938 2 6 0.500000 7 0.500000
hwn2024_triboniophorus
  6 2.737152 82.460114 2.050620 0.733384 -0.637459 0.236209 0.527344 0.347656 2 6 0.500000 7 0.500000
  6 2.577433 82.358627 2.068677 0.367305 -0.841547 0.396088 0.515625 0.335938 2 6 0.500000 7 0.500000
  6 2.639460 82.366539 1.986712 0.565892 -0.816250 0.116202 0.523438 0.335938 2 6 0.500000 7 0.500000
hwn2024_triboniophorus
  6 2.737152 82.460114 2.050620 0.733384 -0.637459 0.236209 0.527344 0.347656 2 6 0.500000 7 0.500000
  6 2.666340 82.459480 2.157082 0.517157 -0.628524 0.580953 0.519531 0.351562 2 6 0.500000 7 0.500000
  6 2.577433 82.358627 2.068677 0.367305 -0.841547 0.396088 0.515625 0.335938 2 6 0.500000 7 0.500000
hwn2024_triboniophorus
  6 2.666340 82.459480 2.157082 0.517157 -0.628524 0.580953 0.519531 0.351562 2 6 0.500000 7 0.500000
  6 2.737152 82.460114 2.050620 0.733384 -0.637459 0.236209 0.527344 0.347656 2 6 0.500000 7 0.500000
  6 2.808279 82.606491 2.100344 0.852651 -0.416785 0.315083 0.531250 0.363281 2 6 0.500000 7 0.500000
hwn2024_triboniophorus
  6 2.666340 82.459480 2.157082 0.517157 -0.628524 0.580953 0.519531 0.351562 2 6 0.500000 7 0.500000
  6 2.808279 82.606491 2.100344 0.852651 -0.416785 0.315083 0.531250 0.363281 2 6 0.500000 7 0.500000
  6 2.733820 82.603928 2.210791 0.619288 -0.417291 0.665094 0.519531 0.363281 2 6 0.500000 7 0.500000
hwn2024_triboniophorus
  6 2.666340 82.459480 2.157082 0.517157 -0.628524 0.580953 0.519531 0.351562 2 6 0.500000 7 0.500000
  6 2.733820 82.603928 2.210791 0.619288 -0.417291 0.665094 0.519531 0.363281 2 6 0.500000 7 0.500000
  6 2.624401 82.624084 2.287018 0.299292 -0.345885 0.889263 0.507812 0.363281 2 6 0.500000 7 0.500000
hwn2024_triboniophorus
  6 2.666340 82.459480 2.157082 0.517157 -0.628524 0.580953 0.519531 0.351562 2 6 0.500000 7 0.500000
  6 2.624401 82.624084 2.287018 0.299292 -0.345885 0.889263 0.507812 0.363281 2 6 0.500000 7 0.500000
  6 2.561583 82.478294 2.230409 0.210176 -0.596967 0.774246 0.507812 0.351562 2 6 0.500000 7 0.500000
hwn2024_triboniophorus
  6 2.561583 82.478294 2.230409 0.210176 -0.596967 0.774246 0.507812 0.351562 2 6 0.500000 7 0.500000
  6 2.577433 82.358627 2.068677 0.367305 -0.841547 0.396088 0.515625 0.335938 2 6 0.500000 7 0.500000
  6 2.666340 82.459480 2.157082 0.517157 -0.628524 0.580953 0.519531 0.351562 2 6 0.500000 7 0.500000
hwn2024_triboniophorus
  6 2.561583 82.478294 2.230409 0.210176 -0.596967 0.774246 0.507812 0.351562 2 6 0.500000 7 0.500000
  6 2.487043 82.370766 2.127677 0.080944 -0.792954 0.603881 0.507812 0.335938 2 6 0.500000 7 0.500000
  6 2.577433 82.358627 2.068677 0.367305 -0.841547 0.396088 0.515625 0.335938 2 6 0.500000 7 0.500000
hwn2024_triboniophorus
  6 2.487043 82.370766 2.127677 0.080944 -0.792954 0.603881 0.507812 0.335938 2 6 0.500000 7 0.500000
  6 2.503227 82.296494 1.978648 0.224862 -0.961324 0.159037 0.515625 0.328125 2 6 0.500000 7 0.500000
  6 2.577433 82.358627 2.068677 0.367305 -0.841547 0.396088 0.515625 0.335938 2 6 0.500000 7 0.500000
hwn2024_triboniophorus
  6 2.639460 82.366539 1.986712 0.565892 -0.816250 0.116202 0.523438 0.335938 2 6 0.500000 7 0.500000
  6 2.577433 82.358627 2.068677 0.367305 -0.841547 0.396088 0.515625 0.335938 2 6 0.500000 7 0.500000
  6 2.503227 82.296494 1.978648 0.224862 -0.961324 0.159037 0.515625 0.328125 2 6 0.500000 7 0.500000
hwn2024_triboniophorus
  6 2.639460 82.366539 1.986712 0.565892 -0.816250 0.116202 0.523438 0.335938 2 6 0.500000 7 0.500000
  6 2.503227 82.296494 1.978648 0.224862 -0.961324 0.159037 0.515625 0.328125 2 6 0.500000 7 0.500000
  6 2.552238 82.317062 1.863972 0.359930 -0.914826 -0.183147 0.523438 0.320312 2 6 0.500000 7 0.500000
hwn2024_triboniophorus
  6 2.235119 82.612190 1.056401 0.364738 -0.800965 -0.474785 0.546875 0.171875 2 6 0.500000 7 0.500000
  6 1.921604 82.767014 0.686870 -0.367075 -0.873711 -0.319193 0.503906 0.066406 2 6 0.500000 7 0.500000
  6 2.085482 82.801903 0.643565 0.460219 -0.726913 -0.509702 0.550781 0.066406 2 6 0.500000 7 0.500000
hwn2024_triboniophorus
  6 2.312105 82.698303 1.069007 0.737059 -0.446629 -0.507215 0.574219 0.171875 2 6 0.500000 7 0.500000
  6 2.235119 82.612190 1.056401 0.364738 -0.800965 -0.474785 0.546875 0.171875 2 6 0.500000 7 0.500000
  6 2.085482 82.801903 0.643565 0.460219 -0.726913 -0.509702 0.550781 0.066406 2 6 0.500000 7 0.500000
hwn2024_triboniophorus
  6 2.374880 82.491684 1.371295 0.364738 -0.800965 -0.474785 0.546875 0.246094 2 6 0.500000 7 0.500000
  6 2.235119 82.612190 1.056401 0.364738 -0.800965 -0.474785 0.546875 0.171875 2 6 0.500000 7 0.500000
  6 2.312105 82.698303 1.069007 0.737059 -0.446629 -0.507215 0.574219 0.171875 2 6 0.500000 7 0.500000
hwn2024_triboniophorus
  6 2.374880 82.491684 1.371295 0.364738 -0.800965 -0.474785 0.546875 0.246094 2 6 0.500000 7 0.500000
  6 2.312105 82.698303 1.069007 0.737059 -0.446629 -0.507215 0.574219 0.171875 2 6 0.500000 7 0.500000
  6 2.456942 82.575745 1.379284 0.708322 -0.471092 -0.525693 0.570312 0.250000 2 6 0.500000 7 0.500000
hwn2024_triboniophorus
  6 2.456942 82.575745 1.379284 0.708322 -0.471092 -0.525693 0.570312 0.250000 2 6 0.500000 7 0.500000
  6 2.470179 82.405342 1.595481 0.334122 -0.825697 -0.454518 0.535156 0.289062 2 6 0.500000 7 0.500000
  6 2.374880 82.491684 1.371295 0.364738 -0.800965 -0.474785 0.546875 0.246094 2 6 0.500000 7 0.500000
hwn2024_triboniophorus
  6 2.456942 82.575745 1.379284 0.708322 -0.471092 -0.525693 0.570312 0.250000 2 6 0.500000 7 0.500000
  6 2.566656 82.489288 1.597094 0.654854 -0.541126 -0.527587 0.554688 0.296875 2 6 0.500000 7 0.500000
  6 2.470179 82.405342 1.595481 0.334122 -0.825697 -0.454518 0.535156 0.289062 2 6 0.500000 7 0.500000
hwn2024_triboniophorus
  6 2.566656 82.489288 1.597094 0.654854 -0.541126 -0.527587 0.554688 0.296875 2 6 0.500000 7 0.500000
  6 2.524250 82.348892 1.748314 0.326348 -0.865265 -0.380543 0.527344 0.308594 2 6 0.500000 7 0.500000
  6 2.470179 82.405342 1.595481 0.334122 -0.825697 -0.454518 0.535156 0.289062 2 6 0.500000 7 0.500000
hwn2024_triboniophorus
  6 2.470179 82.405342 1.595481 0.334122 -0.825697 -0.454518 0.535156 0.289062 2 6 0.500000 7 0.500000
  6 2.524250 82.348892 1.748314 0.326348 -0.865265 -0.380543 0.527344 0.308594 2 6 0.500000 7 0.500000
  6 2.325579 82.317291 1.806893 -0.328328 -0.929802 -0.166341 0.507812 0.304688 2 6 0.500000 7 0.500000
hwn2024_triboniophorus
  6 2.325579 82.317291 1.806893 -0.328328 -0.929802 -0.166341 0.507812 0.304688 2 6 0.500000 7 0.500000
  6 2.524250 82.348892 1.748314 0.326348 -0.865265 -0.380543 0.527344 0.308594 2 6 0.500000 7 0.500000
  6 2.552238 82.317062 1.863972 0.359930 -0.914826 -0.183147 0.523438 0.320312 2 6 0.500000 7 0.500000
hwn2024_triboniophorus
  6 2.325579 82.317291 1.806893 -0.328328 -0.929802 -0.166341 0.507812 0.304688 2 6 0.500000 7 0.500000
  6 2.552238 82.317062 1.863972 0.359930 -0.914826 -0.183147 0.523438 0.320312 2 6 0.500000 7 0.500000
  6 2.371595 82.289680 1.921855 -0.249134 -0.968435 -0.008122 0.507812 0.316406 2 6 0.500000 7 0.500000
hwn2024_triboniophorus
  6 2.371595 82.289680 1.921855 -0.249134 -0.968435 -0.008122 0.507812 0.316406 2 6 0.500000 7 0.500000
  6 2.552238 82.317062 1.863972 0.359930 -0.914826 -0.183147 0.523438 0.320312 2 6 0.500000 7 0.500000
  6 2.503227 82.296494 1.978648 0.224862 -0.961324 0.159037 0.515625 0.328125 2 6 0.500000 7 0.500000
hwn2024_triboniophorus
  6 2.371595 82.289680 1.921855 -0.249134 -0.968435 -0.008122 0.507812 0.316406 2 6 0.500000 7 0.500000
  6 2.503227 82.296494 1.978648 0.224862 -0.961324 0.159037 0.515625 0.328125 2 6 0.500000 7 0.500000
  6 2.421232 82.303001 2.022313 -0.062459 -0.925466 0.373646 0.507812 0.328125 2 6 0.500000 7 0.500000
hwn2024_triboniophorus
  6 2.487043 82.370766 2.127677 0.080944 -0.792954 0.603881 0.507812 0.335938 2 6 0.500000 7 0.500000
  6 2.421232 82.303001 2.022313 -0.062459 -0.925466 0.373646 0.507812 0.328125 2 6 0.500000 7 0.500000
  6 2.503227 82.296494 1.978648 0.224862 -0.961324 0.159037 0.515625 0.328125 2 6 0.500000 7 0.500000
hwn2024_triboniophorus
  6 2.487043 82.370766 2.127677 0.080944 -0.792954 0.603881 0.507812 0.335938 2 6 0.500000 7 0.500000
  6 2.340826 82.337784 2.053330 -0.394046 -0.805563 0.442488 0.500000 0.328125 2 6 0.500000 7 0.500000
  6 2.421232 82.303001 2.022313 -0.062459 -0.925466 0.373646 0.507812 0.328125 2 6 0.500000 7 0.500000
hwn2024_triboniophorus
  6 2.487043 82.370766 2.127677 0.080944 -0.792954 0.603881 0.507812 0.335938 2 6 0.500000 7 0.500000
  6 2.388672 82.405869 2.156102 -0.254609 -0.687467 0.680120 0.496094 0.335938 2 6 0.500000 7 0.500000
  6 2.340826 82.337784 2.053330 -0.394046 -0.805563 0.442488 0.500000 0.328125 2 6 0.500000 7 0.500000
hwn2024_triboniophorus
  6 2.340826 82.337784 2.053330 -0.394046 -0.805563 0.442488 0.500000 0.328125 2 6 0.500000 7 0.500000
  6 2.388672 82.405869 2.156102 -0.254609 -0.687467 0.680120 0.496094 0.335938 2 6 0.500000 7 0.500000
  6 2.297235 82.452660 2.144812 -0.561593 -0.533217 0.632687 0.488281 0.335938 2 6 0.500000 7 0.500000
hwn2024_triboniophorus
  6 2.340826 82.337784 2.053330 -0.394046 -0.805563 0.442488 0.500000 0.328125 2 6 0.500000 7 0.500000
  6 2.297235 82.452660 2.144812 -0.561593 -0.533217 0.632687 0.488281 0.335938 2 6 0.500000 7 0.500000
  6 2.238541 82.396507 2.008534 -0.697658 -0.648632 0.304219 0.488281 0.320312 2 6 0.500000 7 0.500000
hwn2024_triboniophorus
  6 2.238541 82.396507 2.008534 -0.697658 -0.648632 0.304219 0.488281 0.320312 2 6 0.500000 7 0.500000
  6 2.297235 82.452660 2.144812 -0.561593 -0.533217 0.632687 0.488281 0.335938 2 6 0.500000 7 0.500000
  6 2.219522 82.496635 2.082184 -0.801378 -0.374611 0.466326 0.480469 0.328125 2 6 0.500000 7 0.500000
hwn2024_triboniophorus
  6 2.125732 82.492203 1.754584 -0.843410 -0.529797 0.089298 0.476562 0.289062 2 6 0.500000 7 0.500000
  6 2.325579 82.317291 1.806893 -0.328328 -0.929802 -0.166341 0.507812 0.304688 2 6 0.500000 7 0.500000
  6 2.183296 82.434830 1.905816 -0.801407 -0.581410 0.140392 0.484375 0.308594 2 6 0.500000 7 0.500000
hwn2024_triboniophorus
  6 2.325579 82.317291 1.806893 -0.328328 -0.929802 -0.166341 0.507812 0.304688 2 6 0.500000 7 0.500000
  6 2.238541 82.396507 2.008534 -0.697658 -0.648632 0.304219 0.488281 0.320312 2 6 0.500000 7 0.500000
  6 2.183296 82.434830 1.905816 -0.801407 -0.581410 0.140392 0.484375 0.308594 2 6 0.500000 7 0.500000
hwn2024_triboniophorus
  6 2.325579 82.317291 1.806893 -0.328328 -0.929802 -0.166341 0.507812 0.304688 2 6 0.500000 7 0.500000
  6 2.371595 82.289680 1.921855 -0.249134 -0.968435 -0.008122 0.507812 0.316406 2 6 0.500000 7 0.500000
  6 2.238541 82.396507 2.008534 -0.697658 -0.648632 0.304219 0.488281 0.320312 2 6 0.500000 7 0.500000
hwn2024_triboniophorus
  6 2.238541 82.396507 2.008534 -0.697658 -0.648632 0.304219 0.488281 0.320312 2 6 0.500000 7 0.500000
  6 2.371595 82.289680 1.921855 -0.249134 -0.968435 -0.008122 0.507812 0.316406 2 6 0.500000 7 0.500000
  6 2.340826 82.337784 2.053330 -0.394046 -0.805563 0.442488 0.500000 0.328125 2 6 0.500000 7 0.500000
hwn2024_triboniophorus
  6 2.371595 82.289680 1.921855 -0.249134 -0.968435 -0.008122 0.507812 0.316406 2 6 0.500000 7 0.500000
  6 2.421232 82.303001 2.022313 -0.062459 -0.925466 0.373646 0.507812 0.328125 2 6 0.500000 7 0.500000
  6 2.340826 82.337784 2.053330 -0.394046 -0.805563 0.442488 0.500000 0.328125 2 6 0.500000 7 0.500000
hwn2024_triboniophorus
  6 2.238541 82.396507 2.008534 -0.697658 -0.648632 0.304219 0.488281 0.320312 2 6 0.500000 7 0.500000
  6 2.219522 82.496635 2.082184 -0.801378 -0.374611 0.466326 0.480469 0.328125 2 6 0.500000 7 0.500000
  6 2.156546 82.546295 1.971354 -0.924594 -0.245056 0.291673 0.472656 0.320312 2 6 0.500000 7 0.500000
hwn2024_triboniophorus
  6 2.238541 82.396507 2.008534 -0.697658 -0.648632 0.304219 0.488281 0.320312 2 6 0.500000 7 0.500000
  6 2.156546 82.546295 1.971354 -0.924594 -0.245056 0.291673 0.472656 0.320312 2 6 0.500000 7 0.500000
  6 2.183296 82.434830 1.905816 -0.801407 -0.581410 0.140392 0.484375 0.308594 2 6 0.500000 7 0.500000
hwn2024_triboniophorus
  6 2.183296 82.434830 1.905816 -0.801407 -0.581410 0.140392 0.484375 0.308594 2 6 0.500000 7 0.500000
  6 2.156546 82.546295 1.971354 -0.924594 -0.245056 0.291673 0.472656 0.320312 2 6 0.500000 7 0.500000
  6 2.105135 82.605461 1.810224 -0.966989 -0.125377 0.221841 0.457031 0.296875 2 6 0.500000 7 0.500000
hwn2024_triboniophorus
  6 2.183296 82.434830 1.905816 -0.801407 -0.581410 0.140392 0.484375 0.308594 2 6 0.500000 7 0.500000
  6 2.105135 82.605461 1.810224 -0.966989 -0.125377 0.221841 0.457031 0.296875 2 6 0.500000 7 0.500000
  6 2.125732 82.492203 1.754584 -0.843410 -0.529797 0.089298 0.476562 0.289062 2 6 0.500000 7 0.500000
hwn2024_triboniophorus
  6 2.125732 82.492203 1.754584 -0.843410 -0.529797 0.089298 0.476562 0.289062 2 6 0.500000 7 0.500000
  6 2.105135 82.605461 1.810224 -0.966989 -0.125377 0.221841 0.457031 0.296875 2 6 0.500000 7 0.500000
  6 2.043428 82.679688 1.570105 -0.967611 -0.036340 0.249816 0.441406 0.253906 2 6 0.500000 7 0.500000
hwn2024_triboniophorus
  6 2.125732 82.492203 1.754584 -0.843410 -0.529797 0.089298 0.476562 0.289062 2 6 0.500000 7 0.500000
  6 2.043428 82.679688 1.570105 -0.967611 -0.036340 0.249816 0.441406 0.253906 2 6 0.500000 7 0.500000
  6 2.051645 82.573036 1.520581 -0.863313 -0.496058 0.092833 0.468750 0.246094 2 6 0.500000 7 0.500000
hwn2024_triboniophorus
  6 1.946047 82.776268 1.225833 -0.967611 -0.036340 0.249816 0.441406 0.167969 2 6 0.500000 7 0.500000
  6 2.051645 82.573036 1.520581 -0.863313 -0.496058 0.092833 0.468750 0.246094 2 6 0.500000 7 0.500000
  6 2.043428 82.679688 1.570105 -0.967611 -0.036340 0.249816 0.441406 0.253906 2 6 0.500000 7 0.500000
hwn2024_triboniophorus
  6 1.946047 82.776268 1.225833 -0.967611 -0.036340 0.249816 0.441406 0.167969 2 6 0.500000 7 0.500000
  6 1.950104 82.683655 1.187907 -0.863313 -0.496058 0.092833 0.464844 0.171875 2 6 0.500000 7 0.500000
  6 2.051645 82.573036 1.520581 -0.863313 -0.496058 0.092833 0.468750 0.246094 2 6 0.500000 7 0.500000
hwn2024_triboniophorus
  6 1.946047 82.776268 1.225833 -0.967611 -0.036340 0.249816 0.441406 0.167969 2 6 0.500000 7 0.500000
  6 1.811825 82.870811 0.769948 -0.917762 -0.379428 0.117247 0.457031 0.066406 2 6 0.500000 7 0.500000
  6 1.950104 82.683655 1.187907 -0.863313 -0.496058 0.092833 0.464844 0.171875 2 6 0.500000 7 0.500000
hwn2024_triboniophorus
  6 1.950104 82.683655 1.187907 -0.863313 -0.496058 0.092833 0.464844 0.171875 2 6 0.500000 7 0.500000
  6 1.811825 82.870811 0.769948 -0.917762 -0.379428 0.117247 0.457031 0.066406 2 6 0.500000 7 0.500000
  6 1.921604 82.767014 0.686870 -0.367075 -0.873711 -0.319193 0.503906 0.066406 2 6 0.500000 7 0.500000
hwn2024_triboniophorus
  6 1.950104 82.683655 1.187907 -0.863313 -0.496058 0.092833 0.464844 0.171875 2 6 0.500000 7 0.500000
  6 1.921604 82.767014 0.686870 -0.367075 -0.873711 -0.319193 0.503906 0.066406 2 6 0.500000 7 0.500000
  6 2.068718 82.582596 1.105094 -0.344459 -0.903461 -0.255159 0.503906 0.171875 2 6 0.500000 7 0.500000
hwn2024_triboniophorus
  6 2.235119 82.612190 1.056401 0.364738 -0.800965 -0.474785 0.546875 0.171875 2 6 0.500000 7 0.500000
  6 2.068718 82.582596 1.105094 -0.344459 -0.903461 -0.255159 0.503906 0.171875 2 6 0.500000 7 0.500000
  6 1.921604 82.767014 0.686870 -0.367075 -0.873711 -0.319193 0.503906 0.066406 2 6 0.500000 7 0.500000
hwn2024_triboniophorus
  6 2.185831 82.457985 1.427199 -0.347529 -0.914454 -0.207360 0.507812 0.242188 2 6 0.500000 7 0.500000
  6 2.068718 82.582596 1.105094 -0.344459 -0.903461 -0.255159 0.503906 0.171875 2 6 0.500000 7 0.500000
  6 2.235119 82.612190 1.056401 0.364738 -0.800965 -0.474785 0.546875 0.171875 2 6 0.500000 7 0.500000
hwn2024_triboniophorus
  6 2.185831 82.457985 1.427199 -0.347529 -0.914454 -0.207360 0.507812 0.242188 2 6 0.500000 7 0.500000
  6 2.235119 82.612190 1.056401 0.364738 -0.800965 -0.474785 0.546875 0.171875 2 6 0.500000 7 0.500000
  6 2.374880 82.491684 1.371295 0.364738 -0.800965 -0.474785 0.546875 0.246094 2 6 0.500000 7 0.500000
hwn2024_triboniophorus
  6 2.374880 82.491684 1.371295 0.364738 -0.800965 -0.474785 0.546875 0.246094 2 6 0.500000 7 0.500000
  6 2.269127 82.371994 1.654717 -0.347529 -0.914454 -0.207360 0.507812 0.285156 2 6 0.500000 7 0.500000
  6 2.185831 82.457985 1.427199 -0.347529 -0.914454 -0.207360 0.507812 0.242188 2 6 0.500000 7 0.500000
hwn2024_triboniophorus
  6 2.374880 82.491684 1.371295 0.364738 -0.800965 -0.474785 0.546875 0.246094 2 6 0.500000 7 0.500000
  6 2.470179 82.405342 1.595481 0.334122 -0.825697 -0.454518 0.535156 0.289062 2 6 0.500000 7 0.500000
  6 2.269127 82.371994 1.654717 -0.347529 -0.914454 -0.207360 0.507812 0.285156 2 6 0.500000 7 0.500000
hwn2024_triboniophorus
  6 2.470179 82.405342 1.595481 0.334122 -0.825697 -0.454518 0.535156 0.289062 2 6 0.500000 7 0.500000
  6 2.325579 82.317291 1.806893 -0.328328 -0.929802 -0.166341 0.507812 0.304688 2 6 0.500000 7 0.500000
  6 2.269127 82.371994 1.654717 -0.347529 -0.914454 -0.207360 0.507812 0.285156 2 6 0.500000 7 0.500000
hwn2024_triboniophorus
  6 2.125732 82.492203 1.754584 -0.843410 -0.529797 0.089298 0.476562 0.289062 2 6 0.500000 7 0.500000
  6 2.269127 82.371994 1.654717 -0.347529 -0.914454 -0.207360 0.507812 0.285156 2 6 0.500000 7 0.500000
  6 2.325579 82.317291 1.806893 -0.328328 -0.929802 -0.166341 0.507812 0.304688 2 6 0.500000 7 0.500000
hwn2024_triboniophorus
  6 2.185831 82.457985 1.427199 -0.347529 -0.914454 -0.207360 0.507812 0.242188 2 6 0.500000 7 0.500000
  6 1.950104 82.683655 1.187907 -0.863313 -0.496058 0.092833 0.464844 0.171875 2 6 0.500000 7 0.500000
  6 2.068718 82.582596 1.105094 -0.344459 -0.903461 -0.255159 0.503906 0.171875 2 6 0.500000 7 0.500000
hwn2024_triboniophorus
  6 2.185831 82.457985 1.427199 -0.347529 -0.914454 -0.207360 0.507812 0.242188 2 6 0.500000 7 0.500000
  6 2.051645 82.573036 1.520581 -0.863313 -0.496058 0.092833 0.468750 0.246094 2 6 0.500000 7 0.500000
  6 1.950104 82.683655 1.187907 -0.863313 -0.496058 0.092833 0.464844 0.171875 2 6 0.500000 7 0.500000
hwn2024_triboniophorus
  6 2.051645 82.573036 1.520581 -0.863313 -0.496058 0.092833 0.468750 0.246094 2 6 0.500000 7 0.500000
  6 2.185831 82.457985 1.427199 -0.347529 -0.914454 -0.207360 0.507812 0.242188 2 6 0.500000 7 0.500000
  6 2.269127 82.371994 1.654717 -0.347529 -0.914454 -0.207360 0.507812 0.285156 2 6 0.500000 7 0.500000
hwn2024_triboniophorus
  6 2.051645 82.573036 1.520581 -0.863313 -0.496058 0.092833 0.468750 0.246094 2 6 0.500000 7 0.500000
  6 2.269127 82.371994 1.654717 -0.347529 -0.914454 -0.207360 0.507812 0.285156 2 6 0.500000 7 0.500000
  6 2.125732 82.492203 1.754584 -0.843410 -0.529797 0.089298 0.476562 0.289062 2 6 0.500000 7 0.500000
hwn2024_triboniophorus
  6 2.388672 82.405869 2.156102 -0.254609 -0.687467 0.680120 0.496094 0.335938 2 6 0.500000 7 0.500000
  6 2.441496 82.515137 2.261632 -0.138135 -0.485466 0.863274 0.496094 0.351562 2 6 0.500000 7 0.500000
  6 2.324823 82.564323 2.241450 -0.494920 -0.326814 0.805138 0.484375 0.347656 2 6 0.500000 7 0.500000
hwn2024_triboniophorus
  6 2.388672 82.405869 2.156102 -0.254609 -0.687467 0.680120 0.496094 0.335938 2 6 0.500000 7 0.500000
  6 2.324823 82.564323 2.241450 -0.494920 -0.326814 0.805138 0.484375 0.347656 2 6 0.500000 7 0.500000
  6 2.297235 82.452660 2.144812 -0.561593 -0.533217 0.632687 0.488281 0.335938 2 6 0.500000 7 0.500000
hwn2024_triboniophorus
  6 2.297235 82.452660 2.144812 -0.561593 -0.533217 0.632687 0.488281 0.335938 2 6 0.500000 7 0.500000
  6 2.324823 82.564323 2.241450 -0.494920 -0.326814 0.805138 0.484375 0.347656 2 6 0.500000 7 0.500000
  6 2.226004 82.618790 2.167721 -0.785562 -0.149791 0.600379 0.472656 0.343750 2 6 0.500000 7 0.500000
hwn2024_triboniophorus
  6 2.297235 82.452660 2.144812 -0.561593 -0.533217 0.632687 0.488281 0.335938 2 6 0.500000 7 0.500000
  6 2.226004 82.618790 2.167721 -0.785562 -0.149791 0.600379 0.472656 0.343750 2 6 0.500000 7 0.500000
  6 2.219522 82.496635 2.082184 -0.801378 -0.374611 0.466326 0.480469 0.328125 2 6 0.500000 7 0.500000
hwn2024_triboniophorus
  6 2.219522 82.496635 2.082184 -0.801378 -0.374611 0.466326 0.480469 0.328125 2 6 0.500000 7 0.500000
  6 2.226004 82.618790 2.167721 -0.785562 -0.149791 0.600379 0.472656 0.343750 2 6 0.500000 7 0.500000
  6 2.156500 82.677223 2.041268 -0.939855 -0.011709 0.341373 0.460938 0.332031 2 6 0.500000 7 0.500000
hwn2024_triboniophorus
  6 2.219522 82.496635 2.082184 -0.801378 -0.374611 0.466326 0.480469 0.328125 2 6 0.500000 7 0.500000
  6 2.156500 82.677223 2.041268 -0.939855 -0.011709 0.341373 0.460938 0.332031 2 6 0.500000 7 0.500000
  6 2.156546 82.546295 1.971354 -0.924594 -0.245056 0.291673 0.472656 0.320312 2 6 0.500000 7 0.500000
hwn2024_triboniophorus
  6 2.156546 82.546295 1.971354 -0.924594 -0.245056 0.291673 0.472656 0.320312 2 6 0.500000 7 0.500000
  6 2.156500 82.677223 2.041268 -0.939855 -0.011709 0.341373 0.460938 0.332031 2 6 0.500000 7 0.500000
  6 2.119436 82.735710 1.870259 -0.953539 0.231686 0.192575 0.441406 0.312500 2 6 0.500000 7 0.500000
hwn2024_triboniophorus
  6 2.156546 82.546295 1.971354 -0.924594 -0.245056 0.291673 0.472656 0.320312 2 6 0.500000 7 0.500000
  6 2.119436 82.735710 1.870259 -0.953539 0.231686 0.192575 0.441406 0.312500 2 6 0.500000 7 0.500000
  6 2.105135 82.605461 1.810224 -0.966989 -0.125377 0.221841 0.457031 0.296875 2 6 0.500000 7 0.500000
hwn2024_triboniophorus
  6 2.105135 82.605461 1.810224 -0.966989 -0.125377 0.221841 0.457031 0.296875 2 6 0.500000 7 0.500000
  6 2.119436 82.735710 1.870259 -0.953539 0.231686 0.192575 0.441406 0.312500 2 6 0.500000 7 0.500000
  6 2.077969 82.769150 1.637662 -0.869721 0.414429 0.268018 0.421875 0.269531 2 6 0.500000 7 0.500000
hwn2024_triboniophorus
  6 2.105135 82.605461 1.810224 -0.966989 -0.125377 0.221841 0.457031 0.296875 2 6 0.500000 7 0.500000
  6 2.077969 82.769150 1.637662 -0.869721 0.414429 0.268018 0.421875 0.269531 2 6 0.500000 7 0.500000
  6 2.043428 82.679688 1.570105 -0.967611 -0.036340 0.249816 0.441406 0.253906 2 6 0.500000 7 0.500000
hwn2024_triboniophorus
  6 1.967606 82.859428 1.251837 -0.829965 0.423703 0.362815 0.417969 0.167969 2 6 0.500000 7 0.500000
  6 2.043428 82.679688 1.570105 -0.967611 -0.036340 0.249816 0.441406 0.253906 2 6 0.500000 7 0.500000
  6 2.077969 82.769150 1.637662 -0.869721 0.414429 0.268018 0.421875 0.269531 2 6 0.500000 7 0.500000
hwn2024_triboniophorus
  6 1.967606 82.859428 1.251837 -0.829965 0.423703 0.362815 0.417969 0.167969 2 6 0.500000 7 0.500000
  6 1.946047 82.776268 1.225833 -0.967611 -0.036340 0.249816 0.441406 0.167969 2 6 0.500000 7 0.500000
  6 2.043428 82.679688 1.570105 -0.967611 -0.036340 0.249816 0.441406 0.253906 2 6 0.500000 7 0.500000
hwn2024_triboniophorus
  6 1.831755 82.996872 0.816517 -0.854191 0.321496 0.408654 0.421875 0.058594 2 6 0.500000 7 0.500000
  6 1.946047 82.776268 1.225833 -0.967611 -0.036340 0.249816 0.441406 0.167969 2 6 0.500000 7 0.500000
  6 1.967606 82.859428 1.251837 -0.829965 0.423703 0.362815 0.417969 0.167969 2 6 0.500000 7 0.500000
hwn2024_triboniophorus
  6 1.831755 82.996872 0.816517 -0.854191 0.321496 0.408654 0.421875 0.058594 2 6 0.500000 7 0.500000
  6 1.811825 82.870811 0.769948 -0.917762 -0.379428 0.117247 0.457031 0.066406 2 6 0.500000 7 0.500000
  6 1.946047 82.776268 1.225833 -0.967611 -0.036340 0.249816 0.441406 0.167969 2 6 0.500000 7 0.500000
hwn2024_triboniophorus
  6 1.831755 82.996872 0.816517 -0.854191 0.321496 0.408654 0.421875 0.058594 2 6 0.500000 7 0.500000
  6 1.739996 82.973297 0.544520 -0.917762 -0.379428 0.117247 0.457031 0.015625 2 6 0.500000 7 0.500000
  6 1.811825 82.870811 0.769948 -0.917762 -0.379428 0.117247 0.457031 0.066406 2 6 0.500000 7 0.500000
hwn2024_triboniophorus
  6 1.811825 82.870811 0.769948 -0.917762 -0.379428 0.117247 0.457031 0.066406 2 6 0.500000 7 0.500000
  6 1.739996 82.973297 0.544520 -0.917762 -0.379428 0.117247 0.457031 0.015625 2 6 0.500000 7 0.500000
  6 1.850336 82.884125 0.467511 -0.367075 -0.873711 -0.319193 0.503906 0.015625 2 6 0.500000 7 0.500000
hwn2024_triboniophorus
  6 1.811825 82.870811 0.769948 -0.917762 -0.379428 0.117247 0.457031 0.066406 2 6 0.500000 7 0.500000
  6 1.850336 82.884125 0.467511 -0.367075 -0.873711 -0.319193 0.503906 0.015625 2 6 0.500000 7 0.500000
  6 1.921604 82.767014 0.686870 -0.367075 -0.873711 -0.319193 0.503906 0.066406 2 6 0.500000 7 0.500000
hwn2024_triboniophorus
  6 2.085482 82.801903 0.643565 0.460219 -0.726913 -0.509702 0.550781 0.066406 2 6 0.500000 7 0.500000
  6 1.921604 82.767014 0.686870 -0.367075 -0.873711 -0.319193 0.503906 0.066406 2 6 0.500000 7 0.500000
  6 1.850336 82.884125 0.467511 -0.367075 -0.873711 -0.319193 0.503906 0.015625 2 6 0.500000 7 0.500000
hwn2024_triboniophorus
  6 1.831755 82.996872 0.816517 -0.854191 0.321496 0.408654 0.421875 0.058594 2 6 0.500000 7 0.500000
  6 1.752563 83.102539 0.594701 -0.854191 0.321496 0.408654 0.421875 0.015625 2 6 0.500000 7 0.500000
  6 1.739996 82.973297 0.544520 -0.917762 -0.379428 0.117247 0.457031 0.015625 2 6 0.500000 7 0.500000
hwn2024_triboniophorus
  6 2.156500 82.677223 2.041268 -0.939855 -0.011709 0.341373 0.460938 0.332031 2 6 0.500000 7 0.500000
  6 2.188690 82.880241 1.962184 -0.893704 0.426857 0.138154 0.429688 0.343750 2 6 0.500000 7 0.500000
  6 2.119436 82.735710 1.870259 -0.953539 0.231686 0.192575 0.441406 0.312500 2 6 0.500000 7 0.500000
hwn2024_triboniophorus
  6 2.156500 82.677223 2.041268 -0.939855 -0.011709 0.341373 0.460938 0.332031 2 6 0.500000 7 0.500000
  6 2.210922 82.830376 2.108399 -0.868087 0.244688 0.431917 0.449219 0.355469 2 6 0.500000 7 0.500000
  6 2.188690 82.880241 1.962184 -0.893704 0.426857 0.138154 0.429688 0.343750 2 6 0.500000 7 0.500000
hwn2024_triboniophorus
  6 2.226004 82.618790 2.167721 -0.785562 -0.149791 0.600379 0.472656 0.343750 2 6 0.500000 7 0.500000
  6 2.210922 82.830376 2.108399 -0.868087 0.244688 0.431917 0.449219 0.355469 2 6 0.500000 7 0.500000
  6 2.156500 82.677223 2.041268 -0.939855 -0.011709 0.341373 0.460938 0.332031 2 6 0.500000 7 0.500000
hwn2024_triboniophorus
  6 2.226004 82.618790 2.167721 -0.785562 -0.149791 0.600379 0.472656 0.343750 2 6 0.500000 7 0.500000
  6 2.278418 82.772514 2.225657 -0.714555 0.077101 0.695318 0.464844 0.359375 2 6 0.500000 7 0.500000
  6 2.210922 82.830376 2.108399 -0.868087 0.244688 0.431917 0.449219 0.355469 2 6 0.500000 7 0.500000
hwn2024_triboniophorus
  6 2.324823 82.564323 2.241450 -0.494920 -0.326814 0.805138 0.484375 0.347656 2 6 0.500000 7 0.500000
  6 2.278418 82.772514 2.225657 -0.714555 0.077101 0.695318 0.464844 0.359375 2 6 0.500000 7 0.500000
  6 2.226004 82.618790 2.167721 -0.785562 -0.149791 0.600379 0.472656 0.343750 2 6 0.500000 7 0.500000
hwn2024_triboniophorus
  6 2.324823 82.564323 2.241450 -0.494920 -0.326814 0.805138 0.484375 0.347656 2 6 0.500000 7 0.500000
  6 2.378469 82.714737 2.298482 -0.432106 -0.091119 0.897208 0.480469 0.363281 2 6 0.500000 7 0.500000
  6 2.278418 82.772514 2.225657 -0.714555 0.077101 0.695318 0.464844 0.359375 2 6 0.500000 7 0.500000
hwn2024_triboniophorus
  6 2.441496 82.515137 2.261632 -0.138135 -0.485466 0.863274 0.496094 0.351562 2 6 0.500000 7 0.500000
  6 2.378469 82.714737 2.298482 -0.432106 -0.091119 0.897208 0.480469 0.363281 2 6 0.500000 7 0.500000
  6 2.324823 82.564323 2.241450 -0.494920 -0.326814 0.805138 0.484375 0.347656 2 6 0.500000 7 0.500000
hwn2024_triboniophorus
  6 2.441496 82.515137 2.261632 -0.138135 -0.485466 0.863274 0.496094 0.351562 2 6 0.500000 7 0.500000
  6 2.499580 82.662888 2.318951 -0.039418 -0.273447 0.961079 0.492188 0.363281 2 6 0.500000 7 0.500000
  6 2.378469 82.714737 2.298482 -0.432106 -0.091119 0.897208 0.480469 0.363281 2 6 0.500000 7 0.500000
hwn2024_triboniophorus
  6 1.752563 83.102539 0.594701 -0.854191 0.321496 0.408654 0.421875 0.015625 2 6 0.500000 7 0.500000
  6 1.852287 83.018105 0.820457 -0.642870 0.615914 0.455376 0.410156 0.054688 2 6 0.500000 7 0.500000
  6 1.772198 83.126137 0.594549 -0.665099 0.553588 0.501182 0.410156 0.015625 2 6 0.500000 7 0.500000
hwn2024_triboniophorus
  6 1.752563 83.102539 0.594701 -0.854191 0.321496 0.408654 0.421875 0.015625 2 6 0.500000 7 0.500000
  6 1.831755 82.996872 0.816517 -0.854191 0.321496 0.408654 0.421875 0.058594 2 6 0.500000 7 0.500000
  6 1.852287 83.018105 0.820457 -0.642870 0.615914 0.455376 0.410156 0.054688 2 6 0.500000 7 0.500000
hwn2024_triboniophorus
  6 1.852287 83.018105 0.820457 -0.642870 0.615914 0.455376 0.410156 0.054688 2 6 0.500000 7 0.500000
  6 1.831755 82.996872 0.816517 -0.854191 0.321496 0.408654 0.421875 0.058594 2 6 0.500000 7 0.500000
  6 1.967606 82.859428 1.251837 -0.829965 0.423703 0.362815 0.417969 0.167969 2 6 0.500000 7 0.500000
hwn2024_triboniophorus
  6 1.852287 83.018105 0.820457 -0.642870 0.615914 0.455376 0.410156 0.054688 2 6 0.500000 7 0.500000
  6 1.967606 82.859428 1.251837 -0.829965 0.423703 0.362815 0.417969 0.167969 2 6 0.500000 7 0.500000
  6 1.998447 82.881615 1.254609 -0.611296 0.699034 0.371037 0.410156 0.167969 2 6 0.500000 7 0.500000
hwn2024_triboniophorus
  6 2.103468 82.800682 1.620650 -0.656386 0.704935 0.268744 0.410156 0.265625 2 6 0.500000 7 0.500000
  6 1.998447 82.881615 1.254609 -0.611296 0.699034 0.371037 0.410156 0.167969 2 6 0.500000 7 0.500000
  6 1.967606 82.859428 1.251837 -0.829965 0.423703 0.362815 0.417969 0.167969 2 6 0.500000 7 0.500000
hwn2024_triboniophorus
  6 2.103468 82.800682 1.620650 -0.656386 0.704935 0.268744 0.410156 0.265625 2 6 0.500000 7 0.500000
  6 1.967606 82.859428 1.251837 -0.829965 0.423703 0.362815 0.417969 0.167969 2 6 0.500000 7 0.500000
  6 2.077969 82.769150 1.637662 -0.869721 0.414429 0.268018 0.421875 0.269531 2 6 0.500000 7 0.500000
hwn2024_triboniophorus
  6 2.152063 82.821587 1.734772 -0.798480 0.586279 0.136775 0.410156 0.296875 2 6 0.500000 7 0.500000
  6 2.103468 82.800682 1.620650 -0.656386 0.704935 0.268744 0.410156 0.265625 2 6 0.500000 7 0.500000
  6 2.077969 82.769150 1.637662 -0.869721 0.414429 0.268018 0.421875 0.269531 2 6 0.500000 7 0.500000
hwn2024_triboniophorus
  6 2.077969 82.769150 1.637662 -0.869721 0.414429 0.268018 0.421875 0.269531 2 6 0.500000 7 0.500000
  6 2.119436 82.735710 1.870259 -0.953539 0.231686 0.192575 0.441406 0.312500 2 6 0.500000 7 0.500000
  6 2.152063 82.821587 1.734772 -0.798480 0.586279 0.136775 0.410156 0.296875 2 6 0.500000 7 0.500000
hwn2024_triboniophorus
  6 2.119436 82.735710 1.870259 -0.953539 0.231686 0.192575 0.441406 0.312500 2 6 0.500000 7 0.500000
  6 2.216810 82.909706 1.823772 -0.862846 0.504969 -0.022438 0.410156 0.332031 2 6 0.500000 7 0.500000
  6 2.152063 82.821587 1.734772 -0.798480 0.586279 0.136775 0.410156 0.296875 2 6 0.500000 7 0.500000
hwn2024_triboniophorus
  6 2.119436 82.735710 1.870259 -0.953539 0.231686 0.192575 0.441406 0.312500 2 6 0.500000 7 0.500000
  6 2.188690 82.880241 1.962184 -0.893704 0.426857 0.138154 0.429688 0.343750 2 6 0.500000 7 0.500000
  6 2.216810 82.909706 1.823772 -0.862846 0.504969 -0.022438 0.410156 0.332031 2 6 0.500000 7 0.500000
hwn2024_triboniophorus
  6 2.188690 82.880241 1.962184 -0.893704 0.426857 0.138154 0.429688 0.343750 2 6 0.500000 7 0.500000
  6 2.311522 83.074104 1.926050 -0.848593 0.523719 -0.074884 0.410156 0.382812 2 6 0.500000 7 0.500000
  6 2.216810 82.909706 1.823772 -0.862846 0.504969 -0.022438 0.410156 0.332031 2 6 0.500000 7 0.500000
hwn2024_triboniophorus
  6 2.188690 82.880241 1.962184 -0.893704 0.426857 0.138154 0.429688 0.343750 2 6 0.500000 7 0.500000
  6 2.283783 83.050171 2.047221 -0.893704 0.426857 0.138154 0.425781 0.382812 2 6 0.500000 7 0.500000
  6 2.311522 83.074104 1.926050 -0.848593 0.523719 -0.074884 0.410156 0.382812 2 6 0.500000 7 0.500000
hwn2024_triboniophorus
  6 2.210922 82.830376 2.108399 -0.868087 0.244688 0.431917 0.449219 0.355469 2 6 0.500000 7 0.500000
  6 2.283783 83.050171 2.047221 -0.893704 0.426857 0.138154 0.425781 0.382812 2 6 0.500000 7 0.500000
  6 2.188690 82.880241 1.962184 -0.893704 0.426857 0.138154 0.429688 0.343750 2 6 0.500000 7 0.500000
hwn2024_triboniophorus
  6 2.210922 82.830376 2.108399 -0.868087 0.244688 0.431917 0.449219 0.355469 2 6 0.500000 7 0.500000
  6 2.303946 83.006493 2.167244 -0.854191 0.321496 0.408654 0.441406 0.382812 2 6 0.500000 7 0.500000
  6 2.283783 83.050171 2.047221 -0.893704 0.426857 0.138154 0.425781 0.382812 2 6 0.500000 7 0.500000
hwn2024_triboniophorus
  6 2.278418 82.772514 2.225657 -0.714555 0.077101 0.695318 0.464844 0.359375 2 6 0.500000 7 0.500000
  6 2.303946 83.006493 2.167244 -0.854191 0.321496 0.408654 0.441406 0.382812 2 6 0.500000 7 0.500000
  6 2.210922 82.830376 2.108399 -0.868087 0.244688 0.431917 0.449219 0.355469 2 6 0.500000 7 0.500000
hwn2024_triboniophorus
  6 2.278418 82.772514 2.225657 -0.714555 0.077101 0.695318 0.464844 0.359375 2 6 0.500000 7 0.500000
  6 2.364151 82.954224 2.268385 -0.682169 0.152054 0.715210 0.460938 0.382812 2 6 0.500000 7 0.500000
  6 2.303946 83.006493 2.167244 -0.854191 0.321496 0.408654 0.441406 0.382812 2 6 0.500000 7 0.500000
hwn2024_triboniophorus
  6 2.378469 82.714737 2.298482 -0.432106 -0.091119 0.897208 0.480469 0.363281 2 6 0.500000 7 0.500000
  6 2.364151 82.954224 2.268385 -0.682169 0.152054 0.715210 0.460938 0.382812 2 6 0.500000 7 0.500000
  6 2.278418 82.772514 2.225657 -0.714555 0.077101 0.695318 0.464844 0.359375 2 6 0.500000 7 0.500000
hwn2024_triboniophorus
  6 2.378469 82.714737 2.298482 -0.432106 -0.091119 0.897208 0.480469 0.363281 2 6 0.500000 7 0.500000
  6 2.456387 82.899040 2.334481 -0.387338 -0.015189 0.921813 0.476562 0.382812 2 6 0.500000 7 0.500000
  6 2.364151 82.954224 2.268385 -0.682169 0.152054 0.715210 0.460938 0.382812 2 6 0.500000 7 0.500000
hwn2024_triboniophorus
  6 2.569929 82.850258 2.351822 0.004589 -0.144972 0.989425 0.492188 0.382812 2 6 0.500000 7 0.500000
  6 2.456387 82.899040 2.334481 -0.387338 -0.015189 0.921813 0.476562 0.382812 2 6 0.500000 7 0.500000
  6 2.378469 82.714737 2.298482 -0.432106 -0.091119 0.897208 0.480469 0.363281 2 6 0.500000 7 0.500000
hwn2024_triboniophorus
  6 2.569929 82.850258 2.351822 0.004589 -0.144972 0.989425 0.492188 0.382812 2 6 0.500000 7 0.500000
  6 2.378469 82.714737 2.298482 -0.432106 -0.091119 0.897208 0.480469 0.363281 2 6 0.500000 7 0.500000
  6 2.499580 82.662888 2.318951 -0.039418 -0.273447 0.961079 0.492188 0.363281 2 6 0.500000 7 0.500000
hwn2024_triboniophorus
  6 2.688105 82.813583 2.321593 0.367870 -0.259649 0.892891 0.507812 0.382812 2 6 0.500000 7 0.500000
  6 2.569929 82.850258 2.351822 0.004589 -0.144972 0.989425 0.492188 0.382812 2 6 0.500000 7 0.500000
  6 2.499580 82.662888 2.318951 -0.039418 -0.273447 0.961079 0.492188 0.363281 2 6 0.500000 7 0.500000
hwn2024_triboniophorus
  6 2.620090 82.855293 1.856753 0.385373 0.908881 0.159444 0.642684 0.368672 2 6 0.500000 7 0.500000
  6 2.559189 82.852219 2.021443 0.338057 0.899255 0.277593 0.656250 0.394531 2 6 0.500000 7 0.500000
  6 2.668749 82.826607 1.892525 0.421144 0.888664 0.181421 0.634454 0.376247 2 6 0.500000 7 0.500000
hwn2024_triboniophorus
  6 2.668749 82.826607 1.892525 0.421144 0.888664 0.181421 0.634454 0.376247 2 6 0.500000 7 0.500000
  6 2.559189 82.852219 2.021443 0.338057 0.899255 0.277593 0.656250 0.394531 2 6 0.500000 7 0.500000
  6 2.700130 82.798897 1.946459 0.443977 0.865285 0.232737 0.629442 0.386510 2 6 0.500000 7 0.500000
hwn2024_triboniophorus
  6 2.700130 82.798897 1.946459 0.443977 0.865285 0.232737 0.629442 0.386510 2 6 0.500000 7 0.500000
  6 2.559189 82.852219 2.021443 0.338057 0.899255 0.277593 0.656250 0.394531 2 6 0.500000 7 0.500000
  6 2.709669 82.776802 2.010422 0.471134 0.842587 0.260923 0.628409 0.397894 2 6 0.500000 7 0.500000
hwn2024_triboniophorus
  6 2.559189 82.852219 2.021443 0.338057 0.899255 0.277593 0.656250 0.394531 2 6 0.500000 7 0.500000
  6 2.695564 82.763733 2.073811 0.411232 0.858859 0.305368 0.631541 0.408524 2 6 0.500000 7 0.500000
  6 2.709669 82.776802 2.010422 0.471134 0.842587 0.260923 0.628409 0.397894 2 6 0.500000 7 0.500000
hwn2024_triboniophorus
  6 2.559189 82.852219 2.021443 0.338057 0.899255 0.277593 0.656250 0.394531 2 6 0.500000 7 0.500000
  6 2.658203 82.762039 2.126725 0.411232 0.858859 0.305368 0.638641 0.416715 2 6 0.500000 7 0.500000
  6 2.695564 82.763733 2.073811 0.411232 0.858859 0.305368 0.631541 0.408524 2 6 0.500000 7 0.500000
hwn2024_triboniophorus
  6 2.559189 82.852219 2.021443 0.338057 0.899255 0.277593 0.656250 0.394531 2 6 0.500000 7 0.500000
  6 2.605095 82.771484 2.165082 0.377786 0.853472 0.358974 0.648438 0.421875 2 6 0.500000 7 0.500000
  6 2.658203 82.762039 2.126725 0.411232 0.858859 0.305368 0.638641 0.416715 2 6 0.500000 7 0.500000
hwn2024_triboniophorus
  6 2.559189 82.852219 2.021443 0.338057 0.899255 0.277593 0.656250 0.394531 2 6 0.500000 7 0.500000
  6 2.543629 82.790466 2.179740 0.341852 0.863631 0.370511 0.659443 0.422719 2 6 0.500000 7 0.500000
  6 2.605095 82.771484 2.165082 0.377786 0.853472 0.358974 0.648438 0.421875 2 6 0.500000 7 0.500000
hwn2024_triboniophorus
  6 2.559189 82.852219 2.021443 0.338057 0.899255 0.277593 0.656250 0.394531 2 6 0.500000 7 0.500000
  6 2.484285 82.816559 2.171517 0.308297 0.879380 0.362829 0.669907 0.419557 2 6 0.500000 7 0.500000
  6 2.543629 82.790466 2.179740 0.341852 0.863631 0.370511 0.659443 0.422719 2 6 0.500000 7 0.500000
hwn2024_triboniophorus
  6 2.559189 82.852219 2.021443 0.338057 0.899255 0.277593 0.656250 0.394531 2 6 0.500000 7 0.500000
  6 2.435572 82.845772 2.137406 0.269705 0.901837 0.337563 0.678213 0.412217 2 6 0.500000 7 0.500000
  6 2.484285 82.816559 2.171517 0.308297 0.879380 0.362829 0.669907 0.419557 2 6 0.500000 7 0.500000
hwn2024_triboniophorus
  6 2.559189 82.852219 2.021443 0.338057 0.899255 0.277593 0.656250 0.394531 2 6 0.500000 7 0.500000
  6 2.403091 82.873619 2.083629 0.259256 0.917097 0.302851 0.683412 0.401965 2 6 0.500000 7 0.500000
  6 2.435572 82.845772 2.137406 0.269705 0.901837 0.337563 0.678213 0.412217 2 6 0.500000 7 0.500000
hwn2024_triboniophorus
  6 2.559189 82.852219 2.021443 0.338057 0.899255 0.277593 0.656250 0.394531 2 6 0.500000 7 0.500000
  6 2.392645 82.895973 2.019445 0.242607 0.935239 0.257818 0.684600 0.390523 2 6 0.500000 7 0.500000
  6 2.403091 82.873619 2.083629 0.259256 0.917097 0.302851 0.683412 0.401965 2 6 0.500000 7 0.500000
hwn2024_triboniophorus
  6 2.405846 82.908577 1.954788 0.228229 0.948059 0.221576 0.681566 0.379700 2 6 0.500000 7 0.500000
  6 2.392645 82.895973 2.019445 0.242607 0.935239 0.257818 0.684600 0.390523 2 6 0.500000 7 0.500000
  6 2.559189 82.852219 2.021443 0.338057 0.899255 0.277593 0.656250 0.394531 2 6 0.500000 7 0.500000
hwn2024_triboniophorus
  6 2.405846 82.908577 1.954788 0.228229 0.948059 0.221576 0.681566 0.379700 2 6 0.500000 7 0.500000
  6 2.559189 82.852219 2.021443 0.338057 0.899255 0.277593 0.656250 0.394531 2 6 0.500000 7 0.500000
  6 2.443604 82.909836 1.900699 0.273920 0.943230 0.187844 0.674339 0.371356 2 6 0.500000 7 0.500000
hwn2024_triboniophorus
  6 2.498104 82.900024 1.863056 0.298508 0.941456 0.156695 0.664322 0.366338 2 6 0.500000 7 0.500000
  6 2.443604 82.909836 1.900699 0.273920 0.943230 0.187844 0.674339 0.371356 2 6 0.500000 7 0.500000
  6 2.559189 82.852219 2.021443 0.338057 0.899255 0.277593 0.656250 0.394531 2 6 0.500000 7 0.500000
hwn2024_triboniophorus
  6 2.560207 82.880669 1.847240 0.347347 0.925151 0.153122 0.653166 0.365343 2 6 0.500000 7 0.500000
  6 2.498104 82.900024 1.863056 0.298508 0.941456 0.156695 0.664322 0.366338 2 6 0.500000 7 0.500000
  6 2.559189 82.852219 2.021443 0.338057 0.899255 0.277593 0.656250 0.394531 2 6 0.500000 7 0.500000
hwn2024_triboniophorus
  6 2.620090 82.855293 1.856753 0.385373 0.908881 0.159444 0.642684 0.368672 2 6 0.500000 7 0.500000
  6 2.560207 82.880669 1.847240 0.347347 0.925151 0.153122 0.653166 0.365343 2 6 0.500000 7 0.500000
  6 2.559189 82.852219 2.021443 0.338057 0.899255 0.277593 0.656250 0.394531 2 6 0.500000 7 0.500000
hwn2024_triboniophorus
  6 2.404987 82.907211 1.657281 -0.196643 0.618980 -0.760392 0.667969 0.304688 2 6 0.500000 7 0.500000
  6 2.486641 83.058502 1.751755 -0.196643 0.618980 -0.760392 0.667969 0.351562 2 6 0.500000 7 0.500000
  6 2.604813 83.021561 1.721149 0.095287 0.442408 -0.891737 0.640625 0.351562 2 6 0.500000 7 0.500000
hwn2024_triboniophorus
  6 2.404987 82.907211 1.657281 -0.196643 0.618980 -0.760392 0.667969 0.304688 2 6 0.500000 7 0.500000
  6 2.383678 83.077538 1.824081 -0.522368 0.599920 -0.605993 0.695312 0.351562 2 6 0.500000 7 0.500000
  6 2.486641 83.058502 1.751755 -0.196643 0.618980 -0.760392 0.667969 0.351562 2 6 0.500000 7 0.500000
hwn2024_triboniophorus
  6 2.152063 82.821587 1.734772 -0.264615 0.887803 -0.376542 0.714844 0.269531 2 6 0.500000 7 0.500000
  6 2.404987 82.907211 1.657281 -0.196643 0.618980 -0.760392 0.667969 0.304688 2 6 0.500000 7 0.500000
  6 2.347193 82.813026 1.594248 -0.058534 0.856391 -0.513000 0.667969 0.269531 2 6 0.500000 7 0.500000
hwn2024_triboniophorus
  6 2.152063 82.821587 1.734772 -0.264615 0.887803 -0.376542 0.714844 0.269531 2 6 0.500000 7 0.500000
  6 2.216810 82.909706 1.823772 -0.503999 0.685314 -0.525671 0.714844 0.304688 2 6 0.500000 7 0.500000
  6 2.404987 82.907211 1.657281 -0.196643 0.618980 -0.760392 0.667969 0.304688 2 6 0.500000 7 0.500000
hwn2024_triboniophorus
  6 2.383678 83.077538 1.824081 -0.522368 0.599920 -0.605993 0.695312 0.351562 2 6 0.500000 7 0.500000
  6 2.404987 82.907211 1.657281 -0.196643 0.618980 -0.760392 0.667969 0.304688 2 6 0.500000 7 0.500000
  6 2.216810 82.909706 1.823772 -0.503999 0.685314 -0.525671 0.714844 0.304688 2 6 0.500000 7 0.500000
hwn2024_triboniophorus
  6 2.383678 83.077538 1.824081 -0.522368 0.599920 -0.605993 0.695312 0.351562 2 6 0.500000 7 0.500000
  6 2.216810 82.909706 1.823772 -0.503999 0.685314 -0.525671 0.714844 0.304688 2 6 0.500000 7 0.500000
  6 2.311522 83.074104 1.926050 -0.584657 0.582351 -0.564840 0.714844 0.351562 2 6 0.500000 7 0.500000
hwn2024_triboniophorus
  6 2.347193 82.813026 1.594248 -0.058534 0.856391 -0.513000 0.667969 0.269531 2 6 0.500000 7 0.500000
  6 2.103468 82.800682 1.620650 0.023066 0.999584 -0.017305 0.714844 0.246094 2 6 0.500000 7 0.500000
  6 2.152063 82.821587 1.734772 -0.264615 0.887803 -0.376542 0.714844 0.269531 2 6 0.500000 7 0.500000
hwn2024_triboniophorus
  6 2.347193 82.813026 1.594248 -0.058534 0.856391 -0.513000 0.667969 0.269531 2 6 0.500000 7 0.500000
  6 2.308372 82.791771 1.510804 0.217225 0.974282 -0.059893 0.667969 0.246094 2 6 0.500000 7 0.500000
  6 2.103468 82.800682 1.620650 0.023066 0.999584 -0.017305 0.714844 0.246094 2 6 0.500000 7 0.500000
hwn2024_triboniophorus
  6 2.308372 82.791771 1.510804 0.217225 0.974282 -0.059893 0.667969 0.246094 2 6 0.500000 7 0.500000
  6 1.998447 82.881615 1.254609 0.134705 0.965955 0.220876 0.714844 0.160156 2 6 0.500000 7 0.500000
  6 2.103468 82.800682 1.620650 0.023066 0.999584 -0.017305 0.714844 0.246094 2 6 0.500000 7 0.500000
hwn2024_triboniophorus
  6 2.308372 82.791771 1.510804 0.217225 0.974282 -0.059893 0.667969 0.246094 2 6 0.500000 7 0.500000
  6 2.175463 82.872345 1.178515 0.298508 0.941456 0.156695 0.667969 0.160156 2 6 0.500000 7 0.500000
  6 1.998447 82.881615 1.254609 0.134705 0.965955 0.220876 0.714844 0.160156 2 6 0.500000 7 0.500000
hwn2024_triboniophorus
  6 2.175463 82.872345 1.178515 0.298508 0.941456 0.156695 0.667969 0.160156 2 6 0.500000 7 0.500000
  6 1.852287 83.018105 0.820457 0.130127 0.931297 0.340225 0.714844 0.054688 2 6 0.500000 7 0.500000
  6 1.998447 82.881615 1.254609 0.134705 0.965955 0.220876 0.714844 0.160156 2 6 0.500000 7 0.500000
hwn2024_triboniophorus
  6 2.175463 82.872345 1.178515 0.298508 0.941456 0.156695 0.667969 0.160156 2 6 0.500000 7 0.500000
  6 2.015974 83.018875 0.754000 0.338057 0.899255 0.277593 0.667969 0.054688 2 6 0.500000 7 0.500000
  6 1.852287 83.018105 0.820457 0.130127 0.931297 0.340225 0.714844 0.054688 2 6 0.500000 7 0.500000
hwn2024_triboniophorus
  6 2.015974 83.018875 0.754000 0.338057 0.899255 0.277593 0.667969 0.054688 2 6 0.500000 7 0.500000
  6 1.772198 83.126137 0.594549 0.123712 0.900585 0.416704 0.714844 0.015625 2 6 0.500000 7 0.500000
  6 1.852287 83.018105 0.820457 0.130127 0.931297 0.340225 0.714844 0.054688 2 6 0.500000 7 0.500000
hwn2024_triboniophorus
  6 2.015974 83.018875 0.754000 0.338057 0.899255 0.277593 0.667969 0.054688 2 6 0.500000 7 0.500000
  6 1.945753 83.136368 0.537104 0.338887 0.884262 0.321304 0.667969 0.015625 2 6 0.500000 7 0.500000
  6 1.772198 83.126137 0.594549 0.123712 0.900585 0.416704 0.714844 0.015625 2 6 0.500000 7 0.500000
hwn2024_triboniophorus
  6 2.015974 83.018875 0.754000 0.338057 0.899255 0.277593 0.667969 0.054688 2 6 0.500000 7 0.500000
  6 2.070156 83.076248 0.473442 0.522571 0.809863 0.266536 0.621094 0.015625 2 6 0.500000 7 0.500000
  6 1.945753 83.136368 0.537104 0.338887 0.884262 0.321304 0.667969 0.015625 2 6 0.500000 7 0.500000
hwn2024_triboniophorus
  6 2.015974 83.018875 0.754000 0.338057 0.899255 0.277593 0.667969 0.054688 2 6 0.500000 7 0.500000
  6 2.141380 82.959023 0.692388 0.510176 0.844958 0.160519 0.621094 0.054688 2 6 0.500000 7 0.500000
  6 2.070156 83.076248 0.473442 0.522571 0.809863 0.266536 0.621094 0.015625 2 6 0.500000 7 0.500000
hwn2024_triboniophorus
  6 2.175463 82.872345 1.178515 0.298508 0.941456 0.156695 0.667969 0.160156 2 6 0.500000 7 0.500000
  6 2.141380 82.959023 0.692388 0.510176 0.844958 0.160519 0.621094 0.054688 2 6 0.500000 7 0.500000
  6 2.015974 83.018875 0.754000 0.338057 0.899255 0.277593 0.667969 0.054688 2 6 0.500000 7 0.500000
hwn2024_triboniophorus
  6 2.175463 82.872345 1.178515 0.298508 0.941456 0.156695 0.667969 0.160156 2 6 0.500000 7 0.500000
  6 2.328571 82.801231 1.110211 0.455383 0.887911 0.065115 0.621094 0.160156 2 6 0.500000 7 0.500000
  6 2.141380 82.959023 0.692388 0.510176 0.844958 0.160519 0.621094 0.054688 2 6 0.500000 7 0.500000
hwn2024_triboniophorus
  6 2.308372 82.791771 1.510804 0.217225 0.974282 -0.059893 0.667969 0.246094 2 6 0.500000 7 0.500000
  6 2.328571 82.801231 1.110211 0.455383 0.887911 0.065115 0.621094 0.160156 2 6 0.500000 7 0.500000
  6 2.175463 82.872345 1.178515 0.298508 0.941456 0.156695 0.667969 0.160156 2 6 0.500000 7 0.500000
hwn2024_triboniophorus
  6 2.308372 82.791771 1.510804 0.217225 0.974282 -0.059893 0.667969 0.246094 2 6 0.500000 7 0.500000
  6 2.504910 82.701889 1.419818 0.379289 0.915437 -0.134594 0.621094 0.246094 2 6 0.500000 7 0.500000
  6 2.328571 82.801231 1.110211 0.455383 0.887911 0.065115 0.621094 0.160156 2 6 0.500000 7 0.500000
hwn2024_triboniophorus
  6 2.347193 82.813026 1.594248 -0.058534 0.856391 -0.513000 0.667969 0.269531 2 6 0.500000 7 0.500000
  6 2.504910 82.701889 1.419818 0.379289 0.915437 -0.134594 0.621094 0.246094 2 6 0.500000 7 0.500000
  6 2.308372 82.791771 1.510804 0.217225 0.974282 -0.059893 0.667969 0.246094 2 6 0.500000 7 0.500000
hwn2024_triboniophorus
  6 2.347193 82.813026 1.594248 -0.058534 0.856391 -0.513000 0.667969 0.269531 2 6 0.500000 7 0.500000
  6 2.562737 82.707161 1.529233 0.242027 0.788490 -0.565426 0.621094 0.269531 2 6 0.500000 7 0.500000
  6 2.504910 82.701889 1.419818 0.379289 0.915437 -0.134594 0.621094 0.246094 2 6 0.500000 7 0.500000
hwn2024_triboniophorus
  6 2.562737 82.707161 1.529233 0.242027 0.788490 -0.565426 0.621094 0.269531 2 6 0.500000 7 0.500000
  6 2.347193 82.813026 1.594248 -0.058534 0.856391 -0.513000 0.667969 0.269531 2 6 0.500000 7 0.500000
  6 2.404987 82.907211 1.657281 -0.196643 0.618980 -0.760392 0.667969 0.304688 2 6 0.500000 7 0.500000
hwn2024_triboniophorus
  6 2.562737 82.707161 1.529233 0.242027 0.788490 -0.565426 0.621094 0.269531 2 6 0.500000 7 0.500000
  6 2.404987 82.907211 1.657281 -0.196643 0.618980 -0.760392 0.667969 0.304688 2 6 0.500000 7 0.500000
  6 2.633211 82.805458 1.632388 0.180380 0.516758 -0.836914 0.621094 0.304688 2 6 0.500000 7 0.500000
hwn2024_triboniophorus
  6 2.604813 83.021561 1.721149 0.095287 0.442408 -0.891737 0.640625 0.351562 2 6 0.500000 7 0.500000
  6 2.633211 82.805458 1.632388 0.180380 0.516758 -0.836914 0.621094 0.304688 2 6 0.500000 7 0.500000
  6 2.404987 82.907211 1.657281 -0.196643 0.618980 -0.760392 0.667969 0.304688 2 6 0.500000 7 0.500000
hwn2024_triboniophorus
  6 2.604813 83.021561 1.721149 0.095287 0.442408 -0.891737 0.640625 0.351562 2 6 0.500000 7 0.500000
  6 2.718262 82.972328 1.739118 0.155170 0.392718 -0.906474 0.621094 0.351562 2 6 0.500000 7 0.500000
  6 2.633211 82.805458 1.632388 0.180380 0.516758 -0.836914 0.621094 0.304688 2 6 0.500000 7 0.500000
hwn2024_triboniophorus
  6 2.139114 84.303848 1.085693 -0.134412 0.181895 0.974088 1.456868 0.824501 2 6 0.500000 7 0.500000
  6 2.232668 84.274590 1.103829 0.123041 0.062773 0.990414 1.441927 0.822003 2 6 0.500000 7 0.500000
  6 2.270464 84.376175 1.080786 0.213403 0.122949 0.969197 1.438250 0.838455 2 6 0.500000 7 0.500000
hwn2024_triboniophorus
  6 2.414215 83.962624 0.947827 0.696743 -0.426111 0.577043 1.401873 0.780171 2 6 0.500000 7 0.500000
  6 2.485252 84.052452 0.897301 0.774380 -0.312801 0.549991 1.389419 0.793898 2 6 0.500000 7 0.500000
  6 2.351990 84.083427 1.053455 0.456837 -0.242954 0.855730 1.418951 0.797439 2 6 0.500000 7 0.500000
hwn2024_triboniophorus
  6 2.416380 83.899437 0.863850 0.717223 -0.502927 0.482344 1.391644 0.767870 2 6 0.500000 7 0.500000
  6 2.485252 84.052452 0.897301 0.774380 -0.312801 0.549991 1.389419 0.793898 2 6 0.500000 7 0.500000
  6 2.414215 83.962624 0.947827 0.696743 -0.426111 0.577043 1.401873 0.780171 2 6 0.500000 7 0.500000
hwn2024_triboniophorus
  6 2.416380 83.899437 0.863850 0.717223 -0.502927 0.482344 1.391644 0.767870 2 6 0.500000 7 0.500000
  6 2.517540 84.021416 0.778695 0.876091 -0.322838 0.358105 1.371186 0.787258 2 6 0.500000 7 0.500000
  6 2.485252 84.052452 0.897301 0.774380 -0.312801 0.549991 1.389419 0.793898 2 6 0.500000 7 0.500000
hwn2024_triboniophorus
  6 2.485252 84.052452 0.897301 0.774380 -0.312801 0.549991 1.389419 0.793898 2 6 0.500000 7 0.500000
  6 2.517540 84.021416 0.778695 0.876091 -0.322838 0.358105 1.371186 0.787258 2 6 0.500000 7 0.500000
  6 2.548185 84.159294 0.807016 0.918182 -0.170698 0.357498 1.372215 0.809968 2 6 0.500000 7 0.500000
hwn2024_triboniophorus
  6 2.485252 84.052452 0.897301 0.774380 -0.312801 0.549991 1.389419 0.793898 2 6 0.500000 7 0.500000
  6 2.548185 84.159294 0.807016 0.918182 -0.170698 0.357498 1.372215 0.809968 2 6 0.500000 7 0.500000
  6 2.502876 84.170906 0.925167 0.817735 -0.196703 0.540941 1.391605 0.812078 2 6 0.500000 7 0.500000
hwn2024_triboniophorus
  6 2.502876 84.170906 0.925167 0.817735 -0.196703 0.540941 1.391605 0.812078 2 6 0.500000 7 0.500000
  6 2.548185 84.159294 0.807016 0.918182 -0.170698 0.357498 1.372215 0.809968 2 6 0.500000 7 0.500000
  6 2.544373 84.295990 0.858412 0.885397 -0.009271 0.464743 1.380222 0.831691 2 6 0.500000 7 0.500000
hwn2024_triboniophorus
  6 2.502876 84.170906 0.925167 0.817735 -0.196703 0.540941 1.391605 0.812078 2 6 0.500000 7 0.500000
  6 2.544373 84.295990 0.858412 0.885397 -0.009271 0.464743 1.380222 0.831691 2 6 0.500000 7 0.500000
  6 2.499603 84.260933 0.950760 0.840349 -0.043126 0.540327 1.395770 0.825462 2 6 0.500000 7 0.500000
hwn2024_triboniophorus
  6 2.501806 84.375320 0.928926 0.817854 0.111547 0.564510 1.394265 0.843359 2 6 0.500000 7 0.500000
  6 2.499603 84.260933 0.950760 0.840349 -0.043126 0.540327 1.395770 0.825462 2 6 0.500000 7 0.500000
  6 2.544373 84.295990 0.858412 0.885397 -0.009271 0.464743 1.380222 0.831691 2 6 0.500000 7 0.500000
hwn2024_triboniophorus
  6 2.501806 84.375320 0.928926 0.817854 0.111547 0.564510 1.394265 0.843359 2 6 0.500000 7 0.500000
  6 2.423649 84.328011 1.038403 0.602560 0.066379 0.795308 1.413723 0.833709 2 6 0.500000 7 0.500000
  6 2.499603 84.260933 0.950760 0.840349 -0.043126 0.540327 1.395770 0.825462 2 6 0.500000 7 0.500000
hwn2024_triboniophorus
  6 2.438757 84.404236 0.997571 0.661808 0.239011 0.710552 1.409359 0.846139 2 6 0.500000 7 0.500000
  6 2.423649 84.328011 1.038403 0.602560 0.066379 0.795308 1.413723 0.833709 2 6 0.500000 7 0.500000
  6 2.501806 84.375320 0.928926 0.817854 0.111547 0.564510 1.394265 0.843359 2 6 0.500000 7 0.500000
hwn2024_triboniophorus
  6 2.351574 84.397430 1.061061 0.419359 0.142735 0.896529 1.425838 0.843067 2 6 0.500000 7 0.500000
  6 2.423649 84.328011 1.038403 0.602560 0.066379 0.795308 1.413723 0.833709 2 6 0.500000 7 0.500000
  6 2.438757 84.404236 0.997571 0.661808 0.239011 0.710552 1.409359 0.846139 2 6 0.500000 7 0.500000
hwn2024_triboniophorus
  6 2.270464 84.376175 1.080786 0.213403 0.122949 0.969197 1.438250 0.838455 2 6 0.500000 7 0.500000
  6 2.423649 84.328011 1.038403 0.602560 0.066379 0.795308 1.413723 0.833709 2 6 0.500000 7 0.500000
  6 2.351574 84.397430 1.061061 0.419359 0.142735 0.896529 1.425838 0.843067 2 6 0.500000 7 0.500000
hwn2024_triboniophorus
  6 2.395639 84.219437 1.061326 0.514095 -0.101373 0.851722 1.417148 0.817736 2 6 0.500000 7 0.500000
  6 2.423649 84.328011 1.038403 0.602560 0.066379 0.795308 1.413723 0.833709 2 6 0.500000 7 0.500000
  6 2.270464 84.376175 1.080786 0.213403 0.122949 0.969197 1.438250 0.838455 2 6 0.500000 7 0.500000
hwn2024_triboniophorus
  6 2.395639 84.219437 1.061326 0.514095 -0.101373 0.851722 1.417148 0.817736 2 6 0.500000 7 0.500000
  6 2.270464 84.376175 1.080786 0.213403 0.122949 0.969197 1.438250 0.838455 2 6 0.500000 7 0.500000
  6 2.232668 84.274590 1.103829 0.123041 0.062773 0.990414 1.441927 0.822003 2 6 0.500000 7 0.500000
hwn2024_triboniophorus
  6 2.186390 84.169060 1.113523 0.051584 -0.154258 0.986683 1.445901 0.805798 2 6 0.500000 7 0.500000
  6 2.395639 84.219437 1.061326 0.514095 -0.101373 0.851722 1.417148 0.817736 2 6 0.500000 7 0.500000
  6 2.232668 84.274590 1.103829 0.123041 0.062773 0.990414 1.441927 0.822003 2 6 0.500000 7 0.500000
hwn2024_triboniophorus
  6 2.186390 84.169060 1.113523 0.051584 -0.154258 0.986683 1.445901 0.805798 2 6 0.500000 7 0.500000
  6 2.232668 84.274590 1.103829 0.123041 0.062773 0.990414 1.441927 0.822003 2 6 0.500000 7 0.500000
  6 2.139114 84.303848 1.085693 -0.134412 0.181895 0.974088 1.456868 0.824501 2 6 0.500000 7 0.500000
hwn2024_triboniophorus
  6 2.186390 84.169060 1.113523 0.051584 -0.154258 0.986683 1.445901 0.805798 2 6 0.500000 7 0.500000
  6 2.139114 84.303848 1.085693 -0.134412 0.181895 0.974088 1.456868 0.824501 2 6 0.500000 7 0.500000
  6 2.060450 84.203262 1.089123 -0.215368 -0.022728 0.976268 1.465662 0.806620 2 6 0.500000 7 0.500000
hwn2024_triboniophorus
  6 2.138075 84.067795 1.086522 -0.039418 -0.273447 0.961079 1.449557 0.789448 2 6 0.500000 7 0.500000
  6 2.186390 84.169060 1.113523 0.051584 -0.154258 0.986683 1.445901 0.805798 2 6 0.500000 7 0.500000
  6 2.060450 84.203262 1.089123 -0.215368 -0.022728 0.976268 1.465662 0.806620 2 6 0.500000 7 0.500000
hwn2024_triboniophorus
  6 2.395639 84.219437 1.061326 0.514095 -0.101373 0.851722 1.417148 0.817736 2 6 0.500000 7 0.500000
  6 2.499603 84.260933 0.950760 0.840349 -0.043126 0.540327 1.395770 0.825462 2 6 0.500000 7 0.500000
  6 2.423649 84.328011 1.038403 0.602560 0.066379 0.795308 1.413723 0.833709 2 6 0.500000 7 0.500000
hwn2024_triboniophorus
  6 2.395639 84.219437 1.061326 0.514095 -0.101373 0.851722 1.417148 0.817736 2 6 0.500000 7 0.500000
  6 2.502876 84.170906 0.925167 0.817735 -0.196703 0.540941 1.391605 0.812078 2 6 0.500000 7 0.500000
  6 2.499603 84.260933 0.950760 0.840349 -0.043126 0.540327 1.395770 0.825462 2 6 0.500000 7 0.500000
hwn2024_triboniophorus
  6 2.351990 84.083427 1.053455 0.456837 -0.242954 0.855730 1.418951 0.797439 2 6 0.500000 7 0.500000
  6 2.502876 84.170906 0.925167 0.817735 -0.196703 0.540941 1.391605 0.812078 2 6 0.500000 7 0.500000
  6 2.395639 84.219437 1.061326 0.514095 -0.101373 0.851722 1.417148 0.817736 2 6 0.500000 7 0.500000
hwn2024_triboniophorus
  6 2.351990 84.083427 1.053455 0.456837 -0.242954 0.855730 1.418951 0.797439 2 6 0.500000 7 0.500000
  6 2.485252 84.052452 0.897301 0.774380 -0.312801 0.549991 1.389419 0.793898 2 6 0.500000 7 0.500000
  6 2.502876 84.170906 0.925167 0.817735 -0.196703 0.540941 1.391605 0.812078 2 6 0.500000 7 0.500000
hwn2024_triboniophorus
  6 2.186390 84.169060 1.113523 0.051584 -0.154258 0.986683 1.445901 0.805798 2 6 0.500000 7 0.500000
  6 2.351990 84.083427 1.053455 0.456837 -0.242954 0.855730 1.418951 0.797439 2 6 0.500000 7 0.500000
  6 2.395639 84.219437 1.061326 0.514095 -0.101373 0.851722 1.417148 0.817736 2 6 0.500000 7 0.500000
hwn2024_triboniophorus
  6 2.138075 84.067795 1.086522 -0.039418 -0.273447 0.961079 1.449557 0.789448 2 6 0.500000 7 0.500000
  6 2.351990 84.083427 1.053455 0.456837 -0.242954 0.855730 1.418951 0.797439 2 6 0.500000 7 0.500000
  6 2.186390 84.169060 1.113523 0.051584 -0.154258 0.986683 1.445901 0.805798 2 6 0.500000 7 0.500000
hwn2024_triboniophorus
  6 2.138075 84.067795 1.086522 -0.039418 -0.273447 0.961079 1.449557 0.789448 2 6 0.500000 7 0.500000
  6 2.298826 83.959976 1.028144 0.340503 -0.394809 0.853337 1.422384 0.778170 2 6 0.500000 7 0.500000
  6 2.351990 84.083427 1.053455 0.456837 -0.242954 0.855730 1.418951 0.797439 2 6 0.500000 7 0.500000
hwn2024_triboniophorus
  6 2.414215 83.962624 0.947827 0.696743 -0.426111 0.577043 1.401873 0.780171 2 6 0.500000 7 0.500000
  6 2.351990 84.083427 1.053455 0.456837 -0.242954 0.855730 1.418951 0.797439 2 6 0.500000 7 0.500000
  6 2.298826 83.959976 1.028144 0.340503 -0.394809 0.853337 1.422384 0.778170 2 6 0.500000 7 0.500000
hwn2024_triboniophorus
  6 2.138075 84.067795 1.086522 -0.039418 -0.273447 0.961079 1.449557 0.789448 2 6 0.500000 7 0.500000
  6 2.060450 84.203262 1.089123 -0.215368 -0.022728 0.976268 1.465662 0.806620 2 6 0.500000 7 0.500000
  6 2.021059 84.075249 1.049381 -0.279179 -0.171944 0.944719 1.467602 0.785139 2 6 0.500000 7 0.500000
hwn2024_triboniophorus
  6 2.076183 83.988228 1.051728 -0.054978 -0.398672 0.915444 1.455703 0.774568 2 6 0.500000 7 0.500000
  6 2.138075 84.067795 1.086522 -0.039418 -0.273447 0.961079 1.449557 0.789448 2 6 0.500000 7 0.500000
  6 2.021059 84.075249 1.049381 -0.279179 -0.171944 0.944719 1.467602 0.785139 2 6 0.500000 7 0.500000
hwn2024_triboniophorus
  6 2.076183 83.988228 1.051728 -0.054978 -0.398672 0.915444 1.455703 0.774568 2 6 0.500000 7 0.500000
  6 2.298826 83.959976 1.028144 0.340503 -0.394809 0.853337 1.422384 0.778170 2 6 0.500000 7 0.500000
  6 2.138075 84.067795 1.086522 -0.039418 -0.273447 0.961079 1.449557 0.789448 2 6 0.500000 7 0.500000
hwn2024_triboniophorus
  6 2.284464 83.868835 0.985889 0.364579 -0.519258 0.772951 1.419682 0.762939 2 6 0.500000 7 0.500000
  6 2.298826 83.959976 1.028144 0.340503 -0.394809 0.853337 1.422384 0.778170 2 6 0.500000 7 0.500000
  6 2.076183 83.988228 1.051728 -0.054978 -0.398672 0.915444 1.455703 0.774568 2 6 0.500000 7 0.500000
hwn2024_triboniophorus
  6 2.414215 83.962624 0.947827 0.696743 -0.426111 0.577043 1.401873 0.780171 2 6 0.500000 7 0.500000
  6 2.298826 83.959976 1.028144 0.340503 -0.394809 0.853337 1.422384 0.778170 2 6 0.500000 7 0.500000
  6 2.284464 83.868835 0.985889 0.364579 -0.519258 0.772951 1.419682 0.762939 2 6 0.500000 7 0.500000
hwn2024_triboniophorus
  6 2.414215 83.962624 0.947827 0.696743 -0.426111 0.577043 1.401873 0.780171 2 6 0.500000 7 0.500000
  6 2.284464 83.868835 0.985889 0.364579 -0.519258 0.772951 1.419682 0.762939 2 6 0.500000 7 0.500000
  6 2.416380 83.899437 0.863850 0.717223 -0.502927 0.482344 1.391644 0.767870 2 6 0.500000 7 0.500000
hwn2024_triboniophorus
  6 1.572388 84.985802 -0.380831 -0.328328 -0.929802 -0.166341 0.572254 0.878912 2 6 0.500000 7 0.500000
  6 1.583986 85.574135 -3.296249 -0.347529 -0.914454 -0.207360 0.661772 0.819205 2 6 0.500000 7 0.500000
  6 2.656120 85.156609 -3.142667 -0.347529 -0.914454 -0.207360 0.677687 0.857883 2 6 0.500000 7 0.500000
hwn2024_triboniophorus
  6 1.572388 84.985802 -0.380831 -0.328328 -0.929802 -0.166341 0.572254 0.878912 2 6 0.500000 7 0.500000
  6 0.502073 85.878227 -3.009927 -0.277067 -0.939857 -0.199758 0.632313 0.789565 2 6 0.500000 7 0.500000
  6 1.583986 85.574135 -3.296249 -0.347529 -0.914454 -0.207360 0.661772 0.819205 2 6 0.500000 7 0.500000
hwn2024_triboniophorus
  6 1.572388 84.985802 -0.380831 -0.328328 -0.929802 -0.166341 0.572254 0.878912 2 6 0.500000 7 0.500000
  6 -0.425571 86.019318 -2.327913 -0.277067 -0.939857 -0.199758 0.593750 0.773438 2 6 0.500000 7 0.500000
  6 0.502073 85.878227 -3.009927 -0.277067 -0.939857 -0.199758 0.632313 0.789565 2 6 0.500000 7 0.500000
hwn2024_triboniophorus
  6 1.572388 84.985802 -0.380831 -0.328328 -0.929802 -0.166341 0.572254 0.878912 2 6 0.500000 7 0.500000
  6 -1.047945 86.002716 -1.350112 -0.277067 -0.939857 -0.199758 0.550781 0.773438 2 6 0.500000 7 0.500000
  6 -0.425571 86.019318 -2.327913 -0.277067 -0.939857 -0.199758 0.593750 0.773438 2 6 0.500000 7 0.500000
hwn2024_triboniophorus
  6 1.572388 84.985802 -0.380831 -0.328328 -0.929802 -0.166341 0.572254 0.878912 2 6 0.500000 7 0.500000
  6 -1.256319 85.876846 -0.217628 -0.313142 -0.939980 -0.135575 0.512280 0.789670 2 6 0.500000 7 0.500000
  6 -1.047945 86.002716 -1.350112 -0.277067 -0.939857 -0.199758 0.550781 0.773438 2 6 0.500000 7 0.500000
hwn2024_triboniophorus
  6 1.572388 84.985802 -0.380831 -0.328328 -0.929802 -0.166341 0.572254 0.878912 2 6 0.500000 7 0.500000
  6 -1.023853 85.654274 0.897388 -0.313142 -0.939980 -0.135575 0.482757 0.819346 2 6 0.500000 7 0.500000
  6 -1.256319 85.876846 -0.217628 -0.313142 -0.939980 -0.135575 0.512280 0.789670 2 6 0.500000 7 0.500000
hwn2024_triboniophorus
  6 1.572388 84.985802 -0.380831 -0.328328 -0.929802 -0.166341 0.572254 0.878912 2 6 0.500000 7 0.500000
  6 -0.398077 85.325134 1.817714 -0.313142 -0.939980 -0.135575 0.466742 0.858018 2 6 0.500000 7 0.500000
  6 -1.023853 85.654274 0.897388 -0.313142 -0.939980 -0.135575 0.482757 0.819346 2 6 0.500000 7 0.500000
hwn2024_triboniophorus
  6 1.572388 84.985802 -0.380831 -0.328328 -0.929802 -0.166341 0.572254 0.878912 2 6 0.500000 7 0.500000
  6 0.522072 84.922607 2.399678 -0.328328 -0.929802 -0.166341 0.466722 0.899879 2 6 0.500000 7 0.500000
  6 -0.398077 85.325134 1.817714 -0.313142 -0.939980 -0.135575 0.466742 0.858018 2 6 0.500000 7 0.500000
hwn2024_triboniophorus
  6 1.572388 84.985802 -0.380831 -0.328328 -0.929802 -0.166341 0.572254 0.878912 2 6 0.500000 7 0.500000
  6 1.595976 84.510506 2.554837 -0.328328 -0.929802 -0.166341 0.482679 0.938572 2 6 0.500000 7 0.500000
  6 0.522072 84.922607 2.399678 -0.328328 -0.929802 -0.166341 0.466722 0.899879 2 6 0.500000 7 0.500000
hwn2024_triboniophorus
  6 1.572388 84.985802 -0.380831 -0.328328 -0.929802 -0.166341 0.572254 0.878912 2 6 0.500000 7 0.500000
  6 2.660265 84.155563 2.260143 -0.328328 -0.929802 -0.166341 0.512181 0.968221 2 6 0.500000 7 0.500000
  6 1.595976 84.510506 2.554837 -0.328328 -0.929802 -0.166341 0.482679 0.938572 2 6 0.500000 7 0.500000
hwn2024_triboniophorus
  6 1.572388 84.985802 -0.380831 -0.328328 -0.929802 -0.166341 0.572254 0.878912 2 6 0.500000 7 0.500000
  6 3.556232 83.918526 1.561590 -0.355630 -0.923439 -0.144177 0.550781 0.984375 2 6 0.500000 7 0.500000
  6 2.660265 84.155563 2.260143 -0.328328 -0.929802 -0.166341 0.512181 0.968221 2 6 0.500000 7 0.500000
hwn2024_triboniophorus
  6 1.572388 84.985802 -0.380831 -0.328328 -0.929802 -0.166341 0.572254 0.878912 2 6 0.500000 7 0.500000
  6 4.151922 83.845406 0.567338 -0.328328 -0.929802 -0.166341 0.593750 0.984375 2 6 0.500000 7 0.500000
  6 3.556232 83.918526 1.561590 -0.355630 -0.923439 -0.144177 0.550781 0.984375 2 6 0.500000 7 0.500000
hwn2024_triboniophorus
  6 1.572388 84.985802 -0.380831 -0.328328 -0.929802 -0.166341 0.572254 0.878912 2 6 0.500000 7 0.500000
  6 4.361336 83.966171 -0.567641 -0.347529 -0.914454 -0.207360 0.632313 0.968226 2 6 0.500000 7 0.500000
  6 4.151922 83.845406 0.567338 -0.328328 -0.929802 -0.166341 0.593750 0.984375 2 6 0.500000 7 0.500000
hwn2024_triboniophorus
  6 1.572388 84.985802 -0.380831 -0.328328 -0.929802 -0.166341 0.572254 0.878912 2 6 0.500000 7 0.500000
  6 4.155073 84.272346 -1.668400 -0.347529 -0.914454 -0.207360 0.661761 0.938519 2 6 0.500000 7 0.500000
  6 4.361336 83.966171 -0.567641 -0.347529 -0.914454 -0.207360 0.632313 0.968226 2 6 0.500000 7 0.500000
hwn2024_triboniophorus
  6 1.572388 84.985802 -0.380831 -0.328328 -0.929802 -0.166341 0.572254 0.878912 2 6 0.500000 7 0.500000
  6 3.558010 84.696892 -2.571446 -0.347529 -0.914454 -0.207360 0.677679 0.899764 2 6 0.500000 7 0.500000
  6 4.155073 84.272346 -1.668400 -0.347529 -0.914454 -0.207360 0.661761 0.938519 2 6 0.500000 7 0.500000
hwn2024_triboniophorus
  6 1.572388 84.985802 -0.380831 -0.328328 -0.929802 -0.166341 0.572254 0.878912 2 6 0.500000 7 0.500000
  6 2.656120 85.156609 -3.142667 -0.347529 -0.914454 -0.207360 0.677687 0.857883 2 6 0.500000 7 0.500000
  6 3.558010 84.696892 -2.571446 -0.347529 -0.914454 -0.207360 0.677679 0.899764 2 6 0.500000 7 0.500000
hwn2024_triboniophorus
  6 1.713829 89.076965 -1.007726 0.456183 0.889754 -0.015357 0.873185 0.828692 2 6 0.500000 7 0.500000
  6 1.385649 89.246452 -0.413723 0.456183 0.889754 -0.015357 0.887699 0.863645 2 6 0.500000 7 0.500000
  6 4.474127 87.715881 0.152909 0.456183 0.889754 -0.015357 0.701037 0.864804 2 6 0.500000 7 0.500000
hwn2024_triboniophorus
  6 4.474127 87.715881 0.152909 0.456183 0.889754 -0.015357 0.701037 0.864804 2 6 0.500000 7 0.500000
  6 4.329590 87.779663 -0.528845 0.456183 0.889754 -0.015357 0.715036 0.829443 2 6 0.500000 7 0.500000
  6 1.713829 89.076965 -1.007726 0.456183 0.889754 -0.015357 0.873185 0.828692 2 6 0.500000 7 0.500000
hwn2024_triboniophorus
  6 2.221561 88.822945 -1.415304 0.456183 0.889754 -0.015357 0.846530 0.801983 2 6 0.500000 7 0.500000
  6 1.713829 89.076965 -1.007726 0.456183 0.889754 -0.015357 0.873185 0.828692 2 6 0.500000 7 0.500000
  6 4.329590 87.779663 -0.528845 0.456183 0.889754 -0.015357 0.715036 0.829443 2 6 0.500000 7 0.500000
hwn2024_triboniophorus
  6 2.830870 88.520424 -1.575184 0.456183 0.889754 -0.015357 0.811760 0.787642 2 6 0.500000 7 0.500000
  6 2.221561 88.822945 -1.415304 0.456183 0.889754 -0.015357 0.846530 0.801983 2 6 0.500000 7 0.500000
  6 4.329590 87.779663 -0.528845 0.456183 0.889754 -0.015357 0.715036 0.829443 2 6 0.500000 7 0.500000
hwn2024_triboniophorus
  6 3.449359 88.213669 -1.462302 0.456183 0.889754 -0.015357 0.774681 0.787651 2 6 0.500000 7 0.500000
  6 2.830870 88.520424 -1.575184 0.456183 0.889754 -0.015357 0.811760 0.787642 2 6 0.500000 7 0.500000
  6 4.329590 87.779663 -0.528845 0.456183 0.889754 -0.015357 0.715036 0.829443 2 6 0.500000 7 0.500000
hwn2024_triboniophorus
  6 3.974857 87.953102 -1.095097 0.456183 0.889754 -0.015357 0.740591 0.802308 2 6 0.500000 7 0.500000
  6 3.449359 88.213669 -1.462302 0.456183 0.889754 -0.015357 0.774681 0.787651 2 6 0.500000 7 0.500000
  6 4.329590 87.779663 -0.528845 0.456183 0.889754 -0.015357 0.715036 0.829443 2 6 0.500000 7 0.500000
hwn2024_triboniophorus
  6 1.290920 89.203392 -0.450736 -0.310469 0.912793 -0.265364 0.893545 0.861761 2 6 0.500000 7 0.500000
  6 1.385649 89.246452 -0.413723 0.456183 0.889754 -0.015357 0.887699 0.863645 2 6 0.500000 7 0.500000
  6 1.713829 89.076965 -1.007726 0.456183 0.889754 -0.015357 0.873185 0.828692 2 6 0.500000 7 0.500000
hwn2024_triboniophorus
  6 1.290920 89.203392 -0.450736 -0.310469 0.912793 -0.265364 0.893545 0.861761 2 6 0.500000 7 0.500000
  6 1.713829 89.076965 -1.007726 0.456183 0.889754 -0.015357 0.873185 0.828692 2 6 0.500000 7 0.500000
  6 1.633316 89.026848 -1.070332 -0.152683 0.858518 -0.489525 0.878022 0.824645 2 6 0.500000 7 0.500000
hwn2024_triboniophorus
  6 1.633316 89.026848 -1.070332 -0.152683 0.858518 -0.489525 0.878022 0.824645 2 6 0.500000 7 0.500000
  6 1.713829 89.076965 -1.007726 0.456183 0.889754 -0.015357 0.873185 0.828692 2 6 0.500000 7 0.500000
  6 2.221561 88.822945 -1.415304 0.456183 0.889754 -0.015357 0.846530 0.801983 2 6 0.500000 7 0.500000
hwn2024_triboniophorus
  6 1.633316 89.026848 -1.070332 -0.152683 0.858518 -0.489525 0.878022 0.824645 2 6 0.500000 7 0.500000
  6 2.221561 88.822945 -1.415304 0.456183 0.889754 -0.015357 0.846530 0.801983 2 6 0.500000 7 0.500000
  6 2.163033 88.762497 -1.495609 0.064897 0.774261 -0.629530 0.849609 0.796326 2 6 0.500000 7 0.500000
hwn2024_triboniophorus
  6 2.163033 88.762497 -1.495609 0.064897 0.774261 -0.629530 0.849609 0.796326 2 6 0.500000 7 0.500000
  6 2.221561 88.822945 -1.415304 0.456183 0.889754 -0.015357 0.846530 0.801983 2 6 0.500000 7 0.500000
  6 2.830870 88.520424 -1.575184 0.456183 0.889754 -0.015357 0.811760 0.787642 2 6 0.500000 7 0.500000
hwn2024_triboniophorus
  6 2.163033 88.762497 -1.495609 0.064897 0.774261 -0.629530 0.849609 0.796326 2 6 0.500000 7 0.500000
  6 2.830870 88.520424 -1.575184 0.456183 0.889754 -0.015357 0.811760 0.787642 2 6 0.500000 7 0.500000
  6 2.798512 88.447533 -1.662813 0.307132 0.672582 -0.673278 0.812500 0.781250 2 6 0.500000 7 0.500000
hwn2024_triboniophorus
  6 2.798512 88.447533 -1.662813 0.307132 0.672582 -0.673278 0.812500 0.781250 2 6 0.500000 7 0.500000
  6 2.830870 88.520424 -1.575184 0.456183 0.889754 -0.015357 0.811760 0.787642 2 6 0.500000 7 0.500000
  6 3.449359 88.213669 -1.462302 0.456183 0.889754 -0.015357 0.774681 0.787651 2 6 0.500000 7 0.500000
hwn2024_triboniophorus
  6 2.798512 88.447533 -1.662813 0.307132 0.672582 -0.673278 0.812500 0.781250 2 6 0.500000 7 0.500000
  6 3.449359 88.213669 -1.462302 0.456183 0.889754 -0.015357 0.774681 0.787651 2 6 0.500000 7 0.500000
  6 3.443602 88.127838 -1.545658 0.541287 0.565888 -0.621915 0.773438 0.781250 2 6 0.500000 7 0.500000
hwn2024_triboniophorus
  6 3.990669 87.856445 -1.163451 0.742452 0.462716 -0.484416 0.737102 0.796706 2 6 0.500000 7 0.500000
  6 3.443602 88.127838 -1.545658 0.541287 0.565888 -0.621915 0.773438 0.781250 2 6 0.500000 7 0.500000
  6 3.449359 88.213669 -1.462302 0.456183 0.889754 -0.015357 0.774681 0.787651 2 6 0.500000 7 0.500000
hwn2024_triboniophorus
  6 3.990669 87.856445 -1.163451 0.742452 0.462716 -0.484416 0.737102 0.796706 2 6 0.500000 7 0.500000
  6 3.449359 88.213669 -1.462302 0.456183 0.889754 -0.015357 0.774681 0.787651 2 6 0.500000 7 0.500000
  6 3.974857 87.953102 -1.095097 0.456183 0.889754 -0.015357 0.740591 0.802308 2 6 0.500000 7 0.500000
hwn2024_triboniophorus
  6 4.359539 87.675819 -0.573536 0.882606 0.376854 -0.281047 0.709944 0.825427 2 6 0.500000 7 0.500000
  6 3.990669 87.856445 -1.163451 0.742452 0.462716 -0.484416 0.737102 0.796706 2 6 0.500000 7 0.500000
  6 3.974857 87.953102 -1.095097 0.456183 0.889754 -0.015357 0.740591 0.802308 2 6 0.500000 7 0.500000
hwn2024_triboniophorus
  6 4.359539 87.675819 -0.573536 0.882606 0.376854 -0.281047 0.709944 0.825427 2 6 0.500000 7 0.500000
  6 3.974857 87.953102 -1.095097 0.456183 0.889754 -0.015357 0.740591 0.802308 2 6 0.500000 7 0.500000
  6 4.329590 87.779663 -0.528845 0.456183 0.889754 -0.015357 0.715036 0.829443 2 6 0.500000 7 0.500000
hwn2024_triboniophorus
  6 4.510241 87.609314 0.137300 0.944391 0.326934 -0.035218 0.695026 0.862852 2 6 0.500000 7 0.500000
  6 4.359539 87.675819 -0.573536 0.882606 0.376854 -0.281047 0.709944 0.825427 2 6 0.500000 7 0.500000
  6 4.329590 87.779663 -0.528845 0.456183 0.889754 -0.015357 0.715036 0.829443 2 6 0.500000 7 0.500000
hwn2024_triboniophorus
  6 4.510241 87.609314 0.137300 0.944391 0.326934 -0.035218 0.695026 0.862852 2 6 0.500000 7 0.500000
  6 4.329590 87.779663 -0.528845 0.456183 0.889754 -0.015357 0.715036 0.829443 2 6 0.500000 7 0.500000
  6 4.474127 87.715881 0.152909 0.456183 0.889754 -0.015357 0.701037 0.864804 2 6 0.500000 7 0.500000
hwn2024_triboniophorus
  6 4.414927 87.670563 0.860217 0.917718 0.323969 0.229866 0.694663 0.903326 2 6 0.500000 7 0.500000
  6 4.510241 87.609314 0.137300 0.944391 0.326934 -0.035218 0.695026 0.862852 2 6 0.500000 7 0.500000
  6 4.474127 87.715881 0.152909 0.456183 0.889754 -0.015357 0.701037 0.864804 2 6 0.500000 7 0.500000
hwn2024_triboniophorus
  6 4.414927 87.670563 0.860217 0.917718 0.323969 0.229866 0.694663 0.903326 2 6 0.500000 7 0.500000
  6 4.474127 87.715881 0.152909 0.456183 0.889754 -0.015357 0.701037 0.864804 2 6 0.500000 7 0.500000
  6 4.381985 87.774628 0.845769 0.456183 0.889754 -0.015357 0.700777 0.902985 2 6 0.500000 7 0.500000
hwn2024_triboniophorus
  6 4.088862 87.848488 1.485048 0.795796 0.372909 0.477123 0.708960 0.940732 2 6 0.500000 7 0.500000
  6 4.414927 87.670563 0.860217 0.917718 0.323969 0.229866 0.694663 0.903326 2 6 0.500000 7 0.500000
  6 4.381985 87.774628 0.845769 0.456183 0.889754 -0.015357 0.700777 0.902985 2 6 0.500000 7 0.500000
hwn2024_triboniophorus
  6 4.088862 87.848488 1.485048 0.795796 0.372909 0.477123 0.708960 0.940732 2 6 0.500000 7 0.500000
  6 4.381985 87.774628 0.845769 0.456183 0.889754 -0.015357 0.700777 0.902985 2 6 0.500000 7 0.500000
  6 4.067974 87.945404 1.444198 0.456183 0.889754 -0.015357 0.714314 0.938149 2 6 0.500000 7 0.500000
hwn2024_triboniophorus
  6 1.811152 89.076332 1.532388 0.456183 0.889754 -0.015357 0.846583 0.963901 2 6 0.500000 7 0.500000
  6 2.347376 88.818115 1.903303 0.456183 0.889754 -0.015357 0.811776 0.978814 2 6 0.500000 7 0.500000
  6 4.381985 87.774628 0.845769 0.456183 0.889754 -0.015357 0.700777 0.902985 2 6 0.500000 7 0.500000
hwn2024_triboniophorus
  6 2.347376 88.818115 1.903303 0.456183 0.889754 -0.015357 0.811776 0.978814 2 6 0.500000 7 0.500000
  6 2.965660 88.511612 2.016573 0.456183 0.889754 -0.015357 0.774788 0.979019 2 6 0.500000 7 0.500000
  6 4.381985 87.774628 0.845769 0.456183 0.889754 -0.015357 0.700777 0.902985 2 6 0.500000 7 0.500000
hwn2024_triboniophorus
  6 4.067974 87.945404 1.444198 0.456183 0.889754 -0.015357 0.714314 0.938149 2 6 0.500000 7 0.500000
  6 4.381985 87.774628 0.845769 0.456183 0.889754 -0.015357 0.700777 0.902985 2 6 0.500000 7 0.500000
  6 2.965660 88.511612 2.016573 0.456183 0.889754 -0.015357 0.774788 0.979019 2 6 0.500000 7 0.500000
hwn2024_triboniophorus
  6 2.965660 88.511612 2.016573 0.456183 0.889754 -0.015357 0.774788 0.979019 2 6 0.500000 7 0.500000
  6 3.572899 88.203590 1.855739 0.456183 0.889754 -0.015357 0.740217 0.964860 2 6 0.500000 7 0.500000
  6 4.067974 87.945404 1.444198 0.456183 0.889754 -0.015357 0.714314 0.938149 2 6 0.500000 7 0.500000
hwn2024_triboniophorus
  6 3.574306 88.117302 1.915184 0.585088 0.464608 0.664689 0.736447 0.969266 2 6 0.500000 7 0.500000
  6 4.088862 87.848488 1.485048 0.795796 0.372909 0.477123 0.708960 0.940732 2 6 0.500000 7 0.500000
  6 4.067974 87.945404 1.444198 0.456183 0.889754 -0.015357 0.714314 0.938149 2 6 0.500000 7 0.500000
hwn2024_triboniophorus
  6 3.574306 88.117302 1.915184 0.585088 0.464608 0.664689 0.736447 0.969266 2 6 0.500000 7 0.500000
  6 4.067974 87.945404 1.444198 0.456183 0.889754 -0.015357 0.714314 0.938149 2 6 0.500000 7 0.500000
  6 3.572899 88.203590 1.855739 0.456183 0.889754 -0.015357 0.740217 0.964860 2 6 0.500000 7 0.500000
hwn2024_triboniophorus
  6 2.941330 88.438499 2.083631 0.319875 0.579447 0.749614 0.773438 0.984375 2 6 0.500000 7 0.500000
  6 3.574306 88.117302 1.915184 0.585088 0.464608 0.664689 0.736447 0.969266 2 6 0.500000 7 0.500000
  6 3.572899 88.203590 1.855739 0.456183 0.889754 -0.015357 0.740217 0.964860 2 6 0.500000 7 0.500000
hwn2024_triboniophorus
  6 2.941330 88.438499 2.083631 0.319875 0.579447 0.749614 0.773438 0.984375 2 6 0.500000 7 0.500000
  6 3.572899 88.203590 1.855739 0.456183 0.889754 -0.015357 0.740217 0.964860 2 6 0.500000 7 0.500000
  6 2.965660 88.511612 2.016573 0.456183 0.889754 -0.015357 0.774788 0.979019 2 6 0.500000 7 0.500000
hwn2024_triboniophorus
  6 2.296257 88.758080 1.965927 0.044942 0.702052 0.710706 0.812500 0.984375 2 6 0.500000 7 0.500000
  6 2.941330 88.438499 2.083631 0.319875 0.579447 0.749614 0.773438 0.984375 2 6 0.500000 7 0.500000
  6 2.965660 88.511612 2.016573 0.456183 0.889754 -0.015357 0.774788 0.979019 2 6 0.500000 7 0.500000
hwn2024_triboniophorus
  6 2.296257 88.758080 1.965927 0.044942 0.702052 0.710706 0.812500 0.984375 2 6 0.500000 7 0.500000
  6 2.965660 88.511612 2.016573 0.456183 0.889754 -0.015357 0.774788 0.979019 2 6 0.500000 7 0.500000
  6 2.347376 88.818115 1.903303 0.456183 0.889754 -0.015357 0.811776 0.978814 2 6 0.500000 7 0.500000
hwn2024_triboniophorus
  6 1.736271 89.027100 1.579214 -0.189446 0.812290 0.551630 0.849913 0.968589 2 6 0.500000 7 0.500000
  6 2.296257 88.758080 1.965927 0.044942 0.702052 0.710706 0.812500 0.984375 2 6 0.500000 7 0.500000
  6 2.347376 88.818115 1.903303 0.456183 0.889754 -0.015357 0.811776 0.978814 2 6 0.500000 7 0.500000
hwn2024_triboniophorus
  6 1.736271 89.027100 1.579214 -0.189446 0.812290 0.551630 0.849913 0.968589 2 6 0.500000 7 0.500000
  6 2.347376 88.818115 1.903303 0.456183 0.889754 -0.015357 0.811776 0.978814 2 6 0.500000 7 0.500000
  6 1.811152 89.076332 1.532388 0.456183 0.889754 -0.015357 0.846583 0.963901 2 6 0.500000 7 0.500000
hwn2024_triboniophorus
  6 1.736271 89.027100 1.579214 -0.189446 0.812290 0.551630 0.849913 0.968589 2 6 0.500000 7 0.500000
  6 1.811152 89.076332 1.532388 0.456183 0.889754 -0.015357 0.846583 0.963901 2 6 0.500000 7 0.500000
  6 1.439693 89.247505 0.961636 0.456183 0.889754 -0.015357 0.873282 0.936711 2 6 0.500000 7 0.500000
hwn2024_triboniophorus
  6 1.439693 89.247505 0.961636 0.456183 0.889754 -0.015357 0.873282 0.936711 2 6 0.500000 7 0.500000
  6 1.811152 89.076332 1.532388 0.456183 0.889754 -0.015357 0.846583 0.963901 2 6 0.500000 7 0.500000
  6 4.381985 87.774628 0.845769 0.456183 0.889754 -0.015357 0.700777 0.902985 2 6 0.500000 7 0.500000
hwn2024_triboniophorus
  6 4.474127 87.715881 0.152909 0.456183 0.889754 -0.015357 0.701037 0.864804 2 6 0.500000 7 0.500000
  6 1.439693 89.247505 0.961636 0.456183 0.889754 -0.015357 0.873282 0.936711 2 6 0.500000 7 0.500000
  6 4.381985 87.774628 0.845769 0.456183 0.889754 -0.015357 0.700777 0.902985 2 6 0.500000 7 0.500000
hwn2024_triboniophorus
  6 1.289892 89.306664 0.278027 0.456183 0.889754 -0.015357 0.887695 0.901565 2 6 0.500000 7 0.500000
  6 1.439693 89.247505 0.961636 0.456183 0.889754 -0.015357 0.873282 0.936711 2 6 0.500000 7 0.500000
  6 4.474127 87.715881 0.152909 0.456183 0.889754 -0.015357 0.701037 0.864804 2 6 0.500000 7 0.500000
hwn2024_triboniophorus
  6 1.385649 89.246452 -0.413723 0.456183 0.889754 -0.015357 0.887699 0.863645 2 6 0.500000 7 0.500000
  6 1.289892 89.306664 0.278027 0.456183 0.889754 -0.015357 0.887695 0.901565 2 6 0.500000 7 0.500000
  6 4.474127 87.715881 0.152909 0.456183 0.889754 -0.015357 0.701037 0.864804 2 6 0.500000 7 0.500000
hwn2024_triboniophorus
  6 1.191347 89.266418 0.270855 -0.378601 0.925460 0.013613 0.893611 0.902097 2 6 0.500000 7 0.500000
  6 1.289892 89.306664 0.278027 0.456183 0.889754 -0.015357 0.887695 0.901565 2 6 0.500000 7 0.500000
  6 1.385649 89.246452 -0.413723 0.456183 0.889754 -0.015357 0.887699 0.863645 2 6 0.500000 7 0.500000
hwn2024_triboniophorus
  6 1.191347 89.266418 0.270855 -0.378601 0.925460 0.013613 0.893611 0.902097 2 6 0.500000 7 0.500000
  6 1.385649 89.246452 -0.413723 0.456183 0.889754 -0.015357 0.887699 0.863645 2 6 0.500000 7 0.500000
  6 1.290920 89.203392 -0.450736 -0.310469 0.912793 -0.265364 0.893545 0.861761 2 6 0.500000 7 0.500000
hwn2024_triboniophorus
  6 1.736271 89.027100 1.579214 -0.189446 0.812290 0.551630 0.849913 0.968589 2 6 0.500000 7 0.500000
  6 1.439693 89.247505 0.961636 0.456183 0.889754 -0.015357 0.873282 0.936711 2 6 0.500000 7 0.500000
  6 1.348177 89.205208 0.983947 -0.337977 0.890967 0.303230 0.878319 0.939525 2 6 0.500000 7 0.500000
hwn2024_triboniophorus
  6 1.348177 89.205208 0.983947 -0.337977 0.890967 0.303230 0.878319 0.939525 2 6 0.500000 7 0.500000
  6 1.439693 89.247505 0.961636 0.456183 0.889754 -0.015357 0.873282 0.936711 2 6 0.500000 7 0.500000
  6 1.289892 89.306664 0.278027 0.456183 0.889754 -0.015357 0.887695 0.901565 2 6 0.500000 7 0.500000
hwn2024_triboniophorus
  6 1.348177 89.205208 0.983947 -0.337977 0.890967 0.303230 0.878319 0.939525 2 6 0.500000 7 0.500000
  6 1.289892 89.306664 0.278027 0.456183 0.889754 -0.015357 0.887695 0.901565 2 6 0.500000 7 0.500000
  6 1.191347 89.266418 0.270855 -0.378601 0.925460 0.013613 0.893611 0.902097 2 6 0.500000 7 0.500000
hwn2024_triboniophorus
  6 2.762793 85.501518 -3.004204 0.392566 0.919074 0.034572 0.964844 0.921875 2 6 0.500000 7 0.500000
  6 3.642801 85.053345 -2.446895 0.455383 0.887911 0.065115 0.964844 0.863281 2 6 0.500000 7 0.500000
  6 3.663780 84.974350 -2.515035 0.720579 0.069017 -0.689929 0.968750 0.863281 2 6 0.500000 7 0.500000
hwn2024_triboniophorus
  6 4.222981 84.640800 -1.566226 0.494429 0.862207 0.110179 0.964844 0.804688 2 6 0.500000 7 0.500000
  6 3.663780 84.974350 -2.515035 0.720579 0.069017 -0.689929 0.968750 0.863281 2 6 0.500000 7 0.500000
  6 3.642801 85.053345 -2.446895 0.455383 0.887911 0.065115 0.964844 0.863281 2 6 0.500000 7 0.500000
hwn2024_triboniophorus
  6 4.222981 84.640800 -1.566226 0.494429 0.862207 0.110179 0.964844 0.804688 2 6 0.500000 7 0.500000
  6 4.259974 84.550362 -1.612107 0.918967 -0.061448 -0.389516 0.968750 0.804688 2 6 0.500000 7 0.500000
  6 3.663780 84.974350 -2.515035 0.720579 0.069017 -0.689929 0.968750 0.863281 2 6 0.500000 7 0.500000
hwn2024_triboniophorus
  6 4.419966 84.344742 -0.492966 0.510176 0.844958 0.160519 0.964844 0.742188 2 6 0.500000 7 0.500000
  6 4.259974 84.550362 -1.612107 0.918967 -0.061448 -0.389516 0.968750 0.804688 2 6 0.500000 7 0.500000
  6 4.222981 84.640800 -1.566226 0.494429 0.862207 0.110179 0.964844 0.804688 2 6 0.500000 7 0.500000
hwn2024_triboniophorus
  6 4.419966 84.344742 -0.492966 0.510176 0.844958 0.160519 0.964844 0.742188 2 6 0.500000 7 0.500000
  6 4.463164 84.245720 -0.511821 0.987791 -0.153241 -0.028044 0.968750 0.742188 2 6 0.500000 7 0.500000
  6 4.259974 84.550362 -1.612107 0.918967 -0.061448 -0.389516 0.968750 0.804688 2 6 0.500000 7 0.500000
hwn2024_triboniophorus
  6 4.463164 84.245720 -0.511821 0.987791 -0.153241 -0.028044 0.968750 0.742188 2 6 0.500000 7 0.500000
  6 4.151922 83.845406 0.567338 0.866569 -0.384535 0.318106 0.984375 0.683594 2 6 0.500000 7 0.500000
  6 4.361336 83.966171 -0.567641 0.940490 -0.334132 -0.061923 0.984375 0.742188 2 6 0.500000 7 0.500000
hwn2024_triboniophorus
  6 4.463164 84.245720 -0.511821 0.987791 -0.153241 -0.028044 0.968750 0.742188 2 6 0.500000 7 0.500000
  6 4.361336 83.966171 -0.567641 0.940490 -0.334132 -0.061923 0.984375 0.742188 2 6 0.500000 7 0.500000
  6 4.155073 84.272346 -1.668400 0.868949 -0.237861 -0.433992 0.984375 0.804688 2 6 0.500000 7 0.500000
hwn2024_triboniophorus
  6 4.463164 84.245720 -0.511821 0.987791 -0.153241 -0.028044 0.968750 0.742188 2 6 0.500000 7 0.500000
  6 4.155073 84.272346 -1.668400 0.868949 -0.237861 -0.433992 0.984375 0.804688 2 6 0.500000 7 0.500000
  6 4.259974 84.550362 -1.612107 0.918967 -0.061448 -0.389516 0.968750 0.804688 2 6 0.500000 7 0.500000
hwn2024_triboniophorus
  6 4.259974 84.550362 -1.612107 0.918967 -0.061448 -0.389516 0.968750 0.804688 2 6 0.500000 7 0.500000
  6 4.155073 84.272346 -1.668400 0.868949 -0.237861 -0.433992 0.984375 0.804688 2 6 0.500000 7 0.500000
  6 3.558010 84.696892 -2.571446 0.683323 -0.102379 -0.722903 0.984375 0.863281 2 6 0.500000 7 0.500000
hwn2024_triboniophorus
  6 4.259974 84.550362 -1.612107 0.918967 -0.061448 -0.389516 0.968750 0.804688 2 6 0.500000 7 0.500000
  6 3.558010 84.696892 -2.571446 0.683323 -0.102379 -0.722903 0.984375 0.863281 2 6 0.500000 7 0.500000
  6 3.663780 84.974350 -2.515035 0.720579 0.069017 -0.689929 0.968750 0.863281 2 6 0.500000 7 0.500000
hwn2024_triboniophorus
  6 2.761900 85.434090 -3.086259 0.421297 0.221021 -0.879578 0.968750 0.921875 2 6 0.500000 7 0.500000
  6 3.663780 84.974350 -2.515035 0.720579 0.069017 -0.689929 0.968750 0.863281 2 6 0.500000 7 0.500000
  6 3.558010 84.696892 -2.571446 0.683323 -0.102379 -0.722903 0.984375 0.863281 2 6 0.500000 7 0.500000
hwn2024_triboniophorus
  6 2.762793 85.501518 -3.004204 0.392566 0.919074 0.034572 0.964844 0.921875 2 6 0.500000 7 0.500000
  6 3.663780 84.974350 -2.515035 0.720579 0.069017 -0.689929 0.968750 0.863281 2 6 0.500000 7 0.500000
  6 2.761900 85.434090 -3.086259 0.421297 0.221021 -0.879578 0.968750 0.921875 2 6 0.500000 7 0.500000
hwn2024_triboniophorus
  6 1.716702 85.908447 -3.154086 0.316815 0.947954 0.031787 0.964844 0.984375 2 6 0.500000 7 0.500000
  6 2.762793 85.501518 -3.004204 0.392566 0.919074 0.034572 0.964844 0.921875 2 6 0.500000 7 0.500000
  6 2.761900 85.434090 -3.086259 0.421297 0.221021 -0.879578 0.968750 0.921875 2 6 0.500000 7 0.500000
hwn2024_triboniophorus
  6 1.742868 85.780670 -2.134319 0.317956 0.945085 0.075622 0.910156 0.984375 2 6 0.500000 7 0.500000
  6 2.762793 85.501518 -3.004204 0.392566 0.919074 0.034572 0.964844 0.921875 2 6 0.500000 7 0.500000
  6 1.716702 85.908447 -3.154086 0.316815 0.947954 0.031787 0.964844 0.984375 2 6 0.500000 7 0.500000
hwn2024_triboniophorus
  6 1.742868 85.780670 -2.134319 0.317956 0.945085 0.075622 0.910156 0.984375 2 6 0.500000 7 0.500000
  6 2.422012 85.523567 -2.036407 0.378035 0.922628 0.076460 0.910156 0.921875 2 6 0.500000 7 0.500000
  6 2.762793 85.501518 -3.004204 0.392566 0.919074 0.034572 0.964844 0.921875 2 6 0.500000 7 0.500000
hwn2024_triboniophorus
  6 2.422012 85.523567 -2.036407 0.378035 0.922628 0.076460 0.910156 0.921875 2 6 0.500000 7 0.500000
  6 3.642801 85.053345 -2.446895 0.455383 0.887911 0.065115 0.964844 0.863281 2 6 0.500000 7 0.500000
  6 2.762793 85.501518 -3.004204 0.392566 0.919074 0.034572 0.964844 0.921875 2 6 0.500000 7 0.500000
hwn2024_triboniophorus
  6 2.422012 85.523567 -2.036407 0.378035 0.922628 0.076460 0.910156 0.921875 2 6 0.500000 7 0.500000
  6 2.988295 85.241783 -1.675792 0.427825 0.898428 0.098958 0.910156 0.863281 2 6 0.500000 7 0.500000
  6 3.642801 85.053345 -2.446895 0.455383 0.887911 0.065115 0.964844 0.863281 2 6 0.500000 7 0.500000
hwn2024_triboniophorus
  6 3.353872 84.987480 -1.106754 0.459525 0.878236 0.132431 0.910156 0.804688 2 6 0.500000 7 0.500000
  6 3.642801 85.053345 -2.446895 0.455383 0.887911 0.065115 0.964844 0.863281 2 6 0.500000 7 0.500000
  6 2.988295 85.241783 -1.675792 0.427825 0.898428 0.098958 0.910156 0.863281 2 6 0.500000 7 0.500000
hwn2024_triboniophorus
  6 3.353872 84.987480 -1.106754 0.459525 0.878236 0.132431 0.910156 0.804688 2 6 0.500000 7 0.500000
  6 4.222981 84.640800 -1.566226 0.494429 0.862207 0.110179 0.964844 0.804688 2 6 0.500000 7 0.500000
  6 3.642801 85.053345 -2.446895 0.455383 0.887911 0.065115 0.964844 0.863281 2 6 0.500000 7 0.500000
hwn2024_triboniophorus
  6 3.479467 84.804565 -0.411806 0.472190 0.866145 0.163795 0.910156 0.742188 2 6 0.500000 7 0.500000
  6 4.222981 84.640800 -1.566226 0.494429 0.862207 0.110179 0.964844 0.804688 2 6 0.500000 7 0.500000
  6 3.353872 84.987480 -1.106754 0.459525 0.878236 0.132431 0.910156 0.804688 2 6 0.500000 7 0.500000
hwn2024_triboniophorus
  6 3.479467 84.804565 -0.411806 0.472190 0.866145 0.163795 0.910156 0.742188 2 6 0.500000 7 0.500000
  6 4.419966 84.344742 -0.492966 0.510176 0.844958 0.160519 0.964844 0.742188 2 6 0.500000 7 0.500000
  6 4.222981 84.640800 -1.566226 0.494429 0.862207 0.110179 0.964844 0.804688 2 6 0.500000 7 0.500000
hwn2024_triboniophorus
  6 3.351255 84.728340 0.305309 0.472190 0.866145 0.163795 0.910156 0.683594 2 6 0.500000 7 0.500000
  6 4.419966 84.344742 -0.492966 0.510176 0.844958 0.160519 0.964844 0.742188 2 6 0.500000 7 0.500000
  6 3.479467 84.804565 -0.411806 0.472190 0.866145 0.163795 0.910156 0.742188 2 6 0.500000 7 0.500000
hwn2024_triboniophorus
  6 1.716702 85.908447 -3.154086 0.316815 0.947954 0.031787 0.964844 0.984375 2 6 0.500000 7 0.500000
  6 2.761900 85.434090 -3.086259 0.421297 0.221021 -0.879578 0.968750 0.921875 2 6 0.500000 7 0.500000
  6 1.689821 85.851761 -3.239813 0.065701 0.366711 -0.928012 0.968750 0.984375 2 6 0.500000 7 0.500000
hwn2024_triboniophorus
  6 1.689821 85.851761 -3.239813 0.065701 0.366711 -0.928012 0.968750 0.984375 2 6 0.500000 7 0.500000
  6 2.761900 85.434090 -3.086259 0.421297 0.221021 -0.879578 0.968750 0.921875 2 6 0.500000 7 0.500000
  6 2.656120 85.156609 -3.142667 0.372768 0.046974 -0.926735 0.984375 0.921875 2 6 0.500000 7 0.500000
hwn2024_triboniophorus
  6 2.761900 85.434090 -3.086259 0.421297 0.221021 -0.879578 0.968750 0.921875 2 6 0.500000 7 0.500000
  6 3.558010 84.696892 -2.571446 0.683323 -0.102379 -0.722903 0.984375 0.863281 2 6 0.500000 7 0.500000
  6 2.656120 85.156609 -3.142667 0.372768 0.046974 -0.926735 0.984375 0.921875 2 6 0.500000 7 0.500000
hwn2024_triboniophorus
  6 1.689821 85.851761 -3.239813 0.065701 0.366711 -0.928012 0.968750 0.984375 2 6 0.500000 7 0.500000
  6 2.656120 85.156609 -3.142667 0.372768 0.046974 -0.926735 0.984375 0.921875 2 6 0.500000 7 0.500000
  6 1.583986 85.574135 -3.296249 -0.008694 0.192110 -0.981335 0.984375 0.984375 2 6 0.500000 7 0.500000
hwn2024_triboniophorus
  6 -0.292128 85.603241 1.874242 -0.598100 0.279034 0.751277 0.968750 0.378906 2 6 0.500000 7 0.500000
  6 -0.398077 85.325134 1.817714 -0.667413 0.104829 0.737273 0.984375 0.378906 2 6 0.500000 7 0.500000
  6 0.522072 84.922607 2.399678 -0.364444 -0.050122 0.929875 0.984375 0.441406 2 6 0.500000 7 0.500000
hwn2024_triboniophorus
  6 -0.292128 85.603241 1.874242 -0.598100 0.279034 0.751277 0.968750 0.378906 2 6 0.500000 7 0.500000
  6 0.522072 84.922607 2.399678 -0.364444 -0.050122 0.929875 0.984375 0.441406 2 6 0.500000 7 0.500000
  6 0.627869 85.200241 2.456117 -0.298686 0.124832 0.946152 0.968750 0.441406 2 6 0.500000 7 0.500000
hwn2024_triboniophorus
  6 -0.216293 85.666634 1.835146 0.197578 0.946932 0.253542 0.964844 0.378906 2 6 0.500000 7 0.500000
  6 -0.292128 85.603241 1.874242 -0.598100 0.279034 0.751277 0.968750 0.378906 2 6 0.500000 7 0.500000
  6 0.627869 85.200241 2.456117 -0.298686 0.124832 0.946152 0.968750 0.441406 2 6 0.500000 7 0.500000
hwn2024_triboniophorus
  6 -0.216293 85.666634 1.835146 0.197578 0.946932 0.253542 0.964844 0.378906 2 6 0.500000 7 0.500000
  6 0.627869 85.200241 2.456117 -0.298686 0.124832 0.946152 0.968750 0.441406 2 6 0.500000 7 0.500000
  6 0.681458 85.274323 2.402950 0.259256 0.917097 0.302851 0.964844 0.441406 2 6 0.500000 7 0.500000
hwn2024_triboniophorus
  6 0.495625 85.630974 1.093271 0.228229 0.948059 0.221576 0.910156 0.378906 2 6 0.500000 7 0.500000
  6 -0.216293 85.666634 1.835146 0.197578 0.946932 0.253542 0.964844 0.378906 2 6 0.500000 7 0.500000
  6 0.681458 85.274323 2.402950 0.259256 0.917097 0.302851 0.964844 0.441406 2 6 0.500000 7 0.500000
hwn2024_triboniophorus
  6 0.495625 85.630974 1.093271 0.228229 0.948059 0.221576 0.910156 0.378906 2 6 0.500000 7 0.500000
  6 0.681458 85.274323 2.402950 0.259256 0.917097 0.302851 0.964844 0.441406 2 6 0.500000 7 0.500000
  6 1.080492 85.384361 1.463541 0.276773 0.924692 0.261422 0.910156 0.441406 2 6 0.500000 7 0.500000
hwn2024_triboniophorus
  6 1.080492 85.384361 1.463541 0.276773 0.924692 0.261422 0.910156 0.441406 2 6 0.500000 7 0.500000
  6 0.681458 85.274323 2.402950 0.259256 0.917097 0.302851 0.964844 0.441406 2 6 0.500000 7 0.500000
  6 1.729195 84.872543 2.554358 0.338887 0.884262 0.321304 0.964844 0.500000 2 6 0.500000 7 0.500000
hwn2024_triboniophorus
  6 1.080492 85.384361 1.463541 0.276773 0.924692 0.261422 0.910156 0.441406 2 6 0.500000 7 0.500000
  6 1.729195 84.872543 2.554358 0.338887 0.884262 0.321304 0.964844 0.500000 2 6 0.500000 7 0.500000
  6 1.759884 85.130142 1.562706 0.338057 0.899255 0.277593 0.910156 0.500000 2 6 0.500000 7 0.500000
hwn2024_triboniophorus
  6 1.759884 85.130142 1.562706 0.338057 0.899255 0.277593 0.910156 0.500000 2 6 0.500000 7 0.500000
  6 1.729195 84.872543 2.554358 0.338887 0.884262 0.321304 0.964844 0.500000 2 6 0.500000 7 0.500000
  6 2.767548 84.526398 2.266870 0.411232 0.858859 0.305368 0.964844 0.562500 2 6 0.500000 7 0.500000
hwn2024_triboniophorus
  6 1.759884 85.130142 1.562706 0.338057 0.899255 0.277593 0.910156 0.500000 2 6 0.500000 7 0.500000
  6 2.767548 84.526398 2.266870 0.411232 0.858859 0.305368 0.964844 0.562500 2 6 0.500000 7 0.500000
  6 2.428566 84.911720 1.376486 0.398389 0.878016 0.265280 0.910156 0.562500 2 6 0.500000 7 0.500000
hwn2024_triboniophorus
  6 2.982021 84.769890 0.933747 0.443977 0.865285 0.232737 0.910156 0.621094 2 6 0.500000 7 0.500000
  6 2.428566 84.911720 1.376486 0.398389 0.878016 0.265280 0.910156 0.562500 2 6 0.500000 7 0.500000
  6 2.767548 84.526398 2.266870 0.411232 0.858859 0.305368 0.964844 0.562500 2 6 0.500000 7 0.500000
hwn2024_triboniophorus
  6 2.982021 84.769890 0.933747 0.443977 0.865285 0.232737 0.910156 0.621094 2 6 0.500000 7 0.500000
  6 2.767548 84.526398 2.266870 0.411232 0.858859 0.305368 0.964844 0.562500 2 6 0.500000 7 0.500000
  6 3.639933 84.295982 1.585107 0.471134 0.842587 0.260923 0.964844 0.621094 2 6 0.500000 7 0.500000
hwn2024_triboniophorus
  6 3.351255 84.728340 0.305309 0.472190 0.866145 0.163795 0.910156 0.683594 2 6 0.500000 7 0.500000
  6 2.982021 84.769890 0.933747 0.443977 0.865285 0.232737 0.910156 0.621094 2 6 0.500000 7 0.500000
  6 3.639933 84.295982 1.585107 0.471134 0.842587 0.260923 0.964844 0.621094 2 6 0.500000 7 0.500000
hwn2024_triboniophorus
  6 3.351255 84.728340 0.305309 0.472190 0.866145 0.163795 0.910156 0.683594 2 6 0.500000 7 0.500000
  6 3.639933 84.295982 1.585107 0.471134 0.842587 0.260923 0.964844 0.621094 2 6 0.500000 7 0.500000
  6 4.217138 84.226440 0.614524 0.501981 0.838617 0.211511 0.964844 0.683594 2 6 0.500000 7 0.500000
hwn2024_triboniophorus
  6 3.351255 84.728340 0.305309 0.472190 0.866145 0.163795 0.910156 0.683594 2 6 0.500000 7 0.500000
  6 4.217138 84.226440 0.614524 0.501981 0.838617 0.211511 0.964844 0.683594 2 6 0.500000 7 0.500000
  6 4.419966 84.344742 -0.492966 0.510176 0.844958 0.160519 0.964844 0.742188 2 6 0.500000 7 0.500000
hwn2024_triboniophorus
  6 4.419966 84.344742 -0.492966 0.510176 0.844958 0.160519 0.964844 0.742188 2 6 0.500000 7 0.500000
  6 4.217138 84.226440 0.614524 0.501981 0.838617 0.211511 0.964844 0.683594 2 6 0.500000 7 0.500000
  6 4.254719 84.124420 0.623302 0.917798 -0.202776 0.341362 0.968750 0.683594 2 6 0.500000 7 0.500000
hwn2024_triboniophorus
  6 4.419966 84.344742 -0.492966 0.510176 0.844958 0.160519 0.964844 0.742188 2 6 0.500000 7 0.500000
  6 4.254719 84.124420 0.623302 0.917798 -0.202776 0.341362 0.968750 0.683594 2 6 0.500000 7 0.500000
  6 4.463164 84.245720 -0.511821 0.987791 -0.153241 -0.028044 0.968750 0.742188 2 6 0.500000 7 0.500000
hwn2024_triboniophorus
  6 4.463164 84.245720 -0.511821 0.987791 -0.153241 -0.028044 0.968750 0.742188 2 6 0.500000 7 0.500000
  6 4.254719 84.124420 0.623302 0.917798 -0.202776 0.341362 0.968750 0.683594 2 6 0.500000 7 0.500000
  6 4.151922 83.845406 0.567338 0.866569 -0.384535 0.318106 0.984375 0.683594 2 6 0.500000 7 0.500000
hwn2024_triboniophorus
  6 0.097153 85.834602 0.510627 0.200360 0.963851 0.175635 0.910156 0.320312 2 6 0.500000 7 0.500000
  6 -0.216293 85.666634 1.835146 0.197578 0.946932 0.253542 0.964844 0.378906 2 6 0.500000 7 0.500000
  6 0.495625 85.630974 1.093271 0.228229 0.948059 0.221576 0.910156 0.378906 2 6 0.500000 7 0.500000
hwn2024_triboniophorus
  6 2.765974 84.432915 2.316530 0.414598 -0.137010 0.899632 0.968750 0.562500 2 6 0.500000 7 0.500000
  6 1.595976 84.510506 2.554837 -0.013981 -0.225369 0.974173 0.984375 0.500000 2 6 0.500000 7 0.500000
  6 2.660265 84.155563 2.260143 0.352422 -0.313313 0.881835 0.984375 0.562500 2 6 0.500000 7 0.500000
hwn2024_triboniophorus
  6 2.765974 84.432915 2.316530 0.414598 -0.137010 0.899632 0.968750 0.562500 2 6 0.500000 7 0.500000
  6 1.701691 84.787895 2.611234 0.036372 -0.004624 0.999328 0.968750 0.500000 2 6 0.500000 7 0.500000
  6 1.595976 84.510506 2.554837 -0.013981 -0.225369 0.974173 0.984375 0.500000 2 6 0.500000 7 0.500000
hwn2024_triboniophorus
  6 0.627869 85.200241 2.456117 -0.298686 0.124832 0.946152 0.968750 0.441406 2 6 0.500000 7 0.500000
  6 1.595976 84.510506 2.554837 -0.013981 -0.225369 0.974173 0.984375 0.500000 2 6 0.500000 7 0.500000
  6 1.701691 84.787895 2.611234 0.036372 -0.004624 0.999328 0.968750 0.500000 2 6 0.500000 7 0.500000
hwn2024_triboniophorus
  6 0.681458 85.274323 2.402950 0.259256 0.917097 0.302851 0.964844 0.441406 2 6 0.500000 7 0.500000
  6 0.627869 85.200241 2.456117 -0.298686 0.124832 0.946152 0.968750 0.441406 2 6 0.500000 7 0.500000
  6 1.701691 84.787895 2.611234 0.036372 -0.004624 0.999328 0.968750 0.500000 2 6 0.500000 7 0.500000
hwn2024_triboniophorus
  6 0.681458 85.274323 2.402950 0.259256 0.917097 0.302851 0.964844 0.441406 2 6 0.500000 7 0.500000
  6 1.701691 84.787895 2.611234 0.036372 -0.004624 0.999328 0.968750 0.500000 2 6 0.500000 7 0.500000
  6 1.729195 84.872543 2.554358 0.338887 0.884262 0.321304 0.964844 0.500000 2 6 0.500000 7 0.500000
hwn2024_triboniophorus
  6 2.767548 84.526398 2.266870 0.411232 0.858859 0.305368 0.964844 0.562500 2 6 0.500000 7 0.500000
  6 1.729195 84.872543 2.554358 0.338887 0.884262 0.321304 0.964844 0.500000 2 6 0.500000 7 0.500000
  6 1.701691 84.787895 2.611234 0.036372 -0.004624 0.999328 0.968750 0.500000 2 6 0.500000 7 0.500000
hwn2024_triboniophorus
  6 2.767548 84.526398 2.266870 0.411232 0.858859 0.305368 0.964844 0.562500 2 6 0.500000 7 0.500000
  6 1.701691 84.787895 2.611234 0.036372 -0.004624 0.999328 0.968750 0.500000 2 6 0.500000 7 0.500000
  6 2.765974 84.432915 2.316530 0.414598 -0.137010 0.899632 0.968750 0.562500 2 6 0.500000 7 0.500000
hwn2024_triboniophorus
  6 3.639933 84.295982 1.585107 0.471134 0.842587 0.260923 0.964844 0.621094 2 6 0.500000 7 0.500000
  6 2.767548 84.526398 2.266870 0.411232 0.858859 0.305368 0.964844 0.562500 2 6 0.500000 7 0.500000
  6 2.765974 84.432915 2.316530 0.414598 -0.137010 0.899632 0.968750 0.562500 2 6 0.500000 7 0.500000
hwn2024_triboniophorus
  6 3.639933 84.295982 1.585107 0.471134 0.842587 0.260923 0.964844 0.621094 2 6 0.500000 7 0.500000
  6 2.765974 84.432915 2.316530 0.414598 -0.137010 0.899632 0.968750 0.562500 2 6 0.500000 7 0.500000
  6 3.661539 84.196198 1.617929 0.717049 -0.200597 0.667534 0.968750 0.621094 2 6 0.500000 7 0.500000
hwn2024_triboniophorus
  6 4.217138 84.226440 0.614524 0.501981 0.838617 0.211511 0.964844 0.683594 2 6 0.500000 7 0.500000
  6 3.639933 84.295982 1.585107 0.471134 0.842587 0.260923 0.964844 0.621094 2 6 0.500000 7 0.500000
  6 3.661539 84.196198 1.617929 0.717049 -0.200597 0.667534 0.968750 0.621094 2 6 0.500000 7 0.500000
hwn2024_triboniophorus
  6 4.217138 84.226440 0.614524 0.501981 0.838617 0.211511 0.964844 0.683594 2 6 0.500000 7 0.500000
  6 3.661539 84.196198 1.617929 0.717049 -0.200597 0.667534 0.968750 0.621094 2 6 0.500000 7 0.500000
  6 4.254719 84.124420 0.623302 0.917798 -0.202776 0.341362 0.968750 0.683594 2 6 0.500000 7 0.500000
hwn2024_triboniophorus
  6 4.254719 84.124420 0.623302 0.917798 -0.202776 0.341362 0.968750 0.683594 2 6 0.500000 7 0.500000
  6 3.661539 84.196198 1.617929 0.717049 -0.200597 0.667534 0.968750 0.621094 2 6 0.500000 7 0.500000
  6 3.556232 83.918526 1.561590 0.673052 -0.373731 0.638221 0.984375 0.621094 2 6 0.500000 7 0.500000
hwn2024_triboniophorus
  6 4.254719 84.124420 0.623302 0.917798 -0.202776 0.341362 0.968750 0.683594 2 6 0.500000 7 0.500000
  6 3.556232 83.918526 1.561590 0.673052 -0.373731 0.638221 0.984375 0.621094 2 6 0.500000 7 0.500000
  6 4.151922 83.845406 0.567338 0.866569 -0.384535 0.318106 0.984375 0.683594 2 6 0.500000 7 0.500000
hwn2024_triboniophorus
  6 3.661539 84.196198 1.617929 0.717049 -0.200597 0.667534 0.968750 0.621094 2 6 0.500000 7 0.500000
  6 2.660265 84.155563 2.260143 0.352422 -0.313313 0.881835 0.984375 0.562500 2 6 0.500000 7 0.500000
  6 3.556232 83.918526 1.561590 0.673052 -0.373731 0.638221 0.984375 0.621094 2 6 0.500000 7 0.500000
hwn2024_triboniophorus
  6 3.661539 84.196198 1.617929 0.717049 -0.200597 0.667534 0.968750 0.621094 2 6 0.500000 7 0.500000
  6 2.765974 84.432915 2.316530 0.414598 -0.137010 0.899632 0.968750 0.562500 2 6 0.500000 7 0.500000
  6 2.660265 84.155563 2.260143 0.352422 -0.313313 0.881835 0.984375 0.562500 2 6 0.500000 7 0.500000
hwn2024_triboniophorus
  6 0.627869 85.200241 2.456117 -0.298686 0.124832 0.946152 0.968750 0.441406 2 6 0.500000 7 0.500000
  6 0.522072 84.922607 2.399678 -0.364444 -0.050122 0.929875 0.984375 0.441406 2 6 0.500000 7 0.500000
  6 1.595976 84.510506 2.554837 -0.013981 -0.225369 0.974173 0.984375 0.500000 2 6 0.500000 7 0.500000
hwn2024_triboniophorus
  6 -0.941584 86.281784 -1.293460 -0.775257 0.556435 -0.298926 0.968750 0.199219 2 6 0.500000 7 0.500000
  6 -0.425571 86.019318 -2.327913 -0.660756 0.383000 -0.645533 0.984375 0.136719 2 6 0.500000 7 0.500000
  6 -1.047945 86.002716 -1.350112 -0.860197 0.397982 -0.318859 0.984375 0.199219 2 6 0.500000 7 0.500000
hwn2024_triboniophorus
  6 -0.941584 86.281784 -1.293460 -0.775257 0.556435 -0.298926 0.968750 0.199219 2 6 0.500000 7 0.500000
  6 -1.047945 86.002716 -1.350112 -0.860197 0.397982 -0.318859 0.984375 0.199219 2 6 0.500000 7 0.500000
  6 -1.256319 85.876846 -0.217628 -0.929552 0.363227 0.063244 0.984375 0.257812 2 6 0.500000 7 0.500000
hwn2024_triboniophorus
  6 -0.941584 86.281784 -1.293460 -0.775257 0.556435 -0.298926 0.968750 0.199219 2 6 0.500000 7 0.500000
  6 -1.256319 85.876846 -0.217628 -0.929552 0.363227 0.063244 0.984375 0.257812 2 6 0.500000 7 0.500000
  6 -1.149120 86.155685 -0.161187 -0.854515 0.511808 0.088640 0.968750 0.257812 2 6 0.500000 7 0.500000
hwn2024_triboniophorus
  6 -1.149120 86.155685 -0.161187 -0.854515 0.511808 0.088640 0.968750 0.257812 2 6 0.500000 7 0.500000
  6 -1.256319 85.876846 -0.217628 -0.929552 0.363227 0.063244 0.984375 0.257812 2 6 0.500000 7 0.500000
  6 -1.023853 85.654274 0.897388 -0.868087 0.244688 0.431917 0.984375 0.320312 2 6 0.500000 7 0.500000
hwn2024_triboniophorus
  6 -1.149120 86.155685 -0.161187 -0.854515 0.511808 0.088640 0.968750 0.257812 2 6 0.500000 7 0.500000
  6 -1.023853 85.654274 0.897388 -0.868087 0.244688 0.431917 0.984375 0.320312 2 6 0.500000 7 0.500000
  6 -0.917213 85.932884 0.953904 -0.789371 0.443169 0.424847 0.968750 0.320312 2 6 0.500000 7 0.500000
hwn2024_triboniophorus
  6 -0.917213 85.932884 0.953904 -0.789371 0.443169 0.424847 0.968750 0.320312 2 6 0.500000 7 0.500000
  6 -1.023853 85.654274 0.897388 -0.868087 0.244688 0.431917 0.984375 0.320312 2 6 0.500000 7 0.500000
  6 -0.398077 85.325134 1.817714 -0.667413 0.104829 0.737273 0.984375 0.378906 2 6 0.500000 7 0.500000
hwn2024_triboniophorus
  6 -0.917213 85.932884 0.953904 -0.789371 0.443169 0.424847 0.968750 0.320312 2 6 0.500000 7 0.500000
  6 -0.398077 85.325134 1.817714 -0.667413 0.104829 0.737273 0.984375 0.378906 2 6 0.500000 7 0.500000
  6 -0.292128 85.603241 1.874242 -0.598100 0.279034 0.751277 0.968750 0.378906 2 6 0.500000 7 0.500000
hwn2024_triboniophorus
  6 -0.825634 85.987144 0.936843 0.161512 0.967763 0.193258 0.964844 0.320312 2 6 0.500000 7 0.500000
  6 -0.917213 85.932884 0.953904 -0.789371 0.443169 0.424847 0.968750 0.320312 2 6 0.500000 7 0.500000
  6 -0.292128 85.603241 1.874242 -0.598100 0.279034 0.751277 0.968750 0.378906 2 6 0.500000 7 0.500000
hwn2024_triboniophorus
  6 -0.825634 85.987144 0.936843 0.161512 0.967763 0.193258 0.964844 0.320312 2 6 0.500000 7 0.500000
  6 -0.292128 85.603241 1.874242 -0.598100 0.279034 0.751277 0.968750 0.378906 2 6 0.500000 7 0.500000
  6 -0.216293 85.666634 1.835146 0.197578 0.946932 0.253542 0.964844 0.378906 2 6 0.500000 7 0.500000
hwn2024_triboniophorus
  6 0.097153 85.834602 0.510627 0.200360 0.963851 0.175635 0.910156 0.320312 2 6 0.500000 7 0.500000
  6 -0.825634 85.987144 0.936843 0.161512 0.967763 0.193258 0.964844 0.320312 2 6 0.500000 7 0.500000
  6 -0.216293 85.666634 1.835146 0.197578 0.946932 0.253542 0.964844 0.378906 2 6 0.500000 7 0.500000
hwn2024_triboniophorus
  6 -0.050573 85.976730 -0.193314 0.214275 0.968851 0.124155 0.910156 0.257812 2 6 0.500000 7 0.500000
  6 -0.825634 85.987144 0.936843 0.161512 0.967763 0.193258 0.964844 0.320312 2 6 0.500000 7 0.500000
  6 0.097153 85.834602 0.510627 0.200360 0.963851 0.175635 0.910156 0.320312 2 6 0.500000 7 0.500000
hwn2024_triboniophorus
  6 -0.050573 85.976730 -0.193314 0.214275 0.968851 0.124155 0.910156 0.257812 2 6 0.500000 7 0.500000
  6 -1.052258 86.204185 -0.151121 0.156697 0.979450 0.126977 0.964844 0.257812 2 6 0.500000 7 0.500000
  6 -0.825634 85.987144 0.936843 0.161512 0.967763 0.193258 0.964844 0.320312 2 6 0.500000 7 0.500000
hwn2024_triboniophorus
  6 0.081234 86.054619 -0.907795 0.214275 0.968851 0.124155 0.910156 0.199219 2 6 0.500000 7 0.500000
  6 -1.052258 86.204185 -0.151121 0.156697 0.979450 0.126977 0.964844 0.257812 2 6 0.500000 7 0.500000
  6 -0.050573 85.976730 -0.193314 0.214275 0.968851 0.124155 0.910156 0.257812 2 6 0.500000 7 0.500000
hwn2024_triboniophorus
  6 0.081234 86.054619 -0.907795 0.214275 0.968851 0.124155 0.910156 0.199219 2 6 0.500000 7 0.500000
  6 -0.849947 86.327087 -1.255550 0.156697 0.979450 0.126977 0.964844 0.199219 2 6 0.500000 7 0.500000
  6 -1.052258 86.204185 -0.151121 0.156697 0.979450 0.126977 0.964844 0.257812 2 6 0.500000 7 0.500000
hwn2024_triboniophorus
  6 0.081234 86.054619 -0.907795 0.214275 0.968851 0.124155 0.910156 0.199219 2 6 0.500000 7 0.500000
  6 -0.243675 86.342720 -2.209423 0.186469 0.977948 0.094057 0.964844 0.136719 2 6 0.500000 7 0.500000
  6 -0.849947 86.327087 -1.255550 0.156697 0.979450 0.126977 0.964844 0.199219 2 6 0.500000 7 0.500000
hwn2024_triboniophorus
  6 -0.849947 86.327087 -1.255550 0.156697 0.979450 0.126977 0.964844 0.199219 2 6 0.500000 7 0.500000
  6 -0.243675 86.342720 -2.209423 0.186469 0.977948 0.094057 0.964844 0.136719 2 6 0.500000 7 0.500000
  6 -0.319391 86.297920 -2.271328 -0.590736 0.547556 -0.592632 0.968750 0.136719 2 6 0.500000 7 0.500000
hwn2024_triboniophorus
  6 -0.243675 86.342720 -2.209423 0.186469 0.977948 0.094057 0.964844 0.136719 2 6 0.500000 7 0.500000
  6 0.608034 86.156235 -2.953436 -0.291419 0.481739 -0.826440 0.968750 0.078125 2 6 0.500000 7 0.500000
  6 -0.319391 86.297920 -2.271328 -0.590736 0.547556 -0.592632 0.968750 0.136719 2 6 0.500000 7 0.500000
hwn2024_triboniophorus
  6 -0.319391 86.297920 -2.271328 -0.590736 0.547556 -0.592632 0.968750 0.136719 2 6 0.500000 7 0.500000
  6 0.608034 86.156235 -2.953436 -0.291419 0.481739 -0.826440 0.968750 0.078125 2 6 0.500000 7 0.500000
  6 0.502073 85.878227 -3.009927 -0.354860 0.314166 -0.880553 0.984375 0.078125 2 6 0.500000 7 0.500000
hwn2024_triboniophorus
  6 -1.052258 86.204185 -0.151121 0.156697 0.979450 0.126977 0.964844 0.257812 2 6 0.500000 7 0.500000
  6 -0.917213 85.932884 0.953904 -0.789371 0.443169 0.424847 0.968750 0.320312 2 6 0.500000 7 0.500000
  6 -0.825634 85.987144 0.936843 0.161512 0.967763 0.193258 0.964844 0.320312 2 6 0.500000 7 0.500000
hwn2024_triboniophorus
  6 -1.052258 86.204185 -0.151121 0.156697 0.979450 0.126977 0.964844 0.257812 2 6 0.500000 7 0.500000
  6 -1.149120 86.155685 -0.161187 -0.854515 0.511808 0.088640 0.968750 0.257812 2 6 0.500000 7 0.500000
  6 -0.917213 85.932884 0.953904 -0.789371 0.443169 0.424847 0.968750 0.320312 2 6 0.500000 7 0.500000
hwn2024_triboniophorus
  6 -0.849947 86.327087 -1.255550 0.156697 0.979450 0.126977 0.964844 0.199219 2 6 0.500000 7 0.500000
  6 -1.149120 86.155685 -0.161187 -0.854515 0.511808 0.088640 0.968750 0.257812 2 6 0.500000 7 0.500000
  6 -1.052258 86.204185 -0.151121 0.156697 0.979450 0.126977 0.964844 0.257812 2 6 0.500000 7 0.500000
hwn2024_triboniophorus
  6 -0.849947 86.327087 -1.255550 0.156697 0.979450 0.126977 0.964844 0.199219 2 6 0.500000 7 0.500000
  6 -0.941584 86.281784 -1.293460 -0.775257 0.556435 -0.298926 0.968750 0.199219 2 6 0.500000 7 0.500000
  6 -1.149120 86.155685 -0.161187 -0.854515 0.511808 0.088640 0.968750 0.257812 2 6 0.500000 7 0.500000
hwn2024_triboniophorus
  6 -0.849947 86.327087 -1.255550 0.156697 0.979450 0.126977 0.964844 0.199219 2 6 0.500000 7 0.500000
  6 -0.319391 86.297920 -2.271328 -0.590736 0.547556 -0.592632 0.968750 0.136719 2 6 0.500000 7 0.500000
  6 -0.941584 86.281784 -1.293460 -0.775257 0.556435 -0.298926 0.968750 0.199219 2 6 0.500000 7 0.500000
hwn2024_triboniophorus
  6 -0.941584 86.281784 -1.293460 -0.775257 0.556435 -0.298926 0.968750 0.199219 2 6 0.500000 7 0.500000
  6 -0.319391 86.297920 -2.271328 -0.590736 0.547556 -0.592632 0.968750 0.136719 2 6 0.500000 7 0.500000
  6 -0.425571 86.019318 -2.327913 -0.660756 0.383000 -0.645533 0.984375 0.136719 2 6 0.500000 7 0.500000
hwn2024_triboniophorus
  6 -0.319391 86.297920 -2.271328 -0.590736 0.547556 -0.592632 0.968750 0.136719 2 6 0.500000 7 0.500000
  6 0.502073 85.878227 -3.009927 -0.354860 0.314166 -0.880553 0.984375 0.078125 2 6 0.500000 7 0.500000
  6 -0.425571 86.019318 -2.327913 -0.660756 0.383000 -0.645533 0.984375 0.136719 2 6 0.500000 7 0.500000
hwn2024_triboniophorus
  6 -0.243675 86.342720 -2.209423 0.186469 0.977948 0.094057 0.964844 0.136719 2 6 0.500000 7 0.500000
  6 0.661133 86.204781 -2.874812 0.241447 0.968732 0.057104 0.964844 0.078125 2 6 0.500000 7 0.500000
  6 0.608034 86.156235 -2.953436 -0.291419 0.481739 -0.826440 0.968750 0.078125 2 6 0.500000 7 0.500000
hwn2024_triboniophorus
  6 0.473778 86.058098 -1.524282 0.214275 0.968851 0.124155 0.910156 0.136719 2 6 0.500000 7 0.500000
  6 0.661133 86.204781 -2.874812 0.241447 0.968732 0.057104 0.964844 0.078125 2 6 0.500000 7 0.500000
  6 -0.243675 86.342720 -2.209423 0.186469 0.977948 0.094057 0.964844 0.136719 2 6 0.500000 7 0.500000
hwn2024_triboniophorus
  6 0.081234 86.054619 -0.907795 0.214275 0.968851 0.124155 0.910156 0.199219 2 6 0.500000 7 0.500000
  6 0.473778 86.058098 -1.524282 0.214275 0.968851 0.124155 0.910156 0.136719 2 6 0.500000 7 0.500000
  6 -0.243675 86.342720 -2.209423 0.186469 0.977948 0.094057 0.964844 0.136719 2 6 0.500000 7 0.500000
hwn2024_triboniophorus
  6 0.473778 86.058098 -1.524282 0.214275 0.968851 0.124155 0.910156 0.136719 2 6 0.500000 7 0.500000
  6 1.058399 85.967484 -1.954382 0.258253 0.961300 0.095953 0.910156 0.078125 2 6 0.500000 7 0.500000
  6 0.661133 86.204781 -2.874812 0.241447 0.968732 0.057104 0.964844 0.078125 2 6 0.500000 7 0.500000
hwn2024_triboniophorus
  6 0.608034 86.156235 -2.953436 -0.291419 0.481739 -0.826440 0.968750 0.078125 2 6 0.500000 7 0.500000
  6 1.583986 85.574135 -3.296249 -0.008694 0.192110 -0.981335 0.984375 0.015625 2 6 0.500000 7 0.500000
  6 0.502073 85.878227 -3.009927 -0.354860 0.314166 -0.880553 0.984375 0.078125 2 6 0.500000 7 0.500000
hwn2024_triboniophorus
  6 0.608034 86.156235 -2.953436 -0.291419 0.481739 -0.826440 0.968750 0.078125 2 6 0.500000 7 0.500000
  6 1.689821 85.851761 -3.239813 0.065701 0.366711 -0.928012 0.968750 0.015625 2 6 0.500000 7 0.500000
  6 1.583986 85.574135 -3.296249 -0.008694 0.192110 -0.981335 0.984375 0.015625 2 6 0.500000 7 0.500000
hwn2024_triboniophorus
  6 0.661133 86.204781 -2.874812 0.241447 0.968732 0.057104 0.964844 0.078125 2 6 0.500000 7 0.500000
  6 1.689821 85.851761 -3.239813 0.065701 0.366711 -0.928012 0.968750 0.015625 2 6 0.500000 7 0.500000
  6 0.608034 86.156235 -2.953436 -0.291419 0.481739 -0.826440 0.968750 0.078125 2 6 0.500000 7 0.500000
hwn2024_triboniophorus
  6 0.661133 86.204781 -2.874812 0.241447 0.968732 0.057104 0.964844 0.078125 2 6 0.500000 7 0.500000
  6 1.716702 85.908447 -3.154086 0.316815 0.947954 0.031787 0.964844 0.015625 2 6 0.500000 7 0.500000
  6 1.689821 85.851761 -3.239813 0.065701 0.366711 -0.928012 0.968750 0.015625 2 6 0.500000 7 0.500000
hwn2024_triboniophorus
  6 1.058399 85.967484 -1.954382 0.258253 0.961300 0.095953 0.910156 0.078125 2 6 0.500000 7 0.500000
  6 1.716702 85.908447 -3.154086 0.316815 0.947954 0.031787 0.964844 0.015625 2 6 0.500000 7 0.500000
  6 0.661133 86.204781 -2.874812 0.241447 0.968732 0.057104 0.964844 0.078125 2 6 0.500000 7 0.500000
hwn2024_triboniophorus
  6 1.058399 85.967484 -1.954382 0.258253 0.961300 0.095953 0.910156 0.078125 2 6 0.500000 7 0.500000
  6 1.742868 85.780670 -2.134319 0.317956 0.945085 0.075622 0.910156 0.015625 2 6 0.500000 7 0.500000
  6 1.716702 85.908447 -3.154086 0.316815 0.947954 0.031787 0.964844 0.015625 2 6 0.500000 7 0.500000
hwn2024_triboniophorus
  6 3.290287 85.139412 -1.030525 0.914446 -0.124321 -0.385140 0.886719 0.628906 2 6 0.500000 7 0.500000
  6 3.093775 85.788254 -1.466550 0.683323 -0.102379 -0.722903 0.855469 0.675781 2 6 0.500000 7 0.500000
  6 3.435236 85.585464 -0.933747 0.888116 -0.253711 -0.383250 0.855469 0.628906 2 6 0.500000 7 0.500000
hwn2024_triboniophorus
  6 3.290287 85.139412 -1.030525 0.914446 -0.124321 -0.385140 0.886719 0.628906 2 6 0.500000 7 0.500000
  6 2.951401 85.374374 -1.563123 0.716023 0.009466 -0.698012 0.886719 0.675781 2 6 0.500000 7 0.500000
  6 3.093775 85.788254 -1.466550 0.683323 -0.102379 -0.722903 0.855469 0.675781 2 6 0.500000 7 0.500000
hwn2024_triboniophorus
  6 2.951401 85.374374 -1.563123 0.716023 0.009466 -0.698012 0.886719 0.675781 2 6 0.500000 7 0.500000
  6 2.576973 86.043320 -1.803331 0.372768 0.046974 -0.926735 0.855469 0.722656 2 6 0.500000 7 0.500000
  6 3.093775 85.788254 -1.466550 0.683323 -0.102379 -0.722903 0.855469 0.675781 2 6 0.500000 7 0.500000
hwn2024_triboniophorus
  6 2.951401 85.374374 -1.563123 0.716023 0.009466 -0.698012 0.886719 0.675781 2 6 0.500000 7 0.500000
  6 2.425964 85.635086 -1.900774 0.403280 0.159126 -0.901135 0.886719 0.722656 2 6 0.500000 7 0.500000
  6 2.576973 86.043320 -1.803331 0.372768 0.046974 -0.926735 0.855469 0.722656 2 6 0.500000 7 0.500000
hwn2024_triboniophorus
  6 2.957747 85.298965 -1.612706 0.727150 0.552819 -0.406994 0.890625 0.675781 2 6 0.500000 7 0.500000
  6 2.425964 85.635086 -1.900774 0.403280 0.159126 -0.901135 0.886719 0.722656 2 6 0.500000 7 0.500000
  6 2.951401 85.374374 -1.563123 0.716023 0.009466 -0.698012 0.886719 0.675781 2 6 0.500000 7 0.500000
hwn2024_triboniophorus
  6 2.957747 85.298965 -1.612706 0.727150 0.552819 -0.406994 0.890625 0.675781 2 6 0.500000 7 0.500000
  6 2.951401 85.374374 -1.563123 0.716023 0.009466 -0.698012 0.886719 0.675781 2 6 0.500000 7 0.500000
  6 3.290287 85.139412 -1.030525 0.914446 -0.124321 -0.385140 0.886719 0.628906 2 6 0.500000 7 0.500000
hwn2024_triboniophorus
  6 2.957747 85.298965 -1.612706 0.727150 0.552819 -0.406994 0.890625 0.675781 2 6 0.500000 7 0.500000
  6 3.290287 85.139412 -1.030525 0.914446 -0.124321 -0.385140 0.886719 0.628906 2 6 0.500000 7 0.500000
  6 3.307587 85.055885 -1.065687 0.871352 0.456976 -0.178656 0.890625 0.628906 2 6 0.500000 7 0.500000
hwn2024_triboniophorus
  6 3.427755 84.880852 -0.397272 0.916534 0.392984 0.074352 0.890625 0.582031 2 6 0.500000 7 0.500000
  6 3.307587 85.055885 -1.065687 0.871352 0.456976 -0.178656 0.890625 0.628906 2 6 0.500000 7 0.500000
  6 3.290287 85.139412 -1.030525 0.914446 -0.124321 -0.385140 0.886719 0.628906 2 6 0.500000 7 0.500000
hwn2024_triboniophorus
  6 3.427755 84.880852 -0.397272 0.916534 0.392984 0.074352 0.890625 0.582031 2 6 0.500000 7 0.500000
  6 3.290287 85.139412 -1.030525 0.914446 -0.124321 -0.385140 0.886719 0.628906 2 6 0.500000 7 0.500000
  6 3.406490 84.970108 -0.380263 0.975276 -0.219290 -0.027353 0.886719 0.582031 2 6 0.500000 7 0.500000
hwn2024_triboniophorus
  6 3.406490 84.970108 -0.380263 0.975276 -0.219290 -0.027353 0.886719 0.582031 2 6 0.500000 7 0.500000
  6 3.290287 85.139412 -1.030525 0.914446 -0.124321 -0.385140 0.886719 0.628906 2 6 0.500000 7 0.500000
  6 3.435236 85.585464 -0.933747 0.888116 -0.253711 -0.383250 0.855469 0.628906 2 6 0.500000 7 0.500000
hwn2024_triboniophorus
  6 3.406490 84.970108 -0.380263 0.975276 -0.219290 -0.027353 0.886719 0.582031 2 6 0.500000 7 0.500000
  6 3.435236 85.585464 -0.933747 0.888116 -0.253711 -0.383250 0.855469 0.628906 2 6 0.500000 7 0.500000
  6 3.563602 85.466782 -0.283954 0.940490 -0.334132 -0.061923 0.855469 0.582031 2 6 0.500000 7 0.500000
hwn2024_triboniophorus
  6 3.461842 85.454628 0.383898 0.866569 -0.384535 0.318106 0.855469 0.535156 2 6 0.500000 7 0.500000
  6 3.839815 86.212311 -0.138521 0.927591 -0.370425 -0.048582 0.812500 0.582031 2 6 0.500000 7 0.500000
  6 3.734295 86.202599 0.524578 0.866569 -0.384535 0.318106 0.812500 0.535156 2 6 0.500000 7 0.500000
hwn2024_triboniophorus
  6 3.461842 85.454628 0.383898 0.866569 -0.384535 0.318106 0.855469 0.535156 2 6 0.500000 7 0.500000
  6 3.563602 85.466782 -0.283954 0.940490 -0.334132 -0.061923 0.855469 0.582031 2 6 0.500000 7 0.500000
  6 3.839815 86.212311 -0.138521 0.927591 -0.370425 -0.048582 0.812500 0.582031 2 6 0.500000 7 0.500000
hwn2024_triboniophorus
  6 3.286373 84.898720 0.290373 0.903021 -0.265666 0.337600 0.886719 0.535156 2 6 0.500000 7 0.500000
  6 3.563602 85.466782 -0.283954 0.940490 -0.334132 -0.061923 0.855469 0.582031 2 6 0.500000 7 0.500000
  6 3.461842 85.454628 0.383898 0.866569 -0.384535 0.318106 0.855469 0.535156 2 6 0.500000 7 0.500000
hwn2024_triboniophorus
  6 3.286373 84.898720 0.290373 0.903021 -0.265666 0.337600 0.886719 0.535156 2 6 0.500000 7 0.500000
  6 3.406490 84.970108 -0.380263 0.975276 -0.219290 -0.027353 0.886719 0.582031 2 6 0.500000 7 0.500000
  6 3.563602 85.466782 -0.283954 0.940490 -0.334132 -0.061923 0.855469 0.582031 2 6 0.500000 7 0.500000
hwn2024_triboniophorus
  6 3.304399 84.807564 0.292380 0.870626 0.363984 0.330947 0.890625 0.535156 2 6 0.500000 7 0.500000
  6 3.406490 84.970108 -0.380263 0.975276 -0.219290 -0.027353 0.886719 0.582031 2 6 0.500000 7 0.500000
  6 3.286373 84.898720 0.290373 0.903021 -0.265666 0.337600 0.886719 0.535156 2 6 0.500000 7 0.500000
hwn2024_triboniophorus
  6 3.304399 84.807564 0.292380 0.870626 0.363984 0.330947 0.890625 0.535156 2 6 0.500000 7 0.500000
  6 3.427755 84.880852 -0.397272 0.916534 0.392984 0.074352 0.890625 0.582031 2 6 0.500000 7 0.500000
  6 3.406490 84.970108 -0.380263 0.975276 -0.219290 -0.027353 0.886719 0.582031 2 6 0.500000 7 0.500000
hwn2024_triboniophorus
  6 3.351255 84.728340 0.305309 0.472190 0.866145 0.163795 0.894531 0.535156 2 6 0.500000 7 0.500000
  6 3.427755 84.880852 -0.397272 0.916534 0.392984 0.074352 0.890625 0.582031 2 6 0.500000 7 0.500000
  6 3.304399 84.807564 0.292380 0.870626 0.363984 0.330947 0.890625 0.535156 2 6 0.500000 7 0.500000
hwn2024_triboniophorus
  6 3.351255 84.728340 0.305309 0.472190 0.866145 0.163795 0.894531 0.535156 2 6 0.500000 7 0.500000
  6 3.479467 84.804565 -0.411806 0.472190 0.866145 0.163795 0.894531 0.582031 2 6 0.500000 7 0.500000
  6 3.427755 84.880852 -0.397272 0.916534 0.392984 0.074352 0.890625 0.582031 2 6 0.500000 7 0.500000
hwn2024_triboniophorus
  6 3.353872 84.987480 -1.106754 0.459525 0.878236 0.132431 0.894531 0.628906 2 6 0.500000 7 0.500000
  6 3.427755 84.880852 -0.397272 0.916534 0.392984 0.074352 0.890625 0.582031 2 6 0.500000 7 0.500000
  6 3.479467 84.804565 -0.411806 0.472190 0.866145 0.163795 0.894531 0.582031 2 6 0.500000 7 0.500000
hwn2024_triboniophorus
  6 3.353872 84.987480 -1.106754 0.459525 0.878236 0.132431 0.894531 0.628906 2 6 0.500000 7 0.500000
  6 3.307587 85.055885 -1.065687 0.871352 0.456976 -0.178656 0.890625 0.628906 2 6 0.500000 7 0.500000
  6 3.427755 84.880852 -0.397272 0.916534 0.392984 0.074352 0.890625 0.582031 2 6 0.500000 7 0.500000
hwn2024_triboniophorus
  6 2.988295 85.241783 -1.675792 0.427825 0.898428 0.098958 0.894531 0.675781 2 6 0.500000 7 0.500000
  6 3.307587 85.055885 -1.065687 0.871352 0.456976 -0.178656 0.890625 0.628906 2 6 0.500000 7 0.500000
  6 3.353872 84.987480 -1.106754 0.459525 0.878236 0.132431 0.894531 0.628906 2 6 0.500000 7 0.500000
hwn2024_triboniophorus
  6 2.988295 85.241783 -1.675792 0.427825 0.898428 0.098958 0.894531 0.675781 2 6 0.500000 7 0.500000
  6 2.957747 85.298965 -1.612706 0.727150 0.552819 -0.406994 0.890625 0.675781 2 6 0.500000 7 0.500000
  6 3.307587 85.055885 -1.065687 0.871352 0.456976 -0.178656 0.890625 0.628906 2 6 0.500000 7 0.500000
hwn2024_triboniophorus
  6 2.988295 85.241783 -1.675792 0.427825 0.898428 0.098958 0.894531 0.675781 2 6 0.500000 7 0.500000
  6 2.415770 85.568314 -1.959296 0.494716 0.666911 -0.557212 0.890625 0.722656 2 6 0.500000 7 0.500000
  6 2.957747 85.298965 -1.612706 0.727150 0.552819 -0.406994 0.890625 0.675781 2 6 0.500000 7 0.500000
hwn2024_triboniophorus
  6 2.957747 85.298965 -1.612706 0.727150 0.552819 -0.406994 0.890625 0.675781 2 6 0.500000 7 0.500000
  6 2.415770 85.568314 -1.959296 0.494716 0.666911 -0.557212 0.890625 0.722656 2 6 0.500000 7 0.500000
  6 2.425964 85.635086 -1.900774 0.403280 0.159126 -0.901135 0.886719 0.722656 2 6 0.500000 7 0.500000
hwn2024_triboniophorus
  6 2.415770 85.568314 -1.959296 0.494716 0.666911 -0.557212 0.890625 0.722656 2 6 0.500000 7 0.500000
  6 1.790646 85.875320 -1.993404 0.030913 0.267256 -0.963130 0.886719 0.765625 2 6 0.500000 7 0.500000
  6 2.425964 85.635086 -1.900774 0.403280 0.159126 -0.901135 0.886719 0.722656 2 6 0.500000 7 0.500000
hwn2024_triboniophorus
  6 2.425964 85.635086 -1.900774 0.403280 0.159126 -0.901135 0.886719 0.722656 2 6 0.500000 7 0.500000
  6 1.790646 85.875320 -1.993404 0.030913 0.267256 -0.963130 0.886719 0.765625 2 6 0.500000 7 0.500000
  6 1.961971 86.307426 -1.893495 -0.008694 0.192110 -0.981335 0.855469 0.765625 2 6 0.500000 7 0.500000
hwn2024_triboniophorus
  6 2.425964 85.635086 -1.900774 0.403280 0.159126 -0.901135 0.886719 0.722656 2 6 0.500000 7 0.500000
  6 1.961971 86.307426 -1.893495 -0.008694 0.192110 -0.981335 0.855469 0.765625 2 6 0.500000 7 0.500000
  6 2.576973 86.043320 -1.803331 0.372768 0.046974 -0.926735 0.855469 0.722656 2 6 0.500000 7 0.500000
hwn2024_triboniophorus
  6 1.961971 86.307426 -1.893495 -0.008694 0.192110 -0.981335 0.855469 0.765625 2 6 0.500000 7 0.500000
  6 2.866234 86.783829 -1.665086 0.362061 -0.007547 -0.932124 0.812500 0.722656 2 6 0.500000 7 0.500000
  6 2.576973 86.043320 -1.803331 0.372768 0.046974 -0.926735 0.855469 0.722656 2 6 0.500000 7 0.500000
hwn2024_triboniophorus
  6 1.961971 86.307426 -1.893495 -0.008694 0.192110 -0.981335 0.855469 0.765625 2 6 0.500000 7 0.500000
  6 2.253857 87.048340 -1.763567 -0.003702 0.126984 -0.991898 0.812500 0.765625 2 6 0.500000 7 0.500000
  6 2.866234 86.783829 -1.665086 0.362061 -0.007547 -0.932124 0.812500 0.722656 2 6 0.500000 7 0.500000
hwn2024_triboniophorus
  6 2.988295 85.241783 -1.675792 0.427825 0.898428 0.098958 0.894531 0.675781 2 6 0.500000 7 0.500000
  6 2.422012 85.523567 -2.036407 0.378035 0.922628 0.076460 0.894531 0.722656 2 6 0.500000 7 0.500000
  6 2.415770 85.568314 -1.959296 0.494716 0.666911 -0.557212 0.890625 0.722656 2 6 0.500000 7 0.500000
hwn2024_triboniophorus
  6 2.415770 85.568314 -1.959296 0.494716 0.666911 -0.557212 0.890625 0.722656 2 6 0.500000 7 0.500000
  6 1.763149 85.815018 -2.053906 0.217431 0.775812 -0.592317 0.890625 0.765625 2 6 0.500000 7 0.500000
  6 1.790646 85.875320 -1.993404 0.030913 0.267256 -0.963130 0.886719 0.765625 2 6 0.500000 7 0.500000
hwn2024_triboniophorus
  6 2.422012 85.523567 -2.036407 0.378035 0.922628 0.076460 0.894531 0.722656 2 6 0.500000 7 0.500000
  6 1.763149 85.815018 -2.053906 0.217431 0.775812 -0.592317 0.890625 0.765625 2 6 0.500000 7 0.500000
  6 2.415770 85.568314 -1.959296 0.494716 0.666911 -0.557212 0.890625 0.722656 2 6 0.500000 7 0.500000
hwn2024_triboniophorus
  6 2.422012 85.523567 -2.036407 0.378035 0.922628 0.076460 0.894531 0.722656 2 6 0.500000 7 0.500000
  6 1.742868 85.780670 -2.134319 0.317956 0.945085 0.075622 0.894531 0.765625 2 6 0.500000 7 0.500000
  6 1.763149 85.815018 -2.053906 0.217431 0.775812 -0.592317 0.890625 0.765625 2 6 0.500000 7 0.500000
hwn2024_triboniophorus
  6 2.941362 84.936348 0.877751 0.704609 -0.254951 0.662213 0.886719 0.488281 2 6 0.500000 7 0.500000
  6 3.286373 84.898720 0.290373 0.903021 -0.265666 0.337600 0.886719 0.535156 2 6 0.500000 7 0.500000
  6 3.461842 85.454628 0.383898 0.866569 -0.384535 0.318106 0.855469 0.535156 2 6 0.500000 7 0.500000
hwn2024_triboniophorus
  6 2.949621 84.847046 0.896437 0.734302 0.372415 0.567545 0.890625 0.488281 2 6 0.500000 7 0.500000
  6 3.286373 84.898720 0.290373 0.903021 -0.265666 0.337600 0.886719 0.535156 2 6 0.500000 7 0.500000
  6 2.941362 84.936348 0.877751 0.704609 -0.254951 0.662213 0.886719 0.488281 2 6 0.500000 7 0.500000
hwn2024_triboniophorus
  6 2.949621 84.847046 0.896437 0.734302 0.372415 0.567545 0.890625 0.488281 2 6 0.500000 7 0.500000
  6 3.304399 84.807564 0.292380 0.870626 0.363984 0.330947 0.890625 0.535156 2 6 0.500000 7 0.500000
  6 3.286373 84.898720 0.290373 0.903021 -0.265666 0.337600 0.886719 0.535156 2 6 0.500000 7 0.500000
hwn2024_triboniophorus
  6 2.982021 84.769890 0.933747 0.443977 0.865285 0.232737 0.894531 0.488281 2 6 0.500000 7 0.500000
  6 3.304399 84.807564 0.292380 0.870626 0.363984 0.330947 0.890625 0.535156 2 6 0.500000 7 0.500000
  6 2.949621 84.847046 0.896437 0.734302 0.372415 0.567545 0.890625 0.488281 2 6 0.500000 7 0.500000
hwn2024_triboniophorus
  6 2.982021 84.769890 0.933747 0.443977 0.865285 0.232737 0.894531 0.488281 2 6 0.500000 7 0.500000
  6 3.351255 84.728340 0.305309 0.472190 0.866145 0.163795 0.894531 0.535156 2 6 0.500000 7 0.500000
  6 3.304399 84.807564 0.292380 0.870626 0.363984 0.330947 0.890625 0.535156 2 6 0.500000 7 0.500000
hwn2024_triboniophorus
  6 2.418970 84.982491 1.321843 0.511113 0.422407 0.748556 0.890625 0.441406 2 6 0.500000 7 0.500000
  6 2.949621 84.847046 0.896437 0.734302 0.372415 0.567545 0.890625 0.488281 2 6 0.500000 7 0.500000
  6 2.941362 84.936348 0.877751 0.704609 -0.254951 0.662213 0.886719 0.488281 2 6 0.500000 7 0.500000
hwn2024_triboniophorus
  6 2.428566 84.911720 1.376486 0.398389 0.878016 0.265280 0.894531 0.441406 2 6 0.500000 7 0.500000
  6 2.949621 84.847046 0.896437 0.734302 0.372415 0.567545 0.890625 0.488281 2 6 0.500000 7 0.500000
  6 2.418970 84.982491 1.321843 0.511113 0.422407 0.748556 0.890625 0.441406 2 6 0.500000 7 0.500000
hwn2024_triboniophorus
  6 2.428566 84.911720 1.376486 0.398389 0.878016 0.265280 0.894531 0.441406 2 6 0.500000 7 0.500000
  6 2.982021 84.769890 0.933747 0.443977 0.865285 0.232737 0.894531 0.488281 2 6 0.500000 7 0.500000
  6 2.949621 84.847046 0.896437 0.734302 0.372415 0.567545 0.890625 0.488281 2 6 0.500000 7 0.500000
hwn2024_triboniophorus
  6 1.759884 85.130142 1.562706 0.338057 0.899255 0.277593 0.894531 0.394531 2 6 0.500000 7 0.500000
  6 2.428566 84.911720 1.376486 0.398389 0.878016 0.265280 0.894531 0.441406 2 6 0.500000 7 0.500000
  6 2.418970 84.982491 1.321843 0.511113 0.422407 0.748556 0.890625 0.441406 2 6 0.500000 7 0.500000
hwn2024_triboniophorus
  6 1.080492 85.384361 1.463541 0.276773 0.924692 0.261422 0.894531 0.347656 2 6 0.500000 7 0.500000
  6 0.562010 85.672348 1.048303 -0.273635 0.729563 0.626787 0.890625 0.300781 2 6 0.500000 7 0.500000
  6 0.495625 85.630974 1.093271 0.228229 0.948059 0.221576 0.894531 0.300781 2 6 0.500000 7 0.500000
hwn2024_triboniophorus
  6 1.080492 85.384361 1.463541 0.276773 0.924692 0.261422 0.894531 0.347656 2 6 0.500000 7 0.500000
  6 1.124905 85.435257 1.404762 -0.043613 0.623261 0.780797 0.890625 0.347656 2 6 0.500000 7 0.500000
  6 0.562010 85.672348 1.048303 -0.273635 0.729563 0.626787 0.890625 0.300781 2 6 0.500000 7 0.500000
hwn2024_triboniophorus
  6 1.759884 85.130142 1.562706 0.338057 0.899255 0.277593 0.894531 0.394531 2 6 0.500000 7 0.500000
  6 1.124905 85.435257 1.404762 -0.043613 0.623261 0.780797 0.890625 0.347656 2 6 0.500000 7 0.500000
  6 1.080492 85.384361 1.463541 0.276773 0.924692 0.261422 0.894531 0.347656 2 6 0.500000 7 0.500000
hwn2024_triboniophorus
  6 1.759884 85.130142 1.562706 0.338057 0.899255 0.277593 0.894531 0.394531 2 6 0.500000 7 0.500000
  6 1.778303 85.191292 1.500726 0.232613 0.511930 0.826933 0.890625 0.394531 2 6 0.500000 7 0.500000
  6 1.124905 85.435257 1.404762 -0.043613 0.623261 0.780797 0.890625 0.347656 2 6 0.500000 7 0.500000
hwn2024_triboniophorus
  6 1.759884 85.130142 1.562706 0.338057 0.899255 0.277593 0.894531 0.394531 2 6 0.500000 7 0.500000
  6 2.418970 84.982491 1.321843 0.511113 0.422407 0.748556 0.890625 0.441406 2 6 0.500000 7 0.500000
  6 1.778303 85.191292 1.500726 0.232613 0.511930 0.826933 0.890625 0.394531 2 6 0.500000 7 0.500000
hwn2024_triboniophorus
  6 1.778303 85.191292 1.500726 0.232613 0.511930 0.826933 0.890625 0.394531 2 6 0.500000 7 0.500000
  6 2.418970 84.982491 1.321843 0.511113 0.422407 0.748556 0.890625 0.441406 2 6 0.500000 7 0.500000
  6 2.426041 85.066879 1.291560 0.398177 -0.184603 0.898542 0.886719 0.441406 2 6 0.500000 7 0.500000
hwn2024_triboniophorus
  6 2.418970 84.982491 1.321843 0.511113 0.422407 0.748556 0.890625 0.441406 2 6 0.500000 7 0.500000
  6 2.941362 84.936348 0.877751 0.704609 -0.254951 0.662213 0.886719 0.488281 2 6 0.500000 7 0.500000
  6 2.426041 85.066879 1.291560 0.398177 -0.184603 0.898542 0.886719 0.441406 2 6 0.500000 7 0.500000
hwn2024_triboniophorus
  6 2.426041 85.066879 1.291560 0.398177 -0.184603 0.898542 0.886719 0.441406 2 6 0.500000 7 0.500000
  6 2.941362 84.936348 0.877751 0.704609 -0.254951 0.662213 0.886719 0.488281 2 6 0.500000 7 0.500000
  6 3.140974 85.550766 0.966631 0.675384 -0.338755 0.655058 0.855469 0.488281 2 6 0.500000 7 0.500000
hwn2024_triboniophorus
  6 2.941362 84.936348 0.877751 0.704609 -0.254951 0.662213 0.886719 0.488281 2 6 0.500000 7 0.500000
  6 3.461842 85.454628 0.383898 0.866569 -0.384535 0.318106 0.855469 0.535156 2 6 0.500000 7 0.500000
  6 3.140974 85.550766 0.966631 0.675384 -0.338755 0.655058 0.855469 0.488281 2 6 0.500000 7 0.500000
hwn2024_triboniophorus
  6 3.140974 85.550766 0.966631 0.675384 -0.338755 0.655058 0.855469 0.488281 2 6 0.500000 7 0.500000
  6 3.461842 85.454628 0.383898 0.866569 -0.384535 0.318106 0.855469 0.535156 2 6 0.500000 7 0.500000
  6 3.734295 86.202599 0.524578 0.866569 -0.384535 0.318106 0.812500 0.535156 2 6 0.500000 7 0.500000
hwn2024_triboniophorus
  6 3.140974 85.550766 0.966631 0.675384 -0.338755 0.655058 0.855469 0.488281 2 6 0.500000 7 0.500000
  6 3.734295 86.202599 0.524578 0.866569 -0.384535 0.318106 0.812500 0.535156 2 6 0.500000 7 0.500000
  6 3.412048 86.300217 1.100530 0.673052 -0.373731 0.638221 0.812500 0.488281 2 6 0.500000 7 0.500000
hwn2024_triboniophorus
  6 3.412048 86.300217 1.100530 0.673052 -0.373731 0.638221 0.812500 0.488281 2 6 0.500000 7 0.500000
  6 3.734295 86.202599 0.524578 0.866569 -0.384535 0.318106 0.812500 0.535156 2 6 0.500000 7 0.500000
  6 4.051342 86.928925 0.682602 0.823727 -0.458467 0.333588 0.773438 0.535156 2 6 0.500000 7 0.500000
hwn2024_triboniophorus
  6 3.412048 86.300217 1.100530 0.673052 -0.373731 0.638221 0.812500 0.488281 2 6 0.500000 7 0.500000
  6 4.051342 86.928925 0.682602 0.823727 -0.458467 0.333588 0.773438 0.535156 2 6 0.500000 7 0.500000
  6 3.716167 87.031281 1.267810 0.619288 -0.417291 0.665094 0.773438 0.488281 2 6 0.500000 7 0.500000
hwn2024_triboniophorus
  6 2.920370 86.485413 1.501052 0.352422 -0.313313 0.881835 0.812500 0.441406 2 6 0.500000 7 0.500000
  6 3.412048 86.300217 1.100530 0.673052 -0.373731 0.638221 0.812500 0.488281 2 6 0.500000 7 0.500000
  6 3.716167 87.031281 1.267810 0.619288 -0.417291 0.665094 0.773438 0.488281 2 6 0.500000 7 0.500000
hwn2024_triboniophorus
  6 2.920370 86.485413 1.501052 0.352422 -0.313313 0.881835 0.812500 0.441406 2 6 0.500000 7 0.500000
  6 3.716167 87.031281 1.267810 0.619288 -0.417291 0.665094 0.773438 0.488281 2 6 0.500000 7 0.500000
  6 3.207369 87.223915 1.670322 0.299292 -0.345885 0.889263 0.773438 0.441406 2 6 0.500000 7 0.500000
hwn2024_triboniophorus
  6 2.322901 86.730049 1.663375 -0.024609 -0.177423 0.983827 0.812500 0.394531 2 6 0.500000 7 0.500000
  6 2.920370 86.485413 1.501052 0.352422 -0.313313 0.881835 0.812500 0.441406 2 6 0.500000 7 0.500000
  6 3.207369 87.223915 1.670322 0.299292 -0.345885 0.889263 0.773438 0.441406 2 6 0.500000 7 0.500000
hwn2024_triboniophorus
  6 2.322901 86.730049 1.663375 -0.024609 -0.177423 0.983827 0.812500 0.394531 2 6 0.500000 7 0.500000
  6 3.207369 87.223915 1.670322 0.299292 -0.345885 0.889263 0.773438 0.441406 2 6 0.500000 7 0.500000
  6 2.592049 87.476936 1.827972 -0.074078 -0.231461 0.970020 0.773438 0.394531 2 6 0.500000 7 0.500000
hwn2024_triboniophorus
  6 1.713297 86.992081 1.562793 -0.364444 -0.050122 0.929875 0.812500 0.347656 2 6 0.500000 7 0.500000
  6 2.322901 86.730049 1.663375 -0.024609 -0.177423 0.983827 0.812500 0.394531 2 6 0.500000 7 0.500000
  6 2.592049 87.476936 1.827972 -0.074078 -0.231461 0.970020 0.773438 0.394531 2 6 0.500000 7 0.500000
hwn2024_triboniophorus
  6 3.734295 86.202599 0.524578 0.866569 -0.384535 0.318106 0.812500 0.535156 2 6 0.500000 7 0.500000
  6 4.166252 86.936081 0.003929 0.890434 -0.452384 -0.049753 0.773438 0.582031 2 6 0.500000 7 0.500000
  6 4.051342 86.928925 0.682602 0.823727 -0.458467 0.333588 0.773438 0.535156 2 6 0.500000 7 0.500000
hwn2024_triboniophorus
  6 3.734295 86.202599 0.524578 0.866569 -0.384535 0.318106 0.812500 0.535156 2 6 0.500000 7 0.500000
  6 3.839815 86.212311 -0.138521 0.927591 -0.370425 -0.048582 0.812500 0.582031 2 6 0.500000 7 0.500000
  6 4.166252 86.936081 0.003929 0.890434 -0.452384 -0.049753 0.773438 0.582031 2 6 0.500000 7 0.500000
hwn2024_triboniophorus
  6 3.093775 85.788254 -1.466550 0.683323 -0.102379 -0.722903 0.855469 0.675781 2 6 0.500000 7 0.500000
  6 2.576973 86.043320 -1.803331 0.372768 0.046974 -0.926735 0.855469 0.722656 2 6 0.500000 7 0.500000
  6 2.866234 86.783829 -1.665086 0.362061 -0.007547 -0.932124 0.812500 0.722656 2 6 0.500000 7 0.500000
hwn2024_triboniophorus
  6 3.093775 85.788254 -1.466550 0.683323 -0.102379 -0.722903 0.855469 0.675781 2 6 0.500000 7 0.500000
  6 2.866234 86.783829 -1.665086 0.362061 -0.007547 -0.932124 0.812500 0.722656 2 6 0.500000 7 0.500000
  6 3.378567 86.529694 -1.322319 0.668896 -0.155768 -0.726852 0.812500 0.675781 2 6 0.500000 7 0.500000
hwn2024_triboniophorus
  6 3.435236 85.585464 -0.933747 0.888116 -0.253711 -0.383250 0.855469 0.628906 2 6 0.500000 7 0.500000
  6 3.093775 85.788254 -1.466550 0.683323 -0.102379 -0.722903 0.855469 0.675781 2 6 0.500000 7 0.500000
  6 3.378567 86.529694 -1.322319 0.668896 -0.155768 -0.726852 0.812500 0.675781 2 6 0.500000 7 0.500000
hwn2024_triboniophorus
  6 3.435236 85.585464 -0.933747 0.888116 -0.253711 -0.383250 0.855469 0.628906 2 6 0.500000 7 0.500000
  6 3.378567 86.529694 -1.322319 0.668896 -0.155768 -0.726852 0.812500 0.675781 2 6 0.500000 7 0.500000
  6 3.715126 86.328857 -0.787052 0.865616 -0.283782 -0.412524 0.812500 0.628906 2 6 0.500000 7 0.500000
hwn2024_triboniophorus
  6 3.563602 85.466782 -0.283954 0.940490 -0.334132 -0.061923 0.855469 0.582031 2 6 0.500000 7 0.500000
  6 3.435236 85.585464 -0.933747 0.888116 -0.253711 -0.383250 0.855469 0.628906 2 6 0.500000 7 0.500000
  6 3.715126 86.328857 -0.787052 0.865616 -0.283782 -0.412524 0.812500 0.628906 2 6 0.500000 7 0.500000
hwn2024_triboniophorus
  6 3.563602 85.466782 -0.283954 0.940490 -0.334132 -0.061923 0.855469 0.582031 2 6 0.500000 7 0.500000
  6 3.715126 86.328857 -0.787052 0.865616 -0.283782 -0.412524 0.812500 0.628906 2 6 0.500000 7 0.500000
  6 3.839815 86.212311 -0.138521 0.927591 -0.370425 -0.048582 0.812500 0.582031 2 6 0.500000 7 0.500000
hwn2024_triboniophorus
  6 3.839815 86.212311 -0.138521 0.927591 -0.370425 -0.048582 0.812500 0.582031 2 6 0.500000 7 0.500000
  6 3.715126 86.328857 -0.787052 0.865616 -0.283782 -0.412524 0.812500 0.628906 2 6 0.500000 7 0.500000
  6 4.043299 87.054062 -0.664943 0.846816 -0.341221 -0.408008 0.773438 0.628906 2 6 0.500000 7 0.500000
hwn2024_triboniophorus
  6 3.839815 86.212311 -0.138521 0.927591 -0.370425 -0.048582 0.812500 0.582031 2 6 0.500000 7 0.500000
  6 4.043299 87.054062 -0.664943 0.846816 -0.341221 -0.408008 0.773438 0.628906 2 6 0.500000 7 0.500000
  6 4.166252 86.936081 0.003929 0.890434 -0.452384 -0.049753 0.773438 0.582031 2 6 0.500000 7 0.500000
hwn2024_triboniophorus
  6 4.166252 86.936081 0.003929 0.890434 -0.452384 -0.049753 0.773438 0.582031 2 6 0.500000 7 0.500000
  6 4.043299 87.054062 -0.664943 0.846816 -0.341221 -0.408008 0.773438 0.628906 2 6 0.500000 7 0.500000
  6 4.359539 87.675819 -0.573536 0.841544 -0.382251 -0.381690 0.730469 0.628906 2 6 0.500000 7 0.500000
hwn2024_triboniophorus
  6 4.166252 86.936081 0.003929 0.890434 -0.452384 -0.049753 0.773438 0.582031 2 6 0.500000 7 0.500000
  6 4.359539 87.675819 -0.573536 0.841544 -0.382251 -0.381690 0.730469 0.628906 2 6 0.500000 7 0.500000
  6 4.510241 87.609314 0.137300 0.890434 -0.452384 -0.049753 0.730469 0.582031 2 6 0.500000 7 0.500000
hwn2024_triboniophorus
  6 4.051342 86.928925 0.682602 0.823727 -0.458467 0.333588 0.773438 0.535156 2 6 0.500000 7 0.500000
  6 4.166252 86.936081 0.003929 0.890434 -0.452384 -0.049753 0.773438 0.582031 2 6 0.500000 7 0.500000
  6 4.510241 87.609314 0.137300 0.890434 -0.452384 -0.049753 0.730469 0.582031 2 6 0.500000 7 0.500000
hwn2024_triboniophorus
  6 4.051342 86.928925 0.682602 0.823727 -0.458467 0.333588 0.773438 0.535156 2 6 0.500000 7 0.500000
  6 4.510241 87.609314 0.137300 0.890434 -0.452384 -0.049753 0.730469 0.582031 2 6 0.500000 7 0.500000
  6 4.414927 87.670563 0.860217 0.823727 -0.458467 0.333588 0.730469 0.535156 2 6 0.500000 7 0.500000
hwn2024_triboniophorus
  6 3.716167 87.031281 1.267810 0.619288 -0.417291 0.665094 0.773438 0.488281 2 6 0.500000 7 0.500000
  6 4.051342 86.928925 0.682602 0.823727 -0.458467 0.333588 0.773438 0.535156 2 6 0.500000 7 0.500000
  6 4.414927 87.670563 0.860217 0.823727 -0.458467 0.333588 0.730469 0.535156 2 6 0.500000 7 0.500000
hwn2024_triboniophorus
  6 3.716167 87.031281 1.267810 0.619288 -0.417291 0.665094 0.773438 0.488281 2 6 0.500000 7 0.500000
  6 4.414927 87.670563 0.860217 0.823727 -0.458467 0.333588 0.730469 0.535156 2 6 0.500000 7 0.500000
  6 4.088862 87.848488 1.485048 0.597056 -0.447986 0.665456 0.730469 0.488281 2 6 0.500000 7 0.500000
hwn2024_triboniophorus
  6 3.207369 87.223915 1.670322 0.299292 -0.345885 0.889263 0.773438 0.441406 2 6 0.500000 7 0.500000
  6 3.716167 87.031281 1.267810 0.619288 -0.417291 0.665094 0.773438 0.488281 2 6 0.500000 7 0.500000
  6 4.088862 87.848488 1.485048 0.597056 -0.447986 0.665456 0.730469 0.488281 2 6 0.500000 7 0.500000
hwn2024_triboniophorus
  6 3.207369 87.223915 1.670322 0.299292 -0.345885 0.889263 0.773438 0.441406 2 6 0.500000 7 0.500000
  6 4.088862 87.848488 1.485048 0.597056 -0.447986 0.665456 0.730469 0.488281 2 6 0.500000 7 0.500000
  6 3.574306 88.117302 1.915184 0.256652 -0.355527 0.898738 0.730469 0.441406 2 6 0.500000 7 0.500000
hwn2024_triboniophorus
  6 2.592049 87.476936 1.827972 -0.074078 -0.231461 0.970020 0.773438 0.394531 2 6 0.500000 7 0.500000
  6 3.207369 87.223915 1.670322 0.299292 -0.345885 0.889263 0.773438 0.441406 2 6 0.500000 7 0.500000
  6 3.574306 88.117302 1.915184 0.256652 -0.355527 0.898738 0.730469 0.441406 2 6 0.500000 7 0.500000
hwn2024_triboniophorus
  6 2.592049 87.476936 1.827972 -0.074078 -0.231461 0.970020 0.773438 0.394531 2 6 0.500000 7 0.500000
  6 3.574306 88.117302 1.915184 0.256652 -0.355527 0.898738 0.730469 0.441406 2 6 0.500000 7 0.500000
  6 2.941330 88.438499 2.083631 -0.074078 -0.231461 0.970020 0.730469 0.394531 2 6 0.500000 7 0.500000
hwn2024_triboniophorus
  6 4.043299 87.054062 -0.664943 0.846816 -0.341221 -0.408008 0.773438 0.628906 2 6 0.500000 7 0.500000
  6 3.990669 87.856445 -1.163451 0.666042 -0.239134 -0.706542 0.730469 0.675781 2 6 0.500000 7 0.500000
  6 4.359539 87.675819 -0.573536 0.841544 -0.382251 -0.381690 0.730469 0.628906 2 6 0.500000 7 0.500000
hwn2024_triboniophorus
  6 4.043299 87.054062 -0.664943 0.846816 -0.341221 -0.408008 0.773438 0.628906 2 6 0.500000 7 0.500000
  6 3.701443 87.259636 -1.221471 0.666042 -0.239134 -0.706542 0.773438 0.675781 2 6 0.500000 7 0.500000
  6 3.990669 87.856445 -1.163451 0.666042 -0.239134 -0.706542 0.730469 0.675781 2 6 0.500000 7 0.500000
hwn2024_triboniophorus
  6 3.715126 86.328857 -0.787052 0.865616 -0.283782 -0.412524 0.812500 0.628906 2 6 0.500000 7 0.500000
  6 3.701443 87.259636 -1.221471 0.666042 -0.239134 -0.706542 0.773438 0.675781 2 6 0.500000 7 0.500000
  6 4.043299 87.054062 -0.664943 0.846816 -0.341221 -0.408008 0.773438 0.628906 2 6 0.500000 7 0.500000
hwn2024_triboniophorus
  6 3.715126 86.328857 -0.787052 0.865616 -0.283782 -0.412524 0.812500 0.628906 2 6 0.500000 7 0.500000
  6 3.378567 86.529694 -1.322319 0.668896 -0.155768 -0.726852 0.812500 0.675781 2 6 0.500000 7 0.500000
  6 3.701443 87.259636 -1.221471 0.666042 -0.239134 -0.706542 0.773438 0.675781 2 6 0.500000 7 0.500000
hwn2024_triboniophorus
  6 3.378567 86.529694 -1.322319 0.668896 -0.155768 -0.726852 0.812500 0.675781 2 6 0.500000 7 0.500000
  6 3.176115 87.521439 -1.582000 0.339222 -0.093251 -0.936073 0.773438 0.722656 2 6 0.500000 7 0.500000
  6 3.701443 87.259636 -1.221471 0.666042 -0.239134 -0.706542 0.773438 0.675781 2 6 0.500000 7 0.500000
hwn2024_triboniophorus
  6 3.378567 86.529694 -1.322319 0.668896 -0.155768 -0.726852 0.812500 0.675781 2 6 0.500000 7 0.500000
  6 2.866234 86.783829 -1.665086 0.362061 -0.007547 -0.932124 0.812500 0.722656 2 6 0.500000 7 0.500000
  6 3.176115 87.521439 -1.582000 0.339222 -0.093251 -0.936073 0.773438 0.722656 2 6 0.500000 7 0.500000
hwn2024_triboniophorus
  6 2.253857 87.048340 -1.763567 -0.003702 0.126984 -0.991898 0.812500 0.765625 2 6 0.500000 7 0.500000
  6 3.176115 87.521439 -1.582000 0.339222 -0.093251 -0.936073 0.773438 0.722656 2 6 0.500000 7 0.500000
  6 2.866234 86.783829 -1.665086 0.362061 -0.007547 -0.932124 0.812500 0.722656 2 6 0.500000 7 0.500000
hwn2024_triboniophorus
  6 2.253857 87.048340 -1.763567 -0.003702 0.126984 -0.991898 0.812500 0.765625 2 6 0.500000 7 0.500000
  6 2.545332 87.794914 -1.690856 -0.014598 0.077121 -0.996915 0.773438 0.765625 2 6 0.500000 7 0.500000
  6 3.176115 87.521439 -1.582000 0.339222 -0.093251 -0.936073 0.773438 0.722656 2 6 0.500000 7 0.500000
hwn2024_triboniophorus
  6 3.701443 87.259636 -1.221471 0.666042 -0.239134 -0.706542 0.773438 0.675781 2 6 0.500000 7 0.500000
  6 3.443602 88.127838 -1.545658 0.339222 -0.093251 -0.936073 0.730469 0.722656 2 6 0.500000 7 0.500000
  6 3.990669 87.856445 -1.163451 0.666042 -0.239134 -0.706542 0.730469 0.675781 2 6 0.500000 7 0.500000
hwn2024_triboniophorus
  6 3.701443 87.259636 -1.221471 0.666042 -0.239134 -0.706542 0.773438 0.675781 2 6 0.500000 7 0.500000
  6 3.176115 87.521439 -1.582000 0.339222 -0.093251 -0.936073 0.773438 0.722656 2 6 0.500000 7 0.500000
  6 3.443602 88.127838 -1.545658 0.339222 -0.093251 -0.936073 0.730469 0.722656 2 6 0.500000 7 0.500000
hwn2024_triboniophorus
  6 3.443602 88.127838 -1.545658 0.339222 -0.093251 -0.936073 0.730469 0.722656 2 6 0.500000 7 0.500000
  6 3.176115 87.521439 -1.582000 0.339222 -0.093251 -0.936073 0.773438 0.722656 2 6 0.500000 7 0.500000
  6 2.545332 87.794914 -1.690856 -0.014598 0.077121 -0.996915 0.773438 0.765625 2 6 0.500000 7 0.500000
hwn2024_triboniophorus
  6 3.443602 88.127838 -1.545658 0.339222 -0.093251 -0.936073 0.730469 0.722656 2 6 0.500000 7 0.500000
  6 2.545332 87.794914 -1.690856 -0.014598 0.077121 -0.996915 0.773438 0.765625 2 6 0.500000 7 0.500000
  6 2.798512 88.447533 -1.662813 -0.040885 0.045758 -0.998116 0.730469 0.765625 2 6 0.500000 7 0.500000
hwn2024_triboniophorus
  6 1.968557 87.745872 1.717598 -0.432106 -0.091119 0.897208 0.773438 0.347656 2 6 0.500000 7 0.500000
  6 2.592049 87.476936 1.827972 -0.074078 -0.231461 0.970020 0.773438 0.394531 2 6 0.500000 7 0.500000
  6 2.941330 88.438499 2.083631 -0.074078 -0.231461 0.970020 0.730469 0.394531 2 6 0.500000 7 0.500000
hwn2024_triboniophorus
  6 1.968557 87.745872 1.717598 -0.432106 -0.091119 0.897208 0.773438 0.347656 2 6 0.500000 7 0.500000
  6 2.941330 88.438499 2.083631 -0.074078 -0.231461 0.970020 0.730469 0.394531 2 6 0.500000 7 0.500000
  6 2.296257 88.758080 1.965927 -0.432106 -0.091119 0.897208 0.730469 0.347656 2 6 0.500000 7 0.500000
hwn2024_triboniophorus
  6 1.431425 87.987984 1.355592 -0.714555 0.077101 0.695318 0.773438 0.300781 2 6 0.500000 7 0.500000
  6 1.968557 87.745872 1.717598 -0.432106 -0.091119 0.897208 0.773438 0.347656 2 6 0.500000 7 0.500000
  6 2.296257 88.758080 1.965927 -0.432106 -0.091119 0.897208 0.730469 0.347656 2 6 0.500000 7 0.500000
hwn2024_triboniophorus
  6 1.431425 87.987984 1.355592 -0.714555 0.077101 0.695318 0.773438 0.300781 2 6 0.500000 7 0.500000
  6 2.296257 88.758080 1.965927 -0.432106 -0.091119 0.897208 0.730469 0.347656 2 6 0.500000 7 0.500000
  6 1.736271 89.027100 1.579214 -0.714555 0.077101 0.695318 0.730469 0.300781 2 6 0.500000 7 0.500000
hwn2024_triboniophorus
  6 1.348177 89.205208 0.983947 -0.895830 0.171573 0.409940 0.730469 0.253906 2 6 0.500000 7 0.500000
  6 1.431425 87.987984 1.355592 -0.714555 0.077101 0.695318 0.773438 0.300781 2 6 0.500000 7 0.500000
  6 1.736271 89.027100 1.579214 -0.714555 0.077101 0.695318 0.730469 0.300781 2 6 0.500000 7 0.500000
hwn2024_triboniophorus
  6 1.348177 89.205208 0.983947 -0.895830 0.171573 0.409940 0.730469 0.253906 2 6 0.500000 7 0.500000
  6 1.063993 88.168411 0.798364 -0.879641 0.199108 0.431958 0.773438 0.253906 2 6 0.500000 7 0.500000
  6 1.431425 87.987984 1.355592 -0.714555 0.077101 0.695318 0.773438 0.300781 2 6 0.500000 7 0.500000
hwn2024_triboniophorus
  6 1.191347 89.266418 0.270855 -0.962018 0.269179 0.045422 0.730469 0.207031 2 6 0.500000 7 0.500000
  6 1.063993 88.168411 0.798364 -0.879641 0.199108 0.431958 0.773438 0.253906 2 6 0.500000 7 0.500000
  6 1.348177 89.205208 0.983947 -0.895830 0.171573 0.409940 0.730469 0.253906 2 6 0.500000 7 0.500000
hwn2024_triboniophorus
  6 1.191347 89.266418 0.270855 -0.962018 0.269179 0.045422 0.730469 0.207031 2 6 0.500000 7 0.500000
  6 0.923523 88.266418 0.130580 -0.962018 0.269179 0.045422 0.773438 0.207031 2 6 0.500000 7 0.500000
  6 1.063993 88.168411 0.798364 -0.879641 0.199108 0.431958 0.773438 0.253906 2 6 0.500000 7 0.500000
hwn2024_triboniophorus
  6 1.290920 89.203392 -0.450736 -0.900620 0.287368 -0.326041 0.730469 0.160156 2 6 0.500000 7 0.500000
  6 0.923523 88.266418 0.130580 -0.962018 0.269179 0.045422 0.773438 0.207031 2 6 0.500000 7 0.500000
  6 1.191347 89.266418 0.270855 -0.962018 0.269179 0.045422 0.730469 0.207031 2 6 0.500000 7 0.500000
hwn2024_triboniophorus
  6 1.290920 89.203392 -0.450736 -0.900620 0.287368 -0.326041 0.730469 0.160156 2 6 0.500000 7 0.500000
  6 1.035269 88.276291 -0.545687 -0.900620 0.287368 -0.326041 0.773438 0.160156 2 6 0.500000 7 0.500000
  6 0.923523 88.266418 0.130580 -0.962018 0.269179 0.045422 0.773438 0.207031 2 6 0.500000 7 0.500000
hwn2024_triboniophorus
  6 1.633316 89.026848 -1.070332 -0.690521 0.239491 -0.682513 0.730469 0.113281 2 6 0.500000 7 0.500000
  6 1.035269 88.276291 -0.545687 -0.900620 0.287368 -0.326041 0.773438 0.160156 2 6 0.500000 7 0.500000
  6 1.290920 89.203392 -0.450736 -0.900620 0.287368 -0.326041 0.730469 0.160156 2 6 0.500000 7 0.500000
hwn2024_triboniophorus
  6 1.633316 89.026848 -1.070332 -0.690521 0.239491 -0.682513 0.730469 0.113281 2 6 0.500000 7 0.500000
  6 1.385197 88.197250 -1.128080 -0.686337 0.274898 -0.673330 0.773438 0.113281 2 6 0.500000 7 0.500000
  6 1.035269 88.276291 -0.545687 -0.900620 0.287368 -0.326041 0.773438 0.160156 2 6 0.500000 7 0.500000
hwn2024_triboniophorus
  6 2.163033 88.762497 -1.495609 -0.388147 0.174628 -0.904902 0.730469 0.066406 2 6 0.500000 7 0.500000
  6 1.385197 88.197250 -1.128080 -0.686337 0.274898 -0.673330 0.773438 0.113281 2 6 0.500000 7 0.500000
  6 1.633316 89.026848 -1.070332 -0.690521 0.239491 -0.682513 0.730469 0.113281 2 6 0.500000 7 0.500000
hwn2024_triboniophorus
  6 2.163033 88.762497 -1.495609 -0.388147 0.174628 -0.904902 0.730469 0.066406 2 6 0.500000 7 0.500000
  6 1.916096 88.031471 -1.530445 -0.388147 0.174628 -0.904902 0.773438 0.066406 2 6 0.500000 7 0.500000
  6 1.385197 88.197250 -1.128080 -0.686337 0.274898 -0.673330 0.773438 0.113281 2 6 0.500000 7 0.500000
hwn2024_triboniophorus
  6 2.798512 88.447533 -1.662813 -0.040885 0.045758 -0.998116 0.730469 0.015625 2 6 0.500000 7 0.500000
  6 1.916096 88.031471 -1.530445 -0.388147 0.174628 -0.904902 0.773438 0.066406 2 6 0.500000 7 0.500000
  6 2.163033 88.762497 -1.495609 -0.388147 0.174628 -0.904902 0.730469 0.066406 2 6 0.500000 7 0.500000
hwn2024_triboniophorus
  6 2.798512 88.447533 -1.662813 -0.040885 0.045758 -0.998116 0.730469 0.015625 2 6 0.500000 7 0.500000
  6 2.545332 87.794914 -1.690856 -0.014598 0.077121 -0.996915 0.773438 0.015625 2 6 0.500000 7 0.500000
  6 1.916096 88.031471 -1.530445 -0.388147 0.174628 -0.904902 0.773438 0.066406 2 6 0.500000 7 0.500000
hwn2024_triboniophorus
  6 1.644077 87.276772 -1.601922 -0.359972 0.251453 -0.898438 0.812500 0.066406 2 6 0.500000 7 0.500000
  6 1.916096 88.031471 -1.530445 -0.388147 0.174628 -0.904902 0.773438 0.066406 2 6 0.500000 7 0.500000
  6 2.545332 87.794914 -1.690856 -0.014598 0.077121 -0.996915 0.773438 0.015625 2 6 0.500000 7 0.500000
hwn2024_triboniophorus
  6 1.644077 87.276772 -1.601922 -0.359972 0.251453 -0.898438 0.812500 0.066406 2 6 0.500000 7 0.500000
  6 2.545332 87.794914 -1.690856 -0.014598 0.077121 -0.996915 0.773438 0.015625 2 6 0.500000 7 0.500000
  6 2.253857 87.048340 -1.763567 -0.003702 0.126984 -0.991898 0.812500 0.015625 2 6 0.500000 7 0.500000
hwn2024_triboniophorus
  6 1.713297 86.992081 1.562793 -0.364444 -0.050122 0.929875 0.812500 0.347656 2 6 0.500000 7 0.500000
  6 2.592049 87.476936 1.827972 -0.074078 -0.231461 0.970020 0.773438 0.394531 2 6 0.500000 7 0.500000
  6 1.968557 87.745872 1.717598 -0.432106 -0.091119 0.897208 0.773438 0.347656 2 6 0.500000 7 0.500000
hwn2024_triboniophorus
  6 1.713297 86.992081 1.562793 -0.364444 -0.050122 0.929875 0.812500 0.347656 2 6 0.500000 7 0.500000
  6 1.968557 87.745872 1.717598 -0.432106 -0.091119 0.897208 0.773438 0.347656 2 6 0.500000 7 0.500000
  6 1.431425 87.987984 1.355592 -0.714555 0.077101 0.695318 0.773438 0.300781 2 6 0.500000 7 0.500000
hwn2024_triboniophorus
  6 1.713297 86.992081 1.562793 -0.364444 -0.050122 0.929875 0.812500 0.347656 2 6 0.500000 7 0.500000
  6 1.431425 87.987984 1.355592 -0.714555 0.077101 0.695318 0.773438 0.300781 2 6 0.500000 7 0.500000
  6 1.186333 87.228653 1.214616 -0.667413 0.104829 0.737273 0.812500 0.300781 2 6 0.500000 7 0.500000
hwn2024_triboniophorus
  6 1.186333 87.228653 1.214616 -0.667413 0.104829 0.737273 0.812500 0.300781 2 6 0.500000 7 0.500000
  6 1.431425 87.987984 1.355592 -0.714555 0.077101 0.695318 0.773438 0.300781 2 6 0.500000 7 0.500000
  6 1.063993 88.168411 0.798364 -0.879641 0.199108 0.431958 0.773438 0.253906 2 6 0.500000 7 0.500000
hwn2024_triboniophorus
  6 1.186333 87.228653 1.214616 -0.667413 0.104829 0.737273 0.812500 0.300781 2 6 0.500000 7 0.500000
  6 1.063993 88.168411 0.798364 -0.879641 0.199108 0.431958 0.773438 0.253906 2 6 0.500000 7 0.500000
  6 0.824717 87.405380 0.673718 -0.868087 0.244688 0.431917 0.812500 0.253906 2 6 0.500000 7 0.500000
hwn2024_triboniophorus
  6 0.824717 87.405380 0.673718 -0.868087 0.244688 0.431917 0.812500 0.253906 2 6 0.500000 7 0.500000
  6 1.063993 88.168411 0.798364 -0.879641 0.199108 0.431958 0.773438 0.253906 2 6 0.500000 7 0.500000
  6 0.923523 88.266418 0.130580 -0.962018 0.269179 0.045422 0.773438 0.207031 2 6 0.500000 7 0.500000
hwn2024_triboniophorus
  6 0.824717 87.405380 0.673718 -0.868087 0.244688 0.431917 0.812500 0.253906 2 6 0.500000 7 0.500000
  6 0.923523 88.266418 0.130580 -0.962018 0.269179 0.045422 0.773438 0.207031 2 6 0.500000 7 0.500000
  6 0.684788 87.501854 0.023021 -0.946501 0.318706 0.050618 0.812500 0.207031 2 6 0.500000 7 0.500000
hwn2024_triboniophorus
  6 0.684788 87.501854 0.023021 -0.946501 0.318706 0.050618 0.812500 0.207031 2 6 0.500000 7 0.500000
  6 0.923523 88.266418 0.130580 -0.962018 0.269179 0.045422 0.773438 0.207031 2 6 0.500000 7 0.500000
  6 1.035269 88.276291 -0.545687 -0.900620 0.287368 -0.326041 0.773438 0.160156 2 6 0.500000 7 0.500000
hwn2024_triboniophorus
  6 0.684788 87.501854 0.023021 -0.946501 0.318706 0.050618 0.812500 0.207031 2 6 0.500000 7 0.500000
  6 1.035269 88.276291 -0.545687 -0.900620 0.287368 -0.326041 0.773438 0.160156 2 6 0.500000 7 0.500000
  6 0.791262 87.512482 -0.637144 -0.874348 0.351622 -0.334482 0.812500 0.160156 2 6 0.500000 7 0.500000
hwn2024_triboniophorus
  6 0.791262 87.512482 -0.637144 -0.874348 0.351622 -0.334482 0.812500 0.160156 2 6 0.500000 7 0.500000
  6 1.035269 88.276291 -0.545687 -0.900620 0.287368 -0.326041 0.773438 0.160156 2 6 0.500000 7 0.500000
  6 1.385197 88.197250 -1.128080 -0.686337 0.274898 -0.673330 0.773438 0.113281 2 6 0.500000 7 0.500000
hwn2024_triboniophorus
  6 0.791262 87.512482 -0.637144 -0.874348 0.351622 -0.334482 0.812500 0.160156 2 6 0.500000 7 0.500000
  6 1.385197 88.197250 -1.128080 -0.686337 0.274898 -0.673330 0.773438 0.113281 2 6 0.500000 7 0.500000
  6 1.129871 87.436638 -1.206599 -0.667424 0.327151 -0.668967 0.812500 0.113281 2 6 0.500000 7 0.500000
hwn2024_triboniophorus
  6 1.129871 87.436638 -1.206599 -0.667424 0.327151 -0.668967 0.812500 0.113281 2 6 0.500000 7 0.500000
  6 1.385197 88.197250 -1.128080 -0.686337 0.274898 -0.673330 0.773438 0.113281 2 6 0.500000 7 0.500000
  6 1.916096 88.031471 -1.530445 -0.388147 0.174628 -0.904902 0.773438 0.066406 2 6 0.500000 7 0.500000
hwn2024_triboniophorus
  6 1.129871 87.436638 -1.206599 -0.667424 0.327151 -0.668967 0.812500 0.113281 2 6 0.500000 7 0.500000
  6 1.916096 88.031471 -1.530445 -0.388147 0.174628 -0.904902 0.773438 0.066406 2 6 0.500000 7 0.500000
  6 1.644077 87.276772 -1.601922 -0.359972 0.251453 -0.898438 0.812500 0.066406 2 6 0.500000 7 0.500000
hwn2024_triboniophorus
  6 0.839952 86.691978 -1.320171 -0.660756 0.383000 -0.645533 0.855469 0.113281 2 6 0.500000 7 0.500000
  6 1.129871 87.436638 -1.206599 -0.667424 0.327151 -0.668967 0.812500 0.113281 2 6 0.500000 7 0.500000
  6 1.644077 87.276772 -1.601922 -0.359972 0.251453 -0.898438 0.812500 0.066406 2 6 0.500000 7 0.500000
hwn2024_triboniophorus
  6 0.839952 86.691978 -1.320171 -0.660756 0.383000 -0.645533 0.855469 0.113281 2 6 0.500000 7 0.500000
  6 1.644077 87.276772 -1.601922 -0.359972 0.251453 -0.898438 0.812500 0.066406 2 6 0.500000 7 0.500000
  6 1.352039 86.534317 -1.723030 -0.354860 0.314166 -0.880553 0.855469 0.066406 2 6 0.500000 7 0.500000
hwn2024_triboniophorus
  6 1.150322 86.050926 -1.825936 -0.328165 0.401370 -0.855108 0.886719 0.066406 2 6 0.500000 7 0.500000
  6 0.839952 86.691978 -1.320171 -0.660756 0.383000 -0.645533 0.855469 0.113281 2 6 0.500000 7 0.500000
  6 1.352039 86.534317 -1.723030 -0.354860 0.314166 -0.880553 0.855469 0.066406 2 6 0.500000 7 0.500000
hwn2024_triboniophorus
  6 1.150322 86.050926 -1.825936 -0.328165 0.401370 -0.855108 0.886719 0.066406 2 6 0.500000 7 0.500000
  6 0.602388 86.137794 -1.424723 -0.631520 0.461566 -0.623009 0.886719 0.113281 2 6 0.500000 7 0.500000
  6 0.839952 86.691978 -1.320171 -0.660756 0.383000 -0.645533 0.855469 0.113281 2 6 0.500000 7 0.500000
hwn2024_triboniophorus
  6 1.105425 85.994759 -1.881532 -0.058534 0.856391 -0.513000 0.890625 0.066406 2 6 0.500000 7 0.500000
  6 0.602388 86.137794 -1.424723 -0.631520 0.461566 -0.623009 0.886719 0.113281 2 6 0.500000 7 0.500000
  6 1.150322 86.050926 -1.825936 -0.328165 0.401370 -0.855108 0.886719 0.066406 2 6 0.500000 7 0.500000
hwn2024_triboniophorus
  6 2.054678 85.977318 1.545291 0.004589 -0.144972 0.989425 0.855469 0.394531 2 6 0.500000 7 0.500000
  6 2.651199 85.734146 1.375146 0.367870 -0.259649 0.892891 0.855469 0.441406 2 6 0.500000 7 0.500000
  6 2.920370 86.485413 1.501052 0.352422 -0.313313 0.881835 0.812500 0.441406 2 6 0.500000 7 0.500000
hwn2024_triboniophorus
  6 2.054678 85.977318 1.545291 0.004589 -0.144972 0.989425 0.855469 0.394531 2 6 0.500000 7 0.500000
  6 2.920370 86.485413 1.501052 0.352422 -0.313313 0.881835 0.812500 0.441406 2 6 0.500000 7 0.500000
  6 2.322901 86.730049 1.663375 -0.024609 -0.177423 0.983827 0.812500 0.394531 2 6 0.500000 7 0.500000
hwn2024_triboniophorus
  6 1.442568 86.239502 1.450899 -0.355860 0.010060 0.934485 0.855469 0.347656 2 6 0.500000 7 0.500000
  6 2.054678 85.977318 1.545291 0.004589 -0.144972 0.989425 0.855469 0.394531 2 6 0.500000 7 0.500000
  6 2.322901 86.730049 1.663375 -0.024609 -0.177423 0.983827 0.812500 0.394531 2 6 0.500000 7 0.500000
hwn2024_triboniophorus
  6 1.442568 86.239502 1.450899 -0.355860 0.010060 0.934485 0.855469 0.347656 2 6 0.500000 7 0.500000
  6 2.322901 86.730049 1.663375 -0.024609 -0.177423 0.983827 0.812500 0.394531 2 6 0.500000 7 0.500000
  6 1.713297 86.992081 1.562793 -0.364444 -0.050122 0.929875 0.812500 0.347656 2 6 0.500000 7 0.500000
hwn2024_triboniophorus
  6 1.442568 86.239502 1.450899 -0.355860 0.010060 0.934485 0.855469 0.347656 2 6 0.500000 7 0.500000
  6 1.713297 86.992081 1.562793 -0.364444 -0.050122 0.929875 0.812500 0.347656 2 6 0.500000 7 0.500000
  6 1.186333 87.228653 1.214616 -0.667413 0.104829 0.737273 0.812500 0.300781 2 6 0.500000 7 0.500000
hwn2024_triboniophorus
  6 1.442568 86.239502 1.450899 -0.355860 0.010060 0.934485 0.855469 0.347656 2 6 0.500000 7 0.500000
  6 1.186333 87.228653 1.214616 -0.667413 0.104829 0.737273 0.812500 0.300781 2 6 0.500000 7 0.500000
  6 0.911879 86.476906 1.106992 -0.640979 0.133281 0.755898 0.855469 0.300781 2 6 0.500000 7 0.500000
hwn2024_triboniophorus
  6 0.911879 86.476906 1.106992 -0.640979 0.133281 0.755898 0.855469 0.300781 2 6 0.500000 7 0.500000
  6 1.186333 87.228653 1.214616 -0.667413 0.104829 0.737273 0.812500 0.300781 2 6 0.500000 7 0.500000
  6 0.824717 87.405380 0.673718 -0.868087 0.244688 0.431917 0.812500 0.253906 2 6 0.500000 7 0.500000
hwn2024_triboniophorus
  6 0.911879 86.476906 1.106992 -0.640979 0.133281 0.755898 0.855469 0.300781 2 6 0.500000 7 0.500000
  6 0.824717 87.405380 0.673718 -0.868087 0.244688 0.431917 0.812500 0.253906 2 6 0.500000 7 0.500000
  6 0.546244 86.654846 0.568177 -0.857253 0.278155 0.433298 0.855469 0.253906 2 6 0.500000 7 0.500000
hwn2024_triboniophorus
  6 0.546244 86.654846 0.568177 -0.857253 0.278155 0.433298 0.855469 0.253906 2 6 0.500000 7 0.500000
  6 0.824717 87.405380 0.673718 -0.868087 0.244688 0.431917 0.812500 0.253906 2 6 0.500000 7 0.500000
  6 0.684788 87.501854 0.023021 -0.946501 0.318706 0.050618 0.812500 0.207031 2 6 0.500000 7 0.500000
hwn2024_triboniophorus
  6 0.546244 86.654846 0.568177 -0.857253 0.278155 0.433298 0.855469 0.253906 2 6 0.500000 7 0.500000
  6 0.684788 87.501854 0.023021 -0.946501 0.318706 0.050618 0.812500 0.207031 2 6 0.500000 7 0.500000
  6 0.402201 86.752945 -0.082784 -0.929552 0.363227 0.063244 0.855469 0.207031 2 6 0.500000 7 0.500000
hwn2024_triboniophorus
  6 0.402201 86.752945 -0.082784 -0.929552 0.363227 0.063244 0.855469 0.207031 2 6 0.500000 7 0.500000
  6 0.684788 87.501854 0.023021 -0.946501 0.318706 0.050618 0.812500 0.207031 2 6 0.500000 7 0.500000
  6 0.791262 87.512482 -0.637144 -0.874348 0.351622 -0.334482 0.812500 0.160156 2 6 0.500000 7 0.500000
hwn2024_triboniophorus
  6 0.402201 86.752945 -0.082784 -0.929552 0.363227 0.063244 0.855469 0.207031 2 6 0.500000 7 0.500000
  6 0.791262 87.512482 -0.637144 -0.874348 0.351622 -0.334482 0.812500 0.160156 2 6 0.500000 7 0.500000
  6 0.504711 86.765556 -0.745576 -0.860197 0.397982 -0.318859 0.855469 0.160156 2 6 0.500000 7 0.500000
hwn2024_triboniophorus
  6 0.504711 86.765556 -0.745576 -0.860197 0.397982 -0.318859 0.855469 0.160156 2 6 0.500000 7 0.500000
  6 0.791262 87.512482 -0.637144 -0.874348 0.351622 -0.334482 0.812500 0.160156 2 6 0.500000 7 0.500000
  6 1.129871 87.436638 -1.206599 -0.667424 0.327151 -0.668967 0.812500 0.113281 2 6 0.500000 7 0.500000
hwn2024_triboniophorus
  6 0.504711 86.765556 -0.745576 -0.860197 0.397982 -0.318859 0.855469 0.160156 2 6 0.500000 7 0.500000
  6 1.129871 87.436638 -1.206599 -0.667424 0.327151 -0.668967 0.812500 0.113281 2 6 0.500000 7 0.500000
  6 0.839952 86.691978 -1.320171 -0.660756 0.383000 -0.645533 0.855469 0.113281 2 6 0.500000 7 0.500000
hwn2024_triboniophorus
  6 0.602388 86.137794 -1.424723 -0.631520 0.461566 -0.623009 0.886719 0.113281 2 6 0.500000 7 0.500000
  6 0.504711 86.765556 -0.745576 -0.860197 0.397982 -0.318859 0.855469 0.160156 2 6 0.500000 7 0.500000
  6 0.839952 86.691978 -1.320171 -0.660756 0.383000 -0.645533 0.855469 0.113281 2 6 0.500000 7 0.500000
hwn2024_triboniophorus
  6 0.602388 86.137794 -1.424723 -0.631520 0.461566 -0.623009 0.886719 0.113281 2 6 0.500000 7 0.500000
  6 0.233801 86.136734 -0.848620 -0.831888 0.471247 -0.293068 0.886719 0.160156 2 6 0.500000 7 0.500000
  6 0.504711 86.765556 -0.745576 -0.860197 0.397982 -0.318859 0.855469 0.160156 2 6 0.500000 7 0.500000
hwn2024_triboniophorus
  6 0.504711 86.765556 -0.745576 -0.860197 0.397982 -0.318859 0.855469 0.160156 2 6 0.500000 7 0.500000
  6 0.233801 86.136734 -0.848620 -0.831888 0.471247 -0.293068 0.886719 0.160156 2 6 0.500000 7 0.500000
  6 0.109362 86.063927 -0.180431 -0.898506 0.433817 0.067001 0.886719 0.207031 2 6 0.500000 7 0.500000
hwn2024_triboniophorus
  6 0.504711 86.765556 -0.745576 -0.860197 0.397982 -0.318859 0.855469 0.160156 2 6 0.500000 7 0.500000
  6 0.109362 86.063927 -0.180431 -0.898506 0.433817 0.067001 0.886719 0.207031 2 6 0.500000 7 0.500000
  6 0.402201 86.752945 -0.082784 -0.929552 0.363227 0.063244 0.855469 0.207031 2 6 0.500000 7 0.500000
hwn2024_triboniophorus
  6 0.402201 86.752945 -0.082784 -0.929552 0.363227 0.063244 0.855469 0.207031 2 6 0.500000 7 0.500000
  6 0.109362 86.063927 -0.180431 -0.898506 0.433817 0.067001 0.886719 0.207031 2 6 0.500000 7 0.500000
  6 0.246725 85.929298 0.478150 -0.828036 0.343438 0.443179 0.886719 0.253906 2 6 0.500000 7 0.500000
hwn2024_triboniophorus
  6 0.402201 86.752945 -0.082784 -0.929552 0.363227 0.063244 0.855469 0.207031 2 6 0.500000 7 0.500000
  6 0.246725 85.929298 0.478150 -0.828036 0.343438 0.443179 0.886719 0.253906 2 6 0.500000 7 0.500000
  6 0.546244 86.654846 0.568177 -0.857253 0.278155 0.433298 0.855469 0.253906 2 6 0.500000 7 0.500000
hwn2024_triboniophorus
  6 0.546244 86.654846 0.568177 -0.857253 0.278155 0.433298 0.855469 0.253906 2 6 0.500000 7 0.500000
  6 0.246725 85.929298 0.478150 -0.828036 0.343438 0.443179 0.886719 0.253906 2 6 0.500000 7 0.500000
  6 0.619425 85.737480 1.023734 -0.627931 0.219955 0.746540 0.886719 0.300781 2 6 0.500000 7 0.500000
hwn2024_triboniophorus
  6 0.546244 86.654846 0.568177 -0.857253 0.278155 0.433298 0.855469 0.253906 2 6 0.500000 7 0.500000
  6 0.619425 85.737480 1.023734 -0.627931 0.219955 0.746540 0.886719 0.300781 2 6 0.500000 7 0.500000
  6 0.911879 86.476906 1.106992 -0.640979 0.133281 0.755898 0.855469 0.300781 2 6 0.500000 7 0.500000
hwn2024_triboniophorus
  6 0.911879 86.476906 1.106992 -0.640979 0.133281 0.755898 0.855469 0.300781 2 6 0.500000 7 0.500000
  6 0.619425 85.737480 1.023734 -0.627931 0.219955 0.746540 0.886719 0.300781 2 6 0.500000 7 0.500000
  6 1.167868 85.506371 1.371364 -0.327243 0.076637 0.941827 0.886719 0.347656 2 6 0.500000 7 0.500000
hwn2024_triboniophorus
  6 0.911879 86.476906 1.106992 -0.640979 0.133281 0.755898 0.855469 0.300781 2 6 0.500000 7 0.500000
  6 1.167868 85.506371 1.371364 -0.327243 0.076637 0.941827 0.886719 0.347656 2 6 0.500000 7 0.500000
  6 1.442568 86.239502 1.450899 -0.355860 0.010060 0.934485 0.855469 0.347656 2 6 0.500000 7 0.500000
hwn2024_triboniophorus
  6 1.167868 85.506371 1.371364 -0.327243 0.076637 0.941827 0.886719 0.347656 2 6 0.500000 7 0.500000
  6 2.054678 85.977318 1.545291 0.004589 -0.144972 0.989425 0.855469 0.394531 2 6 0.500000 7 0.500000
  6 1.442568 86.239502 1.450899 -0.355860 0.010060 0.934485 0.855469 0.347656 2 6 0.500000 7 0.500000
hwn2024_triboniophorus
  6 1.167868 85.506371 1.371364 -0.327243 0.076637 0.941827 0.886719 0.347656 2 6 0.500000 7 0.500000
  6 1.804207 85.268837 1.465534 0.024204 -0.058732 0.997980 0.886719 0.394531 2 6 0.500000 7 0.500000
  6 2.054678 85.977318 1.545291 0.004589 -0.144972 0.989425 0.855469 0.394531 2 6 0.500000 7 0.500000
hwn2024_triboniophorus
  6 1.804207 85.268837 1.465534 0.024204 -0.058732 0.997980 0.886719 0.394531 2 6 0.500000 7 0.500000
  6 2.651199 85.734146 1.375146 0.367870 -0.259649 0.892891 0.855469 0.441406 2 6 0.500000 7 0.500000
  6 2.054678 85.977318 1.545291 0.004589 -0.144972 0.989425 0.855469 0.394531 2 6 0.500000 7 0.500000
hwn2024_triboniophorus
  6 1.105425 85.994759 -1.881532 -0.058534 0.856391 -0.513000 0.890625 0.066406 2 6 0.500000 7 0.500000
  6 0.542969 86.082993 -1.468839 -0.285365 0.895112 -0.342550 0.890625 0.113281 2 6 0.500000 7 0.500000
  6 0.602388 86.137794 -1.424723 -0.631520 0.461566 -0.623009 0.886719 0.113281 2 6 0.500000 7 0.500000
hwn2024_triboniophorus
  6 0.542969 86.082993 -1.468839 -0.285365 0.895112 -0.342550 0.890625 0.113281 2 6 0.500000 7 0.500000
  6 0.233801 86.136734 -0.848620 -0.831888 0.471247 -0.293068 0.886719 0.160156 2 6 0.500000 7 0.500000
  6 0.602388 86.137794 -1.424723 -0.631520 0.461566 -0.623009 0.886719 0.113281 2 6 0.500000 7 0.500000
hwn2024_triboniophorus
  6 0.542969 86.082993 -1.468839 -0.285365 0.895112 -0.342550 0.890625 0.113281 2 6 0.500000 7 0.500000
  6 0.164728 86.080925 -0.876344 -0.429982 0.895411 -0.115565 0.890625 0.160156 2 6 0.500000 7 0.500000
  6 0.233801 86.136734 -0.848620 -0.831888 0.471247 -0.293068 0.886719 0.160156 2 6 0.500000 7 0.500000
hwn2024_triboniophorus
  6 0.164728 86.080925 -0.876344 -0.429982 0.895411 -0.115565 0.890625 0.160156 2 6 0.500000 7 0.500000
  6 0.109362 86.063927 -0.180431 -0.898506 0.433817 0.067001 0.886719 0.207031 2 6 0.500000 7 0.500000
  6 0.233801 86.136734 -0.848620 -0.831888 0.471247 -0.293068 0.886719 0.160156 2 6 0.500000 7 0.500000
hwn2024_triboniophorus
  6 0.164728 86.080925 -0.876344 -0.429982 0.895411 -0.115565 0.890625 0.160156 2 6 0.500000 7 0.500000
  6 0.037302 86.006149 -0.189133 -0.477993 0.867237 0.139361 0.890625 0.207031 2 6 0.500000 7 0.500000
  6 0.109362 86.063927 -0.180431 -0.898506 0.433817 0.067001 0.886719 0.207031 2 6 0.500000 7 0.500000
hwn2024_triboniophorus
  6 0.178928 85.868675 0.487916 -0.424984 0.812798 0.398432 0.890625 0.253906 2 6 0.500000 7 0.500000
  6 0.109362 86.063927 -0.180431 -0.898506 0.433817 0.067001 0.886719 0.207031 2 6 0.500000 7 0.500000
  6 0.037302 86.006149 -0.189133 -0.477993 0.867237 0.139361 0.890625 0.207031 2 6 0.500000 7 0.500000
hwn2024_triboniophorus
  6 0.178928 85.868675 0.487916 -0.424984 0.812798 0.398432 0.890625 0.253906 2 6 0.500000 7 0.500000
  6 0.246725 85.929298 0.478150 -0.828036 0.343438 0.443179 0.886719 0.253906 2 6 0.500000 7 0.500000
  6 0.109362 86.063927 -0.180431 -0.898506 0.433817 0.067001 0.886719 0.207031 2 6 0.500000 7 0.500000
hwn2024_triboniophorus
  6 0.562010 85.672348 1.048303 -0.273635 0.729563 0.626787 0.890625 0.300781 2 6 0.500000 7 0.500000
  6 0.246725 85.929298 0.478150 -0.828036 0.343438 0.443179 0.886719 0.253906 2 6 0.500000 7 0.500000
  6 0.178928 85.868675 0.487916 -0.424984 0.812798 0.398432 0.890625 0.253906 2 6 0.500000 7 0.500000
hwn2024_triboniophorus
  6 0.562010 85.672348 1.048303 -0.273635 0.729563 0.626787 0.890625 0.300781 2 6 0.500000 7 0.500000
  6 0.619425 85.737480 1.023734 -0.627931 0.219955 0.746540 0.886719 0.300781 2 6 0.500000 7 0.500000
  6 0.246725 85.929298 0.478150 -0.828036 0.343438 0.443179 0.886719 0.253906 2 6 0.500000 7 0.500000
hwn2024_triboniophorus
  6 1.124905 85.435257 1.404762 -0.043613 0.623261 0.780797 0.890625 0.347656 2 6 0.500000 7 0.500000
  6 0.619425 85.737480 1.023734 -0.627931 0.219955 0.746540 0.886719 0.300781 2 6 0.500000 7 0.500000
  6 0.562010 85.672348 1.048303 -0.273635 0.729563 0.626787 0.890625 0.300781 2 6 0.500000 7 0.500000
hwn2024_triboniophorus
  6 1.124905 85.435257 1.404762 -0.043613 0.623261 0.780797 0.890625 0.347656 2 6 0.500000 7 0.500000
  6 1.167868 85.506371 1.371364 -0.327243 0.076637 0.941827 0.886719 0.347656 2 6 0.500000 7 0.500000
  6 0.619425 85.737480 1.023734 -0.627931 0.219955 0.746540 0.886719 0.300781 2 6 0.500000 7 0.500000
hwn2024_triboniophorus
  6 1.778303 85.191292 1.500726 0.232613 0.511930 0.826933 0.890625 0.394531 2 6 0.500000 7 0.500000
  6 1.167868 85.506371 1.371364 -0.327243 0.076637 0.941827 0.886719 0.347656 2 6 0.500000 7 0.500000
  6 1.124905 85.435257 1.404762 -0.043613 0.623261 0.780797 0.890625 0.347656 2 6 0.500000 7 0.500000
hwn2024_triboniophorus
  6 1.778303 85.191292 1.500726 0.232613 0.511930 0.826933 0.890625 0.394531 2 6 0.500000 7 0.500000
  6 1.804207 85.268837 1.465534 0.024204 -0.058732 0.997980 0.886719 0.394531 2 6 0.500000 7 0.500000
  6 1.167868 85.506371 1.371364 -0.327243 0.076637 0.941827 0.886719 0.347656 2 6 0.500000 7 0.500000
hwn2024_triboniophorus
  6 1.778303 85.191292 1.500726 0.232613 0.511930 0.826933 0.890625 0.394531 2 6 0.500000 7 0.500000
  6 2.426041 85.066879 1.291560 0.398177 -0.184603 0.898542 0.886719 0.441406 2 6 0.500000 7 0.500000
  6 1.804207 85.268837 1.465534 0.024204 -0.058732 0.997980 0.886719 0.394531 2 6 0.500000 7 0.500000
hwn2024_triboniophorus
  6 1.804207 85.268837 1.465534 0.024204 -0.058732 0.997980 0.886719 0.394531 2 6 0.500000 7 0.500000
  6 2.426041 85.066879 1.291560 0.398177 -0.184603 0.898542 0.886719 0.441406 2 6 0.500000 7 0.500000
  6 2.651199 85.734146 1.375146 0.367870 -0.259649 0.892891 0.855469 0.441406 2 6 0.500000 7 0.500000
hwn2024_triboniophorus
  6 2.426041 85.066879 1.291560 0.398177 -0.184603 0.898542 0.886719 0.441406 2 6 0.500000 7 0.500000
  6 3.140974 85.550766 0.966631 0.675384 -0.338755 0.655058 0.855469 0.488281 2 6 0.500000 7 0.500000
  6 2.651199 85.734146 1.375146 0.367870 -0.259649 0.892891 0.855469 0.441406 2 6 0.500000 7 0.500000
hwn2024_triboniophorus
  6 2.651199 85.734146 1.375146 0.367870 -0.259649 0.892891 0.855469 0.441406 2 6 0.500000 7 0.500000
  6 3.140974 85.550766 0.966631 0.675384 -0.338755 0.655058 0.855469 0.488281 2 6 0.500000 7 0.500000
  6 3.412048 86.300217 1.100530 0.673052 -0.373731 0.638221 0.812500 0.488281 2 6 0.500000 7 0.500000
hwn2024_triboniophorus
  6 2.651199 85.734146 1.375146 0.367870 -0.259649 0.892891 0.855469 0.441406 2 6 0.500000 7 0.500000
  6 3.412048 86.300217 1.100530 0.673052 -0.373731 0.638221 0.812500 0.488281 2 6 0.500000 7 0.500000
  6 2.920370 86.485413 1.501052 0.352422 -0.313313 0.881835 0.812500 0.441406 2 6 0.500000 7 0.500000
hwn2024_triboniophorus
  6 1.352039 86.534317 -1.723030 -0.354860 0.314166 -0.880553 0.855469 0.066406 2 6 0.500000 7 0.500000
  6 1.644077 87.276772 -1.601922 -0.359972 0.251453 -0.898438 0.812500 0.066406 2 6 0.500000 7 0.500000
  6 2.253857 87.048340 -1.763567 -0.003702 0.126984 -0.991898 0.812500 0.015625 2 6 0.500000 7 0.500000
hwn2024_triboniophorus
  6 1.352039 86.534317 -1.723030 -0.354860 0.314166 -0.880553 0.855469 0.066406 2 6 0.500000 7 0.500000
  6 2.253857 87.048340 -1.763567 -0.003702 0.126984 -0.991898 0.812500 0.015625 2 6 0.500000 7 0.500000
  6 1.961971 86.307426 -1.893495 -0.008694 0.192110 -0.981335 0.855469 0.015625 2 6 0.500000 7 0.500000
hwn2024_triboniophorus
  6 1.790646 85.875320 -1.993404 0.030913 0.267256 -0.963130 0.886719 0.015625 2 6 0.500000 7 0.500000
  6 1.352039 86.534317 -1.723030 -0.354860 0.314166 -0.880553 0.855469 0.066406 2 6 0.500000 7 0.500000
  6 1.961971 86.307426 -1.893495 -0.008694 0.192110 -0.981335 0.855469 0.015625 2 6 0.500000 7 0.500000
hwn2024_triboniophorus
  6 1.790646 85.875320 -1.993404 0.030913 0.267256 -0.963130 0.886719 0.015625 2 6 0.500000 7 0.500000
  6 1.150322 86.050926 -1.825936 -0.328165 0.401370 -0.855108 0.886719 0.066406 2 6 0.500000 7 0.500000
  6 1.352039 86.534317 -1.723030 -0.354860 0.314166 -0.880553 0.855469 0.066406 2 6 0.500000 7 0.500000
hwn2024_triboniophorus
  6 1.763149 85.815018 -2.053906 0.217431 0.775812 -0.592317 0.890625 0.015625 2 6 0.500000 7 0.500000
  6 1.150322 86.050926 -1.825936 -0.328165 0.401370 -0.855108 0.886719 0.066406 2 6 0.500000 7 0.500000
  6 1.790646 85.875320 -1.993404 0.030913 0.267256 -0.963130 0.886719 0.015625 2 6 0.500000 7 0.500000
hwn2024_triboniophorus
  6 1.763149 85.815018 -2.053906 0.217431 0.775812 -0.592317 0.890625 0.015625 2 6 0.500000 7 0.500000
  6 1.105425 85.994759 -1.881532 -0.058534 0.856391 -0.513000 0.890625 0.066406 2 6 0.500000 7 0.500000
  6 1.150322 86.050926 -1.825936 -0.328165 0.401370 -0.855108 0.886719 0.066406 2 6 0.500000 7 0.500000
hwn2024_triboniophorus
  6 1.742868 85.780670 -2.134319 0.317956 0.945085 0.075622 0.894531 0.015625 2 6 0.500000 7 0.500000
  6 1.105425 85.994759 -1.881532 -0.058534 0.856391 -0.513000 0.890625 0.066406 2 6 0.500000 7 0.500000
  6 1.763149 85.815018 -2.053906 0.217431 0.775812 -0.592317 0.890625 0.015625 2 6 0.500000 7 0.500000
hwn2024_triboniophorus
  6 1.742868 85.780670 -2.134319 0.317956 0.945085 0.075622 0.894531 0.015625 2 6 0.500000 7 0.500000
  6 1.058399 85.967484 -1.954382 0.258253 0.961300 0.095953 0.894531 0.066406 2 6 0.500000 7 0.500000
  6 1.105425 85.994759 -1.881532 -0.058534 0.856391 -0.513000 0.890625 0.066406 2 6 0.500000 7 0.500000
hwn2024_triboniophorus
  6 1.058399 85.967484 -1.954382 0.258253 0.961300 0.095953 0.894531 0.066406 2 6 0.500000 7 0.500000
  6 0.542969 86.082993 -1.468839 -0.285365 0.895112 -0.342550 0.890625 0.113281 2 6 0.500000 7 0.500000
  6 1.105425 85.994759 -1.881532 -0.058534 0.856391 -0.513000 0.890625 0.066406 2 6 0.500000 7 0.500000
hwn2024_triboniophorus
  6 1.058399 85.967484 -1.954382 0.258253 0.961300 0.095953 0.894531 0.066406 2 6 0.500000 7 0.500000
  6 0.473778 86.058098 -1.524282 0.214275 0.968851 0.124155 0.894531 0.113281 2 6 0.500000 7 0.500000
  6 0.542969 86.082993 -1.468839 -0.285365 0.895112 -0.342550 0.890625 0.113281 2 6 0.500000 7 0.500000
hwn2024_triboniophorus
  6 0.473778 86.058098 -1.524282 0.214275 0.968851 0.124155 0.894531 0.113281 2 6 0.500000 7 0.500000
  6 0.164728 86.080925 -0.876344 -0.429982 0.895411 -0.115565 0.890625 0.160156 2 6 0.500000 7 0.500000
  6 0.542969 86.082993 -1.468839 -0.285365 0.895112 -0.342550 0.890625 0.113281 2 6 0.500000 7 0.500000
hwn2024_triboniophorus
  6 0.473778 86.058098 -1.524282 0.214275 0.968851 0.124155 0.894531 0.113281 2 6 0.500000 7 0.500000
  6 0.081234 86.054619 -0.907795 0.214275 0.968851 0.124155 0.894531 0.160156 2 6 0.500000 7 0.500000
  6 0.164728 86.080925 -0.876344 -0.429982 0.895411 -0.115565 0.890625 0.160156 2 6 0.500000 7 0.500000
hwn2024_triboniophorus
  6 0.081234 86.054619 -0.907795 0.214275 0.968851 0.124155 0.894531 0.160156 2 6 0.500000 7 0.500000
  6 0.037302 86.006149 -0.189133 -0.477993 0.867237 0.139361 0.890625 0.207031 2 6 0.500000 7 0.500000
  6 0.164728 86.080925 -0.876344 -0.429982 0.895411 -0.115565 0.890625 0.160156 2 6 0.500000 7 0.500000
hwn2024_triboniophorus
  6 0.081234 86.054619 -0.907795 0.214275 0.968851 0.124155 0.894531 0.160156 2 6 0.500000 7 0.500000
  6 -0.050573 85.976730 -0.193314 0.214275 0.968851 0.124155 0.894531 0.207031 2 6 0.500000 7 0.500000
  6 0.037302 86.006149 -0.189133 -0.477993 0.867237 0.139361 0.890625 0.207031 2 6 0.500000 7 0.500000
hwn2024_triboniophorus
  6 0.097153 85.834602 0.510627 0.200360 0.963851 0.175635 0.894531 0.253906 2 6 0.500000 7 0.500000
  6 0.037302 86.006149 -0.189133 -0.477993 0.867237 0.139361 0.890625 0.207031 2 6 0.500000 7 0.500000
  6 -0.050573 85.976730 -0.193314 0.214275 0.968851 0.124155 0.894531 0.207031 2 6 0.500000 7 0.500000
hwn2024_triboniophorus
  6 0.097153 85.834602 0.510627 0.200360 0.963851 0.175635 0.894531 0.253906 2 6 0.500000 7 0.500000
  6 0.178928 85.868675 0.487916 -0.424984 0.812798 0.398432 0.890625 0.253906 2 6 0.500000 7 0.500000
  6 0.037302 86.006149 -0.189133 -0.477993 0.867237 0.139361 0.890625 0.207031 2 6 0.500000 7 0.500000
hwn2024_triboniophorus
  6 0.495625 85.630974 1.093271 0.228229 0.948059 0.221576 0.894531 0.300781 2 6 0.500000 7 0.500000
  6 0.178928 85.868675 0.487916 -0.424984 0.812798 0.398432 0.890625 0.253906 2 6 0.500000 7 0.500000
  6 0.097153 85.834602 0.510627 0.200360 0.963851 0.175635 0.894531 0.253906 2 6 0.500000 7 0.500000
hwn2024_triboniophorus
  6 0.495625 85.630974 1.093271 0.228229 0.948059 0.221576 0.894531 0.300781 2 6 0.500000 7 0.500000
  6 0.562010 85.672348 1.048303 -0.273635 0.729563 0.626787 0.890625 0.300781 2 6 0.500000 7 0.500000
  6 0.178928 85.868675 0.487916 -0.424984 0.812798 0.398432 0.890625 0.253906 2 6 0.500000 7 0.500000
hwn2024_triboniophorus
  6 0.771564 84.609970 1.136886 0.268055 0.091558 0.959043 0.456868 0.824501 2 6 0.500000 7 0.500000
  6 0.683527 84.731400 1.140193 -0.054039 0.186164 0.981031 0.438250 0.838455 2 6 0.500000 7 0.500000
  6 0.676012 84.623039 1.162102 -0.013779 0.093446 0.995529 0.441927 0.822003 2 6 0.500000 7 0.500000
hwn2024_triboniophorus
  6 0.483402 84.501701 1.123406 -0.454597 -0.038939 0.889846 0.418951 0.797439 2 6 0.500000 7 0.500000
  6 0.338890 84.532906 0.977649 -0.792565 0.037982 0.608603 0.389419 0.793898 2 6 0.500000 7 0.500000
  6 0.368320 84.420586 1.024415 -0.768822 -0.098049 0.631902 0.401873 0.780171 2 6 0.500000 7 0.500000
hwn2024_triboniophorus
  6 0.338890 84.532906 0.977649 -0.792565 0.037982 0.608603 0.389419 0.793898 2 6 0.500000 7 0.500000
  6 0.333483 84.365685 0.941823 -0.826751 -0.157275 0.540136 0.391644 0.767870 2 6 0.500000 7 0.500000
  6 0.368320 84.420586 1.024415 -0.768822 -0.098049 0.631902 0.401873 0.780171 2 6 0.500000 7 0.500000
hwn2024_triboniophorus
  6 0.338890 84.532906 0.977649 -0.792565 0.037982 0.608603 0.389419 0.793898 2 6 0.500000 7 0.500000
  6 0.288109 84.520454 0.862153 -0.909243 0.047212 0.413580 0.371186 0.787258 2 6 0.500000 7 0.500000
  6 0.333483 84.365685 0.941823 -0.826751 -0.157275 0.540136 0.391644 0.767870 2 6 0.500000 7 0.500000
hwn2024_triboniophorus
  6 0.338890 84.532906 0.977649 -0.792565 0.037982 0.608603 0.389419 0.793898 2 6 0.500000 7 0.500000
  6 0.321180 84.657799 0.890382 -0.879641 0.199108 0.431958 0.372215 0.809968 2 6 0.500000 7 0.500000
  6 0.288109 84.520454 0.862153 -0.909243 0.047212 0.413580 0.371186 0.787258 2 6 0.500000 7 0.500000
hwn2024_triboniophorus
  6 0.338890 84.532906 0.977649 -0.792565 0.037982 0.608603 0.389419 0.793898 2 6 0.500000 7 0.500000
  6 0.375404 84.647118 1.004808 -0.782840 0.161572 0.600879 0.391605 0.812078 2 6 0.500000 7 0.500000
  6 0.321180 84.657799 0.890382 -0.879641 0.199108 0.431958 0.372215 0.809968 2 6 0.500000 7 0.500000
hwn2024_triboniophorus
  6 0.375404 84.647118 1.004808 -0.782840 0.161572 0.600879 0.391605 0.812078 2 6 0.500000 7 0.500000
  6 0.386478 84.779022 0.939193 -0.769509 0.361167 0.526701 0.380222 0.831691 2 6 0.500000 7 0.500000
  6 0.321180 84.657799 0.890382 -0.879641 0.199108 0.431958 0.372215 0.809968 2 6 0.500000 7 0.500000
hwn2024_triboniophorus
  6 0.375404 84.647118 1.004808 -0.782840 0.161572 0.600879 0.391605 0.812078 2 6 0.500000 7 0.500000
  6 0.418510 84.726768 1.028665 -0.737938 0.310149 0.599378 0.395770 0.825462 2 6 0.500000 7 0.500000
  6 0.386478 84.779022 0.939193 -0.769509 0.361167 0.526701 0.380222 0.831691 2 6 0.500000 7 0.500000
hwn2024_triboniophorus
  6 0.463671 84.831543 1.005224 -0.650138 0.440032 0.619429 0.394265 0.843359 2 6 0.500000 7 0.500000
  6 0.386478 84.779022 0.939193 -0.769509 0.361167 0.526701 0.380222 0.831691 2 6 0.500000 7 0.500000
  6 0.418510 84.726768 1.028665 -0.737938 0.310149 0.599378 0.395770 0.825462 2 6 0.500000 7 0.500000
hwn2024_triboniophorus
  6 0.463671 84.831543 1.005224 -0.650138 0.440032 0.619429 0.394265 0.843359 2 6 0.500000 7 0.500000
  6 0.418510 84.726768 1.028665 -0.737938 0.310149 0.599378 0.395770 0.825462 2 6 0.500000 7 0.500000
  6 0.521820 84.753716 1.109596 -0.458629 0.303917 0.835041 0.413723 0.833709 2 6 0.500000 7 0.500000
hwn2024_triboniophorus
  6 0.537741 84.829758 1.068733 -0.439016 0.494884 0.749903 0.409359 0.846139 2 6 0.500000 7 0.500000
  6 0.463671 84.831543 1.005224 -0.650138 0.440032 0.619429 0.394265 0.843359 2 6 0.500000 7 0.500000
  6 0.521820 84.753716 1.109596 -0.458629 0.303917 0.835041 0.413723 0.833709 2 6 0.500000 7 0.500000
hwn2024_triboniophorus
  6 0.618008 84.785477 1.125956 -0.253642 0.293370 0.921737 0.425838 0.843067 2 6 0.500000 7 0.500000
  6 0.537741 84.829758 1.068733 -0.439016 0.494884 0.749903 0.409359 0.846139 2 6 0.500000 7 0.500000
  6 0.521820 84.753716 1.109596 -0.458629 0.303917 0.835041 0.413723 0.833709 2 6 0.500000 7 0.500000
hwn2024_triboniophorus
  6 0.683527 84.731400 1.140193 -0.054039 0.186164 0.981031 0.438250 0.838455 2 6 0.500000 7 0.500000
  6 0.618008 84.785477 1.125956 -0.253642 0.293370 0.921737 0.425838 0.843067 2 6 0.500000 7 0.500000
  6 0.521820 84.753716 1.109596 -0.458629 0.303917 0.835041 0.413723 0.833709 2 6 0.500000 7 0.500000
hwn2024_triboniophorus
  6 0.683527 84.731400 1.140193 -0.054039 0.186164 0.981031 0.438250 0.838455 2 6 0.500000 7 0.500000
  6 0.521820 84.753716 1.109596 -0.458629 0.303917 0.835041 0.413723 0.833709 2 6 0.500000 7 0.500000
  6 0.502497 84.643204 1.132194 -0.446242 0.113599 0.887673 0.417148 0.817736 2 6 0.500000 7 0.500000
hwn2024_triboniophorus
  6 0.683527 84.731400 1.140193 -0.054039 0.186164 0.981031 0.438250 0.838455 2 6 0.500000 7 0.500000
  6 0.502497 84.643204 1.132194 -0.446242 0.113599 0.887673 0.417148 0.817736 2 6 0.500000 7 0.500000
  6 0.676012 84.623039 1.162102 -0.013779 0.093446 0.995529 0.441927 0.822003 2 6 0.500000 7 0.500000
hwn2024_triboniophorus
  6 0.673515 84.507698 1.170156 -0.041949 -0.133301 0.990187 0.445901 0.805798 2 6 0.500000 7 0.500000
  6 0.676012 84.623039 1.162102 -0.013779 0.093446 0.995529 0.441927 0.822003 2 6 0.500000 7 0.500000
  6 0.502497 84.643204 1.132194 -0.446242 0.113599 0.887673 0.417148 0.817736 2 6 0.500000 7 0.500000
hwn2024_triboniophorus
  6 0.771564 84.609970 1.136886 0.268055 0.091558 0.959043 0.456868 0.824501 2 6 0.500000 7 0.500000
  6 0.676012 84.623039 1.162102 -0.013779 0.093446 0.995529 0.441927 0.822003 2 6 0.500000 7 0.500000
  6 0.673515 84.507698 1.170156 -0.041949 -0.133301 0.990187 0.445901 0.805798 2 6 0.500000 7 0.500000
hwn2024_triboniophorus
  6 0.771564 84.609970 1.136886 0.268055 0.091558 0.959043 0.456868 0.824501 2 6 0.500000 7 0.500000
  6 0.673515 84.507698 1.170156 -0.041949 -0.133301 0.990187 0.445901 0.805798 2 6 0.500000 7 0.500000
  6 0.799940 84.485413 1.136308 0.254119 -0.127820 0.958690 0.465662 0.806620 2 6 0.500000 7 0.500000
hwn2024_triboniophorus
  6 0.799940 84.485413 1.136308 0.254119 -0.127820 0.958690 0.465662 0.806620 2 6 0.500000 7 0.500000
  6 0.673515 84.507698 1.170156 -0.041949 -0.133301 0.990187 0.445901 0.805798 2 6 0.500000 7 0.500000
  6 0.672056 84.395950 1.141402 -0.039418 -0.273447 0.961079 0.449557 0.789448 2 6 0.500000 7 0.500000
hwn2024_triboniophorus
  6 0.483402 84.501701 1.123406 -0.454597 -0.038939 0.889846 0.418951 0.797439 2 6 0.500000 7 0.500000
  6 0.375404 84.647118 1.004808 -0.782840 0.161572 0.600879 0.391605 0.812078 2 6 0.500000 7 0.500000
  6 0.338890 84.532906 0.977649 -0.792565 0.037982 0.608603 0.389419 0.793898 2 6 0.500000 7 0.500000
hwn2024_triboniophorus
  6 0.483402 84.501701 1.123406 -0.454597 -0.038939 0.889846 0.418951 0.797439 2 6 0.500000 7 0.500000
  6 0.502497 84.643204 1.132194 -0.446242 0.113599 0.887673 0.417148 0.817736 2 6 0.500000 7 0.500000
  6 0.375404 84.647118 1.004808 -0.782840 0.161572 0.600879 0.391605 0.812078 2 6 0.500000 7 0.500000
hwn2024_triboniophorus
  6 0.502497 84.643204 1.132194 -0.446242 0.113599 0.887673 0.417148 0.817736 2 6 0.500000 7 0.500000
  6 0.418510 84.726768 1.028665 -0.737938 0.310149 0.599378 0.395770 0.825462 2 6 0.500000 7 0.500000
  6 0.375404 84.647118 1.004808 -0.782840 0.161572 0.600879 0.391605 0.812078 2 6 0.500000 7 0.500000
hwn2024_triboniophorus
  6 0.502497 84.643204 1.132194 -0.446242 0.113599 0.887673 0.417148 0.817736 2 6 0.500000 7 0.500000
  6 0.521820 84.753716 1.109596 -0.458629 0.303917 0.835041 0.413723 0.833709 2 6 0.500000 7 0.500000
  6 0.418510 84.726768 1.028665 -0.737938 0.310149 0.599378 0.395770 0.825462 2 6 0.500000 7 0.500000
hwn2024_triboniophorus
  6 0.483402 84.501701 1.123406 -0.454597 -0.038939 0.889846 0.418951 0.797439 2 6 0.500000 7 0.500000
  6 0.368320 84.420586 1.024415 -0.768822 -0.098049 0.631902 0.401873 0.780171 2 6 0.500000 7 0.500000
  6 0.476999 84.367783 1.096343 -0.414437 -0.225807 0.881620 0.422384 0.778170 2 6 0.500000 7 0.500000
hwn2024_triboniophorus
  6 0.672056 84.395950 1.141402 -0.039418 -0.273447 0.961079 0.449557 0.789448 2 6 0.500000 7 0.500000
  6 0.483402 84.501701 1.123406 -0.454597 -0.038939 0.889846 0.418951 0.797439 2 6 0.500000 7 0.500000
  6 0.476999 84.367783 1.096343 -0.414437 -0.225807 0.881620 0.422384 0.778170 2 6 0.500000 7 0.500000
hwn2024_triboniophorus
  6 0.672056 84.395950 1.141402 -0.039418 -0.273447 0.961079 0.449557 0.789448 2 6 0.500000 7 0.500000
  6 0.673515 84.507698 1.170156 -0.041949 -0.133301 0.990187 0.445901 0.805798 2 6 0.500000 7 0.500000
  6 0.483402 84.501701 1.123406 -0.454597 -0.038939 0.889846 0.418951 0.797439 2 6 0.500000 7 0.500000
hwn2024_triboniophorus
  6 0.673515 84.507698 1.170156 -0.041949 -0.133301 0.990187 0.445901 0.805798 2 6 0.500000 7 0.500000
  6 0.502497 84.643204 1.132194 -0.446242 0.113599 0.887673 0.417148 0.817736 2 6 0.500000 7 0.500000
  6 0.483402 84.501701 1.123406 -0.454597 -0.038939 0.889846 0.418951 0.797439 2 6 0.500000 7 0.500000
hwn2024_triboniophorus
  6 0.799940 84.485413 1.136308 0.254119 -0.127820 0.958690 0.465662 0.806620 2 6 0.500000 7 0.500000
  6 0.672056 84.395950 1.141402 -0.039418 -0.273447 0.961079 0.449557 0.789448 2 6 0.500000 7 0.500000
  6 0.778143 84.353462 1.095907 0.245887 -0.289467 0.925067 0.467603 0.785139 2 6 0.500000 7 0.500000
hwn2024_triboniophorus
  6 0.691532 84.298164 1.103562 -0.054978 -0.398672 0.915444 0.455703 0.774568 2 6 0.500000 7 0.500000
  6 0.778143 84.353462 1.095907 0.245887 -0.289467 0.925067 0.467603 0.785139 2 6 0.500000 7 0.500000
  6 0.672056 84.395950 1.141402 -0.039418 -0.273447 0.961079 0.449557 0.789448 2 6 0.500000 7 0.500000
hwn2024_triboniophorus
  6 0.691532 84.298164 1.103562 -0.054978 -0.398672 0.915444 0.455703 0.774568 2 6 0.500000 7 0.500000
  6 0.672056 84.395950 1.141402 -0.039418 -0.273447 0.961079 0.449557 0.789448 2 6 0.500000 7 0.500000
  6 0.476999 84.367783 1.096343 -0.414437 -0.225807 0.881620 0.422384 0.778170 2 6 0.500000 7 0.500000
hwn2024_triboniophorus
  6 0.448137 84.279877 1.054631 -0.494920 -0.326814 0.805138 0.419682 0.762939 2 6 0.500000 7 0.500000
  6 0.691532 84.298164 1.103562 -0.054978 -0.398672 0.915444 0.455703 0.774568 2 6 0.500000 7 0.500000
  6 0.476999 84.367783 1.096343 -0.414437 -0.225807 0.881620 0.422384 0.778170 2 6 0.500000 7 0.500000
hwn2024_triboniophorus
  6 0.448137 84.279877 1.054631 -0.494920 -0.326814 0.805138 0.419682 0.762939 2 6 0.500000 7 0.500000
  6 0.476999 84.367783 1.096343 -0.414437 -0.225807 0.881620 0.422384 0.778170 2 6 0.500000 7 0.500000
  6 0.368320 84.420586 1.024415 -0.768822 -0.098049 0.631902 0.401873 0.780171 2 6 0.500000 7 0.500000
hwn2024_triboniophorus
  6 0.448137 84.279877 1.054631 -0.494920 -0.326814 0.805138 0.419682 0.762939 2 6 0.500000 7 0.500000
  6 0.368320 84.420586 1.024415 -0.768822 -0.098049 0.631902 0.401873 0.780171 2 6 0.500000 7 0.500000
  6 0.333483 84.365685 0.941823 -0.826751 -0.157275 0.540136 0.391644 0.767870 2 6 0.500000 7 0.500000
hwn2024_triboniophorus
  6 0.830063 82.902260 -2.196109 0.272614 0.182310 -0.944693 0.274721 0.043959 1 6 1.000000
  6 0.789516 82.526527 -2.145323 0.307612 -0.132880 -0.942188 0.288274 0.019057 1 6 1.000000
  6 0.593571 82.616463 -2.403006 0.754395 -0.089908 -0.650234 0.307341 0.034334 1 6 1.000000
hwn2024_triboniophorus
  6 -0.293261 84.118019 -0.903454 -0.936598 0.151322 -0.316048 0.185391 0.226057 2 6 0.662272 7 0.337728
  6 -0.353287 83.460526 -1.001843 -0.943013 0.222678 -0.247267 0.249874 0.223052 2 6 0.876001 7 0.123999
  6 -0.418318 83.476563 -0.522053 -0.987329 0.155862 -0.029798 0.243808 0.267069 2 6 0.847224 7 0.152776
hwn2024_triboniophorus
  6 -0.293261 84.118019 -0.903454 -0.936598 0.151322 -0.316048 0.185391 0.226057 2 6 0.662272 7 0.337728
  6 -0.138525 83.625160 -1.454343 -0.815835 0.306195 -0.490569 0.238410 0.176665 2 6 0.854625 7 0.145375
  6 -0.353287 83.460526 -1.001843 -0.943013 0.222678 -0.247267 0.249874 0.223052 2 6 0.876001 7 0.123999
hwn2024_triboniophorus
  6 -0.293261 84.118019 -0.903454 -0.936598 0.151322 -0.316048 0.185391 0.226057 2 6 0.662272 7 0.337728
  6 0.029810 84.180565 -1.465085 -0.752209 0.167847 -0.637188 0.181380 0.168117 2 6 0.670824 7 0.329176
  6 -0.138525 83.625160 -1.454343 -0.815835 0.306195 -0.490569 0.238410 0.176665 2 6 0.854625 7 0.145375
hwn2024_triboniophorus
  6 0.029810 84.180565 -1.465085 -0.752209 0.167847 -0.637188 0.181380 0.168117 2 6 0.670824 7 0.329176
  6 0.204523 83.663795 -1.809736 -0.539501 0.391679 -0.745337 0.231796 0.129729 2 6 0.860324 7 0.139676
  6 -0.138525 83.625160 -1.454343 -0.815835 0.306195 -0.490569 0.238410 0.176665 2 6 0.854625 7 0.145375
hwn2024_triboniophorus
  6 0.029810 84.180565 -1.465085 -0.752209 0.167847 -0.637188 0.181380 0.168117 2 6 0.670824 7 0.329176
  6 0.647514 84.145309 -1.955653 -0.470911 0.125107 -0.873264 0.176440 0.097886 2 6 0.709670 7 0.290330
  6 0.204523 83.663795 -1.809736 -0.539501 0.391679 -0.745337 0.231796 0.129729 2 6 0.860324 7 0.139676
hwn2024_triboniophorus
  6 0.204523 83.663795 -1.809736 -0.539501 0.391679 -0.745337 0.231796 0.129729 2 6 0.860324 7 0.139676
  6 0.647514 84.145309 -1.955653 -0.470911 0.125107 -0.873264 0.176440 0.097886 2 6 0.709670 7 0.290330
  6 0.653709 83.586945 -2.037077 -0.186041 0.234337 -0.954188 0.226802 0.083775 2 6 0.865264 7 0.134736
hwn2024_triboniophorus
  6 1.247805 84.037308 -2.125513 -0.040885 0.045758 -0.998115 0.172937 0.043959 2 6 0.687970 7 0.312030
  6 0.653709 83.586945 -2.037077 -0.186041 0.234337 -0.954188 0.226802 0.083775 2 6 0.865264 7 0.134736
  6 0.647514 84.145309 -1.955653 -0.470911 0.125107 -0.873264 0.176440 0.097886 2 6 0.709670 7 0.290330
hwn2024_triboniophorus
  6 1.247805 84.037308 -2.125513 -0.040885 0.045758 -0.998115 0.172937 0.043959 2 6 0.687970 7 0.312030
  6 1.098572 83.353729 -2.122384 -0.003702 0.126984 -0.991898 0.229354 0.043959 2 6 0.882794 7 0.117206
  6 0.653709 83.586945 -2.037077 -0.186041 0.234337 -0.954188 0.226802 0.083775 2 6 0.865264 7 0.134736
hwn2024_triboniophorus
  6 0.514742 83.202904 -2.194949 0.043852 0.576444 -0.815959 0.268185 0.078481 1 6 1.000000
  6 0.653709 83.586945 -2.037077 -0.186041 0.234337 -0.954188 0.226802 0.083775 2 6 0.865264 7 0.134736
  6 1.098572 83.353729 -2.122384 -0.003702 0.126984 -0.991898 0.229354 0.043959 2 6 0.882794 7 0.117206
hwn2024_triboniophorus
  6 0.514742 83.202904 -2.194949 0.043852 0.576444 -0.815959 0.268185 0.078481 1 6 1.000000
  6 1.098572 83.353729 -2.122384 -0.003702 0.126984 -0.991898 0.229354 0.043959 2 6 0.882794 7 0.117206
  6 0.830063 82.902260 -2.196109 0.272614 0.182310 -0.944693 0.274721 0.043959 1 6 1.000000
hwn2024_triboniophorus
  6 0.514742 83.202904 -2.194949 0.043852 0.576444 -0.815959 0.268185 0.078481 1 6 1.000000
  6 0.830063 82.902260 -2.196109 0.272614 0.182310 -0.944693 0.274721 0.043959 1 6 1.000000
  6 0.569504 82.884125 -2.470727 0.631144 0.368077 -0.682772 0.299623 0.055004 1 6 1.000000
hwn2024_triboniophorus
  6 0.830063 82.902260 -2.196109 0.272614 0.182310 -0.944693 0.274721 0.043959 1 6 1.000000
  6 0.593571 82.616463 -2.403006 0.754395 -0.089908 -0.650234 0.307341 0.034334 1 6 1.000000
  6 0.569504 82.884125 -2.470727 0.631144 0.368077 -0.682772 0.299623 0.055004 1 6 1.000000
hwn2024_triboniophorus
  6 0.569504 82.884125 -2.470727 0.631144 0.368077 -0.682772 0.299623 0.055004 1 6 1.000000
  6 0.593571 82.616463 -2.403006 0.754395 -0.089908 -0.650234 0.307341 0.034334 1 6 1.000000
  6 0.356476 82.612991 -2.715583 0.753750 -0.019683 -0.656866 0.331795 0.049344 1 6 1.000000
hwn2024_triboniophorus
  6 0.569504 82.884125 -2.470727 0.631144 0.368077 -0.682772 0.299623 0.055004 1 6 1.000000
  6 0.356476 82.612991 -2.715583 0.753750 -0.019683 -0.656866 0.331795 0.049344 1 6 1.000000
  6 0.321059 82.815842 -2.761317 0.590601 0.440027 -0.676437 0.325553 0.066216 1 6 1.000000
hwn2024_triboniophorus
  6 0.321059 82.815842 -2.761317 0.590601 0.440027 -0.676437 0.325553 0.066216 1 6 1.000000
  6 0.356476 82.612991 -2.715583 0.753750 -0.019683 -0.656866 0.331795 0.049344 1 6 1.000000
  6 0.115208 82.502945 -2.982565 0.620566 -0.019552 -0.783910 0.354654 0.062433 1 6 1.000000
hwn2024_triboniophorus
  6 0.321059 82.815842 -2.761317 0.590601 0.440027 -0.676437 0.325553 0.066216 1 6 1.000000
  6 0.115208 82.502945 -2.982565 0.620566 -0.019552 -0.783910 0.354654 0.062433 1 6 1.000000
  6 0.067246 82.694664 -3.023493 0.535359 0.307913 -0.786499 0.347732 0.074915 1 6 1.000000
hwn2024_triboniophorus
  6 0.067246 82.694664 -3.023493 0.535359 0.307913 -0.786499 0.347732 0.074915 1 6 1.000000
  6 0.115208 82.502945 -2.982565 0.620566 -0.019552 -0.783910 0.354654 0.062433 1 6 1.000000
  6 -0.171432 82.426826 -3.133733 0.149118 -0.105010 -0.983228 0.371910 0.077567 1 6 1.000000
hwn2024_triboniophorus
  6 0.067246 82.694664 -3.023493 0.535359 0.307913 -0.786499 0.347732 0.074915 1 6 1.000000
  6 -0.171432 82.426826 -3.133733 0.149118 -0.105010 -0.983228 0.371910 0.077567 1 6 1.000000
  6 -0.205900 82.595139 -3.153057 0.115819 0.091390 -0.989057 0.363027 0.085867 1 6 1.000000
hwn2024_triboniophorus
  6 -0.368801 84.044167 -0.381194 -0.995781 0.078774 -0.047069 0.186892 0.274093 2 6 0.646704 7 0.353296
  6 -0.418318 83.476563 -0.522053 -0.987329 0.155862 -0.029798 0.243808 0.267069 2 6 0.847224 7 0.152776
  6 -0.359910 83.387451 -0.105522 -0.952489 0.087113 0.291848 0.244957 0.308913 2 6 0.833710 7 0.166290
hwn2024_triboniophorus
  6 -0.293261 84.118019 -0.903454 -0.936598 0.151322 -0.316048 0.185391 0.226057 2 6 0.662272 7 0.337728
  6 -0.418318 83.476563 -0.522053 -0.987329 0.155862 -0.029798 0.243808 0.267069 2 6 0.847224 7 0.152776
  6 -0.368801 84.044167 -0.381194 -0.995781 0.078774 -0.047069 0.186892 0.274093 2 6 0.646704 7 0.353296
hwn2024_triboniophorus
  6 -0.254149 82.726135 -3.117423 -0.006874 0.552594 -0.833422 0.357384 0.092719 1 6 1.000000
  6 -0.205900 82.595139 -3.153057 0.115819 0.091390 -0.989057 0.363027 0.085867 1 6 1.000000
  6 -0.507454 82.571396 -3.090347 -0.510850 0.030317 -0.859135 0.370666 0.101533 1 6 1.000000
hwn2024_triboniophorus
  6 -0.254149 82.726135 -3.117423 -0.006874 0.552594 -0.833422 0.357384 0.092719 1 6 1.000000
  6 -0.507454 82.571396 -3.090347 -0.510850 0.030317 -0.859135 0.370666 0.101533 1 6 1.000000
  6 -0.463920 82.737038 -3.046630 -0.354799 0.621880 -0.698128 0.360880 0.103782 1 6 1.000000
hwn2024_triboniophorus
  6 -0.625367 82.761734 -2.896676 -0.651286 0.620457 -0.436874 0.362552 0.115226 1 6 1.000000
  6 -0.463920 82.737038 -3.046630 -0.354799 0.621880 -0.698128 0.360880 0.103782 1 6 1.000000
  6 -0.507454 82.571396 -3.090347 -0.510850 0.030317 -0.859135 0.370666 0.101533 1 6 1.000000
hwn2024_triboniophorus
  6 -0.360321 82.861938 -2.892125 -0.174778 0.899760 -0.399855 0.348497 0.106776 1 6 1.000000
  6 -0.463920 82.737038 -3.046630 -0.354799 0.621880 -0.698128 0.360880 0.103782 1 6 1.000000
  6 -0.625367 82.761734 -2.896676 -0.651286 0.620457 -0.436874 0.362552 0.115226 1 6 1.000000
hwn2024_triboniophorus
  6 -0.360321 82.861938 -2.892125 -0.174778 0.899760 -0.399855 0.348497 0.106776 1 6 1.000000
  6 -0.254149 82.726135 -3.117423 -0.006874 0.552594 -0.833422 0.357384 0.092719 1 6 1.000000
  6 -0.463920 82.737038 -3.046630 -0.354799 0.621880 -0.698128 0.360880 0.103782 1 6 1.000000
hwn2024_triboniophorus
  6 -0.360321 82.861938 -2.892125 -0.174778 0.899760 -0.399855 0.348497 0.106776 1 6 1.000000
  6 -0.101022 82.820976 -3.004476 0.181599 0.759323 -0.624861 0.345688 0.089692 1 6 1.000000
  6 -0.254149 82.726135 -3.117423 -0.006874 0.552594 -0.833422 0.357384 0.092719 1 6 1.000000
hwn2024_triboniophorus
  6 -0.101022 82.820976 -3.004476 0.181599 0.759323 -0.624861 0.345688 0.089692 1 6 1.000000
  6 -0.205900 82.595139 -3.153057 0.115819 0.091390 -0.989057 0.363027 0.085867 1 6 1.000000
  6 -0.254149 82.726135 -3.117423 -0.006874 0.552594 -0.833422 0.357384 0.092719 1 6 1.000000
hwn2024_triboniophorus
  6 -0.101022 82.820976 -3.004476 0.181599 0.759323 -0.624861 0.345688 0.089692 1 6 1.000000
  6 0.067246 82.694664 -3.023493 0.535359 0.307913 -0.786499 0.347732 0.074915 1 6 1.000000
  6 -0.205900 82.595139 -3.153057 0.115819 0.091390 -0.989057 0.363027 0.085867 1 6 1.000000
hwn2024_triboniophorus
  6 -0.205900 82.595139 -3.153057 0.115819 0.091390 -0.989057 0.363027 0.085867 1 6 1.000000
  6 -0.171432 82.426826 -3.133733 0.149118 -0.105010 -0.983228 0.371910 0.077567 1 6 1.000000
  6 -0.505636 82.406937 -3.061824 -0.518304 -0.143975 -0.842990 0.382775 0.098796 1 6 1.000000
hwn2024_triboniophorus
  6 -0.205900 82.595139 -3.153057 0.115819 0.091390 -0.989057 0.363027 0.085867 1 6 1.000000
  6 -0.505636 82.406937 -3.061824 -0.518304 -0.143975 -0.842990 0.382775 0.098796 1 6 1.000000
  6 -0.507454 82.571396 -3.090347 -0.510850 0.030317 -0.859135 0.370666 0.101533 1 6 1.000000
hwn2024_triboniophorus
  6 -0.698116 82.640778 -2.859748 -0.908488 0.191051 -0.371684 0.370551 0.118876 1 6 1.000000
  6 -0.507454 82.571396 -3.090347 -0.510850 0.030317 -0.859135 0.370666 0.101533 1 6 1.000000
  6 -0.505636 82.406937 -3.061824 -0.518304 -0.143975 -0.842990 0.382775 0.098796 1 6 1.000000
hwn2024_triboniophorus
  6 -0.625367 82.761734 -2.896676 -0.651286 0.620457 -0.436874 0.362552 0.115226 1 6 1.000000
  6 -0.507454 82.571396 -3.090347 -0.510850 0.030317 -0.859135 0.370666 0.101533 1 6 1.000000
  6 -0.698116 82.640778 -2.859748 -0.908488 0.191051 -0.371684 0.370551 0.118876 1 6 1.000000
hwn2024_triboniophorus
  6 -0.585199 82.858528 -2.716138 -0.537992 0.822700 -0.183658 0.353473 0.123165 1 6 1.000000
  6 -0.625367 82.761734 -2.896676 -0.651286 0.620457 -0.436874 0.362552 0.115226 1 6 1.000000
  6 -0.698116 82.640778 -2.859748 -0.908488 0.191051 -0.371684 0.370551 0.118876 1 6 1.000000
hwn2024_triboniophorus
  6 -0.360321 82.861938 -2.892125 -0.174778 0.899760 -0.399855 0.348497 0.106776 1 6 1.000000
  6 -0.625367 82.761734 -2.896676 -0.651286 0.620457 -0.436874 0.362552 0.115226 1 6 1.000000
  6 -0.585199 82.858528 -2.716138 -0.537992 0.822700 -0.183658 0.353473 0.123165 1 6 1.000000
hwn2024_triboniophorus
  6 -0.226044 82.976242 -2.665948 -0.106989 0.937829 -0.330197 0.331412 0.111120 1 6 1.000000
  6 -0.360321 82.861938 -2.892125 -0.174778 0.899760 -0.399855 0.348497 0.106776 1 6 1.000000
  6 -0.585199 82.858528 -2.716138 -0.537992 0.822700 -0.183658 0.353473 0.123165 1 6 1.000000
hwn2024_triboniophorus
  6 -0.226044 82.976242 -2.665948 -0.106989 0.937829 -0.330197 0.331412 0.111120 1 6 1.000000
  6 -0.101022 82.820976 -3.004476 0.181599 0.759323 -0.624861 0.345688 0.089692 1 6 1.000000
  6 -0.360321 82.861938 -2.892125 -0.174778 0.899760 -0.399855 0.348497 0.106776 1 6 1.000000
hwn2024_triboniophorus
  6 -0.226044 82.976242 -2.665948 -0.106989 0.937829 -0.330197 0.331412 0.111120 1 6 1.000000
  6 0.095531 82.899071 -2.761847 0.223222 0.832153 -0.507636 0.326405 0.088093 1 6 1.000000
  6 -0.101022 82.820976 -3.004476 0.181599 0.759323 -0.624861 0.345688 0.089692 1 6 1.000000
hwn2024_triboniophorus
  6 0.095531 82.899071 -2.761847 0.223222 0.832153 -0.507636 0.326405 0.088093 1 6 1.000000
  6 0.067246 82.694664 -3.023493 0.535359 0.307913 -0.786499 0.347732 0.074915 1 6 1.000000
  6 -0.101022 82.820976 -3.004476 0.181599 0.759323 -0.624861 0.345688 0.089692 1 6 1.000000
hwn2024_triboniophorus
  6 0.095531 82.899071 -2.761847 0.223222 0.832153 -0.507636 0.326405 0.088093 1 6 1.000000
  6 0.321059 82.815842 -2.761317 0.590601 0.440027 -0.676437 0.325553 0.066216 1 6 1.000000
  6 0.067246 82.694664 -3.023493 0.535359 0.307913 -0.786499 0.347732 0.074915 1 6 1.000000
hwn2024_triboniophorus
  6 0.308872 83.011841 -2.473388 0.205288 0.802649 -0.560010 0.300379 0.084246 1 6 1.000000
  6 0.321059 82.815842 -2.761317 0.590601 0.440027 -0.676437 0.325553 0.066216 1 6 1.000000
  6 0.095531 82.899071 -2.761847 0.223222 0.832153 -0.507636 0.326405 0.088093 1 6 1.000000
hwn2024_triboniophorus
  6 0.308872 83.011841 -2.473388 0.205288 0.802649 -0.560010 0.300379 0.084246 1 6 1.000000
  6 0.569504 82.884125 -2.470727 0.631144 0.368077 -0.682772 0.299623 0.055004 1 6 1.000000
  6 0.321059 82.815842 -2.761317 0.590601 0.440027 -0.676437 0.325553 0.066216 1 6 1.000000
hwn2024_triboniophorus
  6 0.514742 83.202904 -2.194949 0.043852 0.576444 -0.815959 0.268185 0.078481 1 6 1.000000
  6 0.569504 82.884125 -2.470727 0.631144 0.368077 -0.682772 0.299623 0.055004 1 6 1.000000
  6 0.308872 83.011841 -2.473388 0.205288 0.802649 -0.560010 0.300379 0.084246 1 6 1.000000
hwn2024_triboniophorus
  6 0.071127 83.334885 -2.028733 -0.379915 0.688625 -0.617625 0.273741 0.123058 1 6 1.000000
  6 0.514742 83.202904 -2.194949 0.043852 0.576444 -0.815959 0.268185 0.078481 1 6 1.000000
  6 0.308872 83.011841 -2.473388 0.205288 0.802649 -0.560010 0.300379 0.084246 1 6 1.000000
hwn2024_triboniophorus
  6 0.653709 83.586945 -2.037077 -0.186041 0.234337 -0.954188 0.226802 0.083775 2 6 0.865264 7 0.134736
  6 0.514742 83.202904 -2.194949 0.043852 0.576444 -0.815959 0.268185 0.078481 1 6 1.000000
  6 0.071127 83.334885 -2.028733 -0.379915 0.688625 -0.617625 0.273741 0.123058 1 6 1.000000
hwn2024_triboniophorus
  6 0.653709 83.586945 -2.037077 -0.186041 0.234337 -0.954188 0.226802 0.083775 2 6 0.865264 7 0.134736
  6 0.071127 83.334885 -2.028733 -0.379915 0.688625 -0.617625 0.273741 0.123058 1 6 1.000000
  6 0.204523 83.663795 -1.809736 -0.539501 0.391679 -0.745337 0.231796 0.129729 2 6 0.860324 7 0.139676
hwn2024_triboniophorus
  6 0.204523 83.663795 -1.809736 -0.539501 0.391679 -0.745337 0.231796 0.129729 2 6 0.860324 7 0.139676
  6 0.071127 83.334885 -2.028733 -0.379915 0.688625 -0.617625 0.273741 0.123058 1 6 1.000000
  6 -0.215614 83.247887 -1.711331 -0.775257 0.556435 -0.298926 0.285407 0.164423 1 6 1.000000
hwn2024_triboniophorus
  6 -0.585199 82.858528 -2.716138 -0.537992 0.822700 -0.183658 0.353473 0.123165 1 6 1.000000
  6 -0.698116 82.640778 -2.859748 -0.908488 0.191051 -0.371684 0.370551 0.118876 1 6 1.000000
  6 -0.698128 82.753685 -2.569412 -0.898506 0.433817 0.067001 0.361712 0.135203 1 6 1.000000
hwn2024_triboniophorus
  6 -0.719616 82.474556 -2.806320 -0.946193 -0.005141 -0.323563 0.382024 0.122472 1 6 1.000000
  6 -0.698128 82.753685 -2.569412 -0.898506 0.433817 0.067001 0.361712 0.135203 1 6 1.000000
  6 -0.698116 82.640778 -2.859748 -0.908488 0.191051 -0.371684 0.370551 0.118876 1 6 1.000000
hwn2024_triboniophorus
  6 -0.698116 82.640778 -2.859748 -0.908488 0.191051 -0.371684 0.370551 0.118876 1 6 1.000000
  6 -0.505636 82.406937 -3.061824 -0.518304 -0.143975 -0.842990 0.382775 0.098796 1 6 1.000000
  6 -0.719616 82.474556 -2.806320 -0.946193 -0.005141 -0.323563 0.382024 0.122472 1 6 1.000000
hwn2024_triboniophorus
  6 -0.719616 82.474556 -2.806320 -0.946193 -0.005141 -0.323563 0.382024 0.122472 1 6 1.000000
  6 -0.709084 82.571136 -2.486956 -0.975108 0.140785 0.171303 0.372993 0.143524 1 6 1.000000
  6 -0.698128 82.753685 -2.569412 -0.898506 0.433817 0.067001 0.361712 0.135203 1 6 1.000000
hwn2024_triboniophorus
  6 -0.580292 82.864265 -2.254835 -0.831750 0.538644 0.134368 0.346054 0.151751 1 6 1.000000
  6 -0.709084 82.571136 -2.486956 -0.975108 0.140785 0.171303 0.372993 0.143524 1 6 1.000000
  6 -0.583588 82.652985 -2.147877 -0.943627 0.165493 0.286671 0.358089 0.165098 1 6 1.000000
hwn2024_triboniophorus
  6 -0.580292 82.864265 -2.254835 -0.831750 0.538644 0.134368 0.346054 0.151751 1 6 1.000000
  6 -0.698128 82.753685 -2.569412 -0.898506 0.433817 0.067001 0.361712 0.135203 1 6 1.000000
  6 -0.709084 82.571136 -2.486956 -0.975108 0.140785 0.171303 0.372993 0.143524 1 6 1.000000
hwn2024_triboniophorus
  6 -0.466894 82.938171 -2.443519 -0.480125 0.870933 -0.104671 0.337135 0.133076 1 6 1.000000
  6 -0.698128 82.753685 -2.569412 -0.898506 0.433817 0.067001 0.361712 0.135203 1 6 1.000000
  6 -0.580292 82.864265 -2.254835 -0.831750 0.538644 0.134368 0.346054 0.151751 1 6 1.000000
hwn2024_triboniophorus
  6 -0.466894 82.938171 -2.443519 -0.480125 0.870933 -0.104671 0.337135 0.133076 1 6 1.000000
  6 -0.585199 82.858528 -2.716138 -0.537992 0.822700 -0.183658 0.353473 0.123165 1 6 1.000000
  6 -0.698128 82.753685 -2.569412 -0.898506 0.433817 0.067001 0.361712 0.135203 1 6 1.000000
hwn2024_triboniophorus
  6 -0.226044 82.976242 -2.665948 -0.106989 0.937829 -0.330197 0.331412 0.111120 1 6 1.000000
  6 -0.585199 82.858528 -2.716138 -0.537992 0.822700 -0.183658 0.353473 0.123165 1 6 1.000000
  6 -0.466894 82.938171 -2.443519 -0.480125 0.870933 -0.104671 0.337135 0.133076 1 6 1.000000
hwn2024_triboniophorus
  6 -0.084362 83.120659 -2.354635 -0.174778 0.899760 -0.399855 0.307557 0.116494 1 6 1.000000
  6 -0.226044 82.976242 -2.665948 -0.106989 0.937829 -0.330197 0.331412 0.111120 1 6 1.000000
  6 -0.466894 82.938171 -2.443519 -0.480125 0.870933 -0.104671 0.337135 0.133076 1 6 1.000000
hwn2024_triboniophorus
  6 -0.084362 83.120659 -2.354635 -0.174778 0.899760 -0.399855 0.307557 0.116494 1 6 1.000000
  6 0.095531 82.899071 -2.761847 0.223222 0.832153 -0.507636 0.326405 0.088093 1 6 1.000000
  6 -0.226044 82.976242 -2.665948 -0.106989 0.937829 -0.330197 0.331412 0.111120 1 6 1.000000
hwn2024_triboniophorus
  6 -0.084362 83.120659 -2.354635 -0.174778 0.899760 -0.399855 0.307557 0.116494 1 6 1.000000
  6 0.308872 83.011841 -2.473388 0.205288 0.802649 -0.560010 0.300379 0.084246 1 6 1.000000
  6 0.095531 82.899071 -2.761847 0.223222 0.832153 -0.507636 0.326405 0.088093 1 6 1.000000
hwn2024_triboniophorus
  6 0.071127 83.334885 -2.028733 -0.379915 0.688625 -0.617625 0.273741 0.123058 1 6 1.000000
  6 0.308872 83.011841 -2.473388 0.205288 0.802649 -0.560010 0.300379 0.084246 1 6 1.000000
  6 -0.084362 83.120659 -2.354635 -0.174778 0.899760 -0.399855 0.307557 0.116494 1 6 1.000000
hwn2024_triboniophorus
  6 0.071127 83.334885 -2.028733 -0.379915 0.688625 -0.617625 0.273741 0.123058 1 6 1.000000
  6 -0.084362 83.120659 -2.354635 -0.174778 0.899760 -0.399855 0.307557 0.116494 1 6 1.000000
  6 -0.333410 83.055977 -2.099452 -0.580897 0.801432 -0.142361 0.314951 0.145996 1 6 1.000000
hwn2024_triboniophorus
  6 0.071127 83.334885 -2.028733 -0.379915 0.688625 -0.617625 0.273741 0.123058 1 6 1.000000
  6 -0.333410 83.055977 -2.099452 -0.580897 0.801432 -0.142361 0.314951 0.145996 1 6 1.000000
  6 -0.215614 83.247887 -1.711331 -0.775257 0.556435 -0.298926 0.285407 0.164423 1 6 1.000000
hwn2024_triboniophorus
  6 -0.215614 83.247887 -1.711331 -0.775257 0.556435 -0.298926 0.285407 0.164423 1 6 1.000000
  6 -0.333410 83.055977 -2.099452 -0.580897 0.801432 -0.142361 0.314951 0.145996 1 6 1.000000
  6 -0.452821 82.939255 -1.892384 -0.893704 0.426857 0.138154 0.328158 0.171178 1 6 1.000000
hwn2024_triboniophorus
  6 -0.215614 83.247887 -1.711331 -0.775257 0.556435 -0.298926 0.285407 0.164423 1 6 1.000000
  6 -0.452821 82.939255 -1.892384 -0.893704 0.426857 0.138154 0.328158 0.171178 1 6 1.000000
  6 -0.353676 82.985397 -1.430424 -0.956255 0.251201 -0.149916 0.308756 0.199675 1 6 1.000000
hwn2024_triboniophorus
  6 -0.353676 82.985397 -1.430424 -0.956255 0.251201 -0.149916 0.308756 0.199675 1 6 1.000000
  6 -0.452821 82.939255 -1.892384 -0.893704 0.426857 0.138154 0.328158 0.171178 1 6 1.000000
  6 -0.452467 82.648979 -1.778363 -0.952489 0.087113 0.291848 0.345534 0.186591 1 6 1.000000
hwn2024_triboniophorus
  6 -0.353676 82.985397 -1.430424 -0.956255 0.251201 -0.149916 0.308756 0.199675 1 6 1.000000
  6 -0.452467 82.648979 -1.778363 -0.952489 0.087113 0.291848 0.345534 0.186591 1 6 1.000000
  6 -0.355711 82.568230 -1.390409 -0.997486 0.016029 -0.069026 0.341065 0.208092 1 6 1.000000
hwn2024_triboniophorus
  6 -0.353676 82.985397 -1.430424 -0.956255 0.251201 -0.149916 0.308756 0.199675 1 6 1.000000
  6 -0.355711 82.568230 -1.390409 -0.997486 0.016029 -0.069026 0.341065 0.208092 1 6 1.000000
  6 -0.466185 82.482407 -1.076625 -0.797352 0.091115 -0.596597 0.341485 0.223904 1 6 1.000000
hwn2024_triboniophorus
  6 -0.452821 82.939255 -1.892384 -0.893704 0.426857 0.138154 0.328158 0.171178 1 6 1.000000
  6 -0.583588 82.652985 -2.147877 -0.943627 0.165493 0.286671 0.358089 0.165098 1 6 1.000000
  6 -0.452467 82.648979 -1.778363 -0.952489 0.087113 0.291848 0.345534 0.186591 1 6 1.000000
hwn2024_triboniophorus
  6 -0.452821 82.939255 -1.892384 -0.893704 0.426857 0.138154 0.328158 0.171178 1 6 1.000000
  6 -0.580292 82.864265 -2.254835 -0.831750 0.538644 0.134368 0.346054 0.151751 1 6 1.000000
  6 -0.583588 82.652985 -2.147877 -0.943627 0.165493 0.286671 0.358089 0.165098 1 6 1.000000
hwn2024_triboniophorus
  6 -0.333410 83.055977 -2.099452 -0.580897 0.801432 -0.142361 0.314951 0.145996 1 6 1.000000
  6 -0.580292 82.864265 -2.254835 -0.831750 0.538644 0.134368 0.346054 0.151751 1 6 1.000000
  6 -0.452821 82.939255 -1.892384 -0.893704 0.426857 0.138154 0.328158 0.171178 1 6 1.000000
hwn2024_triboniophorus
  6 -0.333410 83.055977 -2.099452 -0.580897 0.801432 -0.142361 0.314951 0.145996 1 6 1.000000
  6 -0.466894 82.938171 -2.443519 -0.480125 0.870933 -0.104671 0.337135 0.133076 1 6 1.000000
  6 -0.580292 82.864265 -2.254835 -0.831750 0.538644 0.134368 0.346054 0.151751 1 6 1.000000
hwn2024_triboniophorus
  6 -0.084362 83.120659 -2.354635 -0.174778 0.899760 -0.399855 0.307557 0.116494 1 6 1.000000
  6 -0.466894 82.938171 -2.443519 -0.480125 0.870933 -0.104671 0.337135 0.133076 1 6 1.000000
  6 -0.333410 83.055977 -2.099452 -0.580897 0.801432 -0.142361 0.314951 0.145996 1 6 1.000000
hwn2024_triboniophorus
  6 0.204523 83.663795 -1.809736 -0.539501 0.391679 -0.745337 0.231796 0.129729 2 6 0.860324 7 0.139676
  6 -0.215614 83.247887 -1.711331 -0.775257 0.556435 -0.298926 0.285407 0.164423 1 6 1.000000
  6 -0.138525 83.625160 -1.454343 -0.815835 0.306195 -0.490569 0.238410 0.176665 2 6 0.854625 7 0.145375
hwn2024_triboniophorus
  6 -0.215614 83.247887 -1.711331 -0.775257 0.556435 -0.298926 0.285407 0.164423 1 6 1.000000
  6 -0.353287 83.460526 -1.001843 -0.943013 0.222678 -0.247267 0.249874 0.223052 2 6 0.876001 7 0.123999
  6 -0.138525 83.625160 -1.454343 -0.815835 0.306195 -0.490569 0.238410 0.176665 2 6 0.854625 7 0.145375
hwn2024_triboniophorus
  6 -0.215614 83.247887 -1.711331 -0.775257 0.556435 -0.298926 0.285407 0.164423 1 6 1.000000
  6 -0.353676 82.985397 -1.430424 -0.956255 0.251201 -0.149916 0.308756 0.199675 1 6 1.000000
  6 -0.353287 83.460526 -1.001843 -0.943013 0.222678 -0.247267 0.249874 0.223052 2 6 0.876001 7 0.123999
hwn2024_triboniophorus
  6 -0.535362 82.898613 -0.960997 -0.900620 0.287368 -0.326041 0.310213 0.237568 1 6 1.000000
  6 -0.353287 83.460526 -1.001843 -0.943013 0.222678 -0.247267 0.249874 0.223052 2 6 0.876001 7 0.123999
  6 -0.353676 82.985397 -1.430424 -0.956255 0.251201 -0.149916 0.308756 0.199675 1 6 1.000000
hwn2024_triboniophorus
  6 -0.353676 82.985397 -1.430424 -0.956255 0.251201 -0.149916 0.308756 0.199675 1 6 1.000000
  6 -0.466185 82.482407 -1.076625 -0.797352 0.091115 -0.596597 0.341485 0.223904 1 6 1.000000
  6 -0.535362 82.898613 -0.960997 -0.900620 0.287368 -0.326041 0.310213 0.237568 1 6 1.000000
hwn2024_triboniophorus
  6 -0.831790 82.617470 -0.726789 -0.686456 0.501276 -0.526784 0.336210 0.262131 1 6 1.000000
  6 -0.535362 82.898613 -0.960997 -0.900620 0.287368 -0.326041 0.310213 0.237568 1 6 1.000000
  6 -0.466185 82.482407 -1.076625 -0.797352 0.091115 -0.596597 0.341485 0.223904 1 6 1.000000
hwn2024_triboniophorus
  6 -0.831790 82.617470 -0.726789 -0.686456 0.501276 -0.526784 0.336210 0.262131 1 6 1.000000
  6 -0.466185 82.482407 -1.076625 -0.797352 0.091115 -0.596597 0.341485 0.223904 1 6 1.000000
  6 -0.795685 82.388992 -0.858384 -0.586520 0.310391 -0.748098 0.353537 0.246156 1 6 1.000000
hwn2024_triboniophorus
  6 -0.831790 82.617470 -0.726789 -0.686456 0.501276 -0.526784 0.336210 0.262131 1 6 1.000000
  6 -0.795685 82.388992 -0.858384 -0.586520 0.310391 -0.748098 0.353537 0.246156 1 6 1.000000
  6 -1.127091 82.234375 -0.681737 -0.605670 0.333302 -0.722547 0.371303 0.266699 1 6 1.000000
hwn2024_triboniophorus
  6 -0.831790 82.617470 -0.726789 -0.686456 0.501276 -0.526784 0.336210 0.262131 1 6 1.000000
  6 -1.127091 82.234375 -0.681737 -0.605670 0.333302 -0.722547 0.371303 0.266699 1 6 1.000000
  6 -1.153400 82.407791 -0.574924 -0.634596 0.548210 -0.544751 0.358757 0.279254 1 6 1.000000
hwn2024_triboniophorus
  6 -1.435207 82.247032 -0.388623 -0.735988 0.440775 -0.513847 0.375157 0.293526 1 6 1.000000
  6 -1.153400 82.407791 -0.574924 -0.634596 0.548210 -0.544751 0.358757 0.279254 1 6 1.000000
  6 -1.127091 82.234375 -0.681737 -0.605670 0.333302 -0.722547 0.371303 0.266699 1 6 1.000000
hwn2024_triboniophorus
  6 -1.409798 82.363121 -0.204727 -0.580897 0.801432 -0.142361 0.366533 0.303640 1 6 1.000000
  6 -1.153400 82.407791 -0.574924 -0.634596 0.548210 -0.544751 0.358757 0.279254 1 6 1.000000
  6 -1.435207 82.247032 -0.388623 -0.735988 0.440775 -0.513847 0.375157 0.293526 1 6 1.000000
hwn2024_triboniophorus
  6 -1.409798 82.363121 -0.204727 -0.580897 0.801432 -0.142361 0.366533 0.303640 1 6 1.000000
  6 -1.435207 82.247032 -0.388623 -0.735988 0.440775 -0.513847 0.375157 0.293526 1 6 1.000000
  6 -1.586570 82.151108 -0.155143 -0.960455 0.188922 -0.204537 0.382653 0.307204 1 6 1.000000
hwn2024_triboniophorus
  6 -1.409798 82.363121 -0.204727 -0.580897 0.801432 -0.142361 0.366533 0.303640 1 6 1.000000
  6 -1.586570 82.151108 -0.155143 -0.960455 0.188922 -0.204537 0.382653 0.307204 1 6 1.000000
  6 -1.550225 82.272530 -0.082551 -0.789487 0.612895 -0.032698 0.374785 0.310038 1 6 1.000000
hwn2024_triboniophorus
  6 -1.550225 82.272530 -0.082551 -0.789487 0.612895 -0.032698 0.374785 0.310038 1 6 1.000000
  6 -1.586570 82.151108 -0.155143 -0.960455 0.188922 -0.204537 0.382653 0.307204 1 6 1.000000
  6 -1.567892 82.090942 0.100715 -0.939855 -0.011709 0.341373 0.382521 0.320948 1 6 1.000000
hwn2024_triboniophorus
  6 -1.550225 82.272530 -0.082551 -0.789487 0.612895 -0.032698 0.374785 0.310038 1 6 1.000000
  6 -1.567892 82.090942 0.100715 -0.939855 -0.011709 0.341373 0.382521 0.320948 1 6 1.000000
  6 -1.516892 82.256371 0.105905 -0.712119 0.598774 0.366547 0.373345 0.319195 1 6 1.000000
hwn2024_triboniophorus
  6 -1.422564 82.211128 0.266256 -0.504088 0.499264 0.704720 0.371678 0.328155 1 6 1.000000
  6 -1.516892 82.256371 0.105905 -0.712119 0.598774 0.366547 0.373345 0.319195 1 6 1.000000
  6 -1.567892 82.090942 0.100715 -0.939855 -0.011709 0.341373 0.382521 0.320948 1 6 1.000000
hwn2024_triboniophorus
  6 -1.339826 82.376839 0.057280 -0.400192 0.862958 0.308465 0.362398 0.317324 1 6 1.000000
  6 -1.516892 82.256371 0.105905 -0.712119 0.598774 0.366547 0.373345 0.319195 1 6 1.000000
  6 -1.422564 82.211128 0.266256 -0.504088 0.499264 0.704720 0.371678 0.328155 1 6 1.000000
hwn2024_triboniophorus
  6 -1.339826 82.376839 0.057280 -0.400192 0.862958 0.308465 0.362398 0.317324 1 6 1.000000
  6 -1.422564 82.211128 0.266256 -0.504088 0.499264 0.704720 0.371678 0.328155 1 6 1.000000
  6 -1.231960 82.273659 0.285714 -0.242552 0.638256 0.730615 0.362290 0.331374 1 6 1.000000
hwn2024_triboniophorus
  6 -1.409798 82.363121 -0.204727 -0.580897 0.801432 -0.142361 0.366533 0.303640 1 6 1.000000
  6 -1.129570 82.526115 -0.344645 -0.580897 0.801432 -0.142361 0.348854 0.294819 1 6 1.000000
  6 -1.153400 82.407791 -0.574924 -0.634596 0.548210 -0.544751 0.358757 0.279254 1 6 1.000000
hwn2024_triboniophorus
  6 -1.129570 82.526115 -0.344645 -0.580897 0.801432 -0.142361 0.348854 0.294819 1 6 1.000000
  6 -0.831790 82.617470 -0.726789 -0.686456 0.501276 -0.526784 0.336210 0.262131 1 6 1.000000
  6 -1.153400 82.407791 -0.574924 -0.634596 0.548210 -0.544751 0.358757 0.279254 1 6 1.000000
hwn2024_triboniophorus
  6 -1.339826 82.376839 0.057280 -0.400192 0.862958 0.308465 0.362398 0.317324 1 6 1.000000
  6 -1.550225 82.272530 -0.082551 -0.789487 0.612895 -0.032698 0.374785 0.310038 1 6 1.000000
  6 -1.516892 82.256371 0.105905 -0.712119 0.598774 0.366547 0.373345 0.319195 1 6 1.000000
hwn2024_triboniophorus
  6 -1.339826 82.376839 0.057280 -0.400192 0.862958 0.308465 0.362398 0.317324 1 6 1.000000
  6 -1.409798 82.363121 -0.204727 -0.580897 0.801432 -0.142361 0.366533 0.303640 1 6 1.000000
  6 -1.550225 82.272530 -0.082551 -0.789487 0.612895 -0.032698 0.374785 0.310038 1 6 1.000000
hwn2024_triboniophorus
  6 -1.049404 82.541817 -0.015094 -0.451505 0.824539 0.340997 0.343204 0.314942 1 6 1.000000
  6 -1.409798 82.363121 -0.204727 -0.580897 0.801432 -0.142361 0.366533 0.303640 1 6 1.000000
  6 -1.339826 82.376839 0.057280 -0.400192 0.862958 0.308465 0.362398 0.317324 1 6 1.000000
hwn2024_triboniophorus
  6 -1.049404 82.541817 -0.015094 -0.451505 0.824539 0.340997 0.343204 0.314942 1 6 1.000000
  6 -1.129570 82.526115 -0.344645 -0.580897 0.801432 -0.142361 0.348854 0.294819 1 6 1.000000
  6 -1.409798 82.363121 -0.204727 -0.580897 0.801432 -0.142361 0.366533 0.303640 1 6 1.000000
hwn2024_triboniophorus
  6 -0.805652 82.765236 -0.436544 -0.679394 0.728983 -0.083712 0.322188 0.285321 1 6 1.000000
  6 -1.129570 82.526115 -0.344645 -0.580897 0.801432 -0.142361 0.348854 0.294819 1 6 1.000000
  6 -1.049404 82.541817 -0.015094 -0.451505 0.824539 0.340997 0.343204 0.314942 1 6 1.000000
hwn2024_triboniophorus
  6 -1.129570 82.526115 -0.344645 -0.580897 0.801432 -0.142361 0.348854 0.294819 1 6 1.000000
  6 -0.805652 82.765236 -0.436544 -0.679394 0.728983 -0.083712 0.322188 0.285321 1 6 1.000000
  6 -0.831790 82.617470 -0.726789 -0.686456 0.501276 -0.526784 0.336210 0.262131 1 6 1.000000
hwn2024_triboniophorus
  6 -0.554581 83.036125 -0.538468 -0.881732 0.470600 -0.032942 0.288820 0.273549 1 6 1.000000
  6 -0.831790 82.617470 -0.726789 -0.686456 0.501276 -0.526784 0.336210 0.262131 1 6 1.000000
  6 -0.805652 82.765236 -0.436544 -0.679394 0.728983 -0.083712 0.322188 0.285321 1 6 1.000000
hwn2024_triboniophorus
  6 -0.554581 83.036125 -0.538468 -0.881732 0.470600 -0.032942 0.288820 0.273549 1 6 1.000000
  6 -0.535362 82.898613 -0.960997 -0.900620 0.287368 -0.326041 0.310213 0.237568 1 6 1.000000
  6 -0.831790 82.617470 -0.726789 -0.686456 0.501276 -0.526784 0.336210 0.262131 1 6 1.000000
hwn2024_triboniophorus
  6 -0.353287 83.460526 -1.001843 -0.943013 0.222678 -0.247267 0.249874 0.223052 2 6 0.876001 7 0.123999
  6 -0.535362 82.898613 -0.960997 -0.900620 0.287368 -0.326041 0.310213 0.237568 1 6 1.000000
  6 -0.554581 83.036125 -0.538468 -0.881732 0.470600 -0.032942 0.288820 0.273549 1 6 1.000000
hwn2024_triboniophorus
  6 -0.554581 83.036125 -0.538468 -0.881732 0.470600 -0.032942 0.288820 0.273549 1 6 1.000000
  6 -0.728328 82.790916 -0.065248 -0.537155 0.741281 0.402451 0.315319 0.313231 1 6 1.000000
  6 -0.465182 83.033112 -0.114491 -0.789371 0.443169 0.424847 0.281416 0.311060 1 6 1.000000
hwn2024_triboniophorus
  6 -0.554581 83.036125 -0.538468 -0.881732 0.470600 -0.032942 0.288820 0.273549 1 6 1.000000
  6 -0.805652 82.765236 -0.436544 -0.679394 0.728983 -0.083712 0.322188 0.285321 1 6 1.000000
  6 -0.728328 82.790916 -0.065248 -0.537155 0.741281 0.402451 0.315319 0.313231 1 6 1.000000
hwn2024_triboniophorus
  6 -0.805652 82.765236 -0.436544 -0.679394 0.728983 -0.083712 0.322188 0.285321 1 6 1.000000
  6 -1.049404 82.541817 -0.015094 -0.451505 0.824539 0.340997 0.343204 0.314942 1 6 1.000000
  6 -0.728328 82.790916 -0.065248 -0.537155 0.741281 0.402451 0.315319 0.313231 1 6 1.000000
hwn2024_triboniophorus
  6 -0.553638 82.599442 0.225340 -0.312637 0.548871 0.775241 0.317253 0.341987 1 6 1.000000
  6 -0.798565 82.203369 0.406038 -0.037991 0.257557 0.965516 0.349380 0.353072 1 6 1.000000
  6 -0.423926 82.345001 0.368088 -0.054039 0.186164 0.981031 0.326671 0.366056 1 6 1.000000
hwn2024_triboniophorus
  6 -0.553638 82.599442 0.225340 -0.312637 0.548871 0.775241 0.317253 0.341987 1 6 1.000000
  6 -0.909921 82.401115 0.262867 -0.242552 0.638256 0.730615 0.343846 0.335736 1 6 1.000000
  6 -0.798565 82.203369 0.406038 -0.037991 0.257557 0.965516 0.349380 0.353072 1 6 1.000000
hwn2024_triboniophorus
  6 -0.909921 82.401115 0.262867 -0.242552 0.638256 0.730615 0.343846 0.335736 1 6 1.000000
  6 -1.147948 82.100777 0.404660 -0.162846 0.205285 0.965059 0.367070 0.343532 1 6 1.000000
  6 -0.798565 82.203369 0.406038 -0.037991 0.257557 0.965516 0.349380 0.353072 1 6 1.000000
hwn2024_triboniophorus
  6 -0.909921 82.401115 0.262867 -0.242552 0.638256 0.730615 0.343846 0.335736 1 6 1.000000
  6 -1.231960 82.273659 0.285714 -0.242552 0.638256 0.730615 0.362290 0.331374 1 6 1.000000
  6 -1.147948 82.100777 0.404660 -0.162846 0.205285 0.965059 0.367070 0.343532 1 6 1.000000
hwn2024_triboniophorus
  6 -1.231960 82.273659 0.285714 -0.242552 0.638256 0.730615 0.362290 0.331374 1 6 1.000000
  6 -1.416304 82.069847 0.311707 -0.577405 0.037800 0.815582 0.377840 0.333511 1 6 1.000000
  6 -1.147948 82.100777 0.404660 -0.162846 0.205285 0.965059 0.367070 0.343532 1 6 1.000000
hwn2024_triboniophorus
  6 -1.231960 82.273659 0.285714 -0.242552 0.638256 0.730615 0.362290 0.331374 1 6 1.000000
  6 -1.422564 82.211128 0.266256 -0.504088 0.499264 0.704720 0.371678 0.328155 1 6 1.000000
  6 -1.416304 82.069847 0.311707 -0.577405 0.037800 0.815582 0.377840 0.333511 1 6 1.000000
hwn2024_triboniophorus
  6 -1.422564 82.211128 0.266256 -0.504088 0.499264 0.704720 0.371678 0.328155 1 6 1.000000
  6 -1.567892 82.090942 0.100715 -0.939855 -0.011709 0.341373 0.382521 0.320948 1 6 1.000000
  6 -1.416304 82.069847 0.311707 -0.577405 0.037800 0.815582 0.377840 0.333511 1 6 1.000000
hwn2024_triboniophorus
  6 -1.416304 82.069847 0.311707 -0.577405 0.037800 0.815582 0.377840 0.333511 1 6 1.000000
  6 -1.567892 82.090942 0.100715 -0.939855 -0.011709 0.341373 0.382521 0.320948 1 6 1.000000
  6 -1.538530 81.900375 0.061039 -0.933418 -0.184551 0.307688 0.394164 0.323289 1 6 1.000000
hwn2024_triboniophorus
  6 -1.586570 82.151108 -0.155143 -0.960455 0.188922 -0.204537 0.382653 0.307204 1 6 1.000000
  6 -1.538530 81.900375 0.061039 -0.933418 -0.184551 0.307688 0.394164 0.323289 1 6 1.000000
  6 -1.567892 82.090942 0.100715 -0.939855 -0.011709 0.341373 0.382521 0.320948 1 6 1.000000
hwn2024_triboniophorus
  6 -1.586570 82.151108 -0.155143 -0.960455 0.188922 -0.204537 0.382653 0.307204 1 6 1.000000
  6 -1.569759 81.974548 -0.221925 -0.967675 -0.019972 -0.251407 0.393865 0.304621 1 6 1.000000
  6 -1.538530 81.900375 0.061039 -0.933418 -0.184551 0.307688 0.394164 0.323289 1 6 1.000000
hwn2024_triboniophorus
  6 -1.586570 82.151108 -0.155143 -0.960455 0.188922 -0.204537 0.382653 0.307204 1 6 1.000000
  6 -1.411487 82.079117 -0.465218 -0.752209 0.167847 -0.637188 0.387132 0.286267 1 6 1.000000
  6 -1.569759 81.974548 -0.221925 -0.967675 -0.019972 -0.251407 0.393865 0.304621 1 6 1.000000
hwn2024_triboniophorus
  6 -1.586570 82.151108 -0.155143 -0.960455 0.188922 -0.204537 0.382653 0.307204 1 6 1.000000
  6 -1.435207 82.247032 -0.388623 -0.735988 0.440775 -0.513847 0.375157 0.293526 1 6 1.000000
  6 -1.411487 82.079117 -0.465218 -0.752209 0.167847 -0.637188 0.387132 0.286267 1 6 1.000000
hwn2024_triboniophorus
  6 -1.435207 82.247032 -0.388623 -0.735988 0.440775 -0.513847 0.375157 0.293526 1 6 1.000000
  6 -1.127091 82.234375 -0.681737 -0.605670 0.333302 -0.722547 0.371303 0.266699 1 6 1.000000
  6 -1.411487 82.079117 -0.465218 -0.752209 0.167847 -0.637188 0.387132 0.286267 1 6 1.000000
hwn2024_triboniophorus
  6 -0.423926 82.345001 0.368088 -0.054039 0.186164 0.981031 0.326671 0.366056 1 6 1.000000
  6 -0.363148 82.089920 0.345724 0.096954 -0.078501 0.992188 0.340236 0.382234 1 6 1.000000
  6 0.011045 82.146172 0.302958 -0.280267 -0.255142 0.925393 0.327092 0.399372 1 6 1.000000
hwn2024_triboniophorus
  6 -0.423926 82.345001 0.368088 -0.054039 0.186164 0.981031 0.326671 0.366056 1 6 1.000000
  6 -0.741218 82.003342 0.401743 0.036372 -0.004624 0.999328 0.357662 0.366827 1 6 1.000000
  6 -0.363148 82.089920 0.345724 0.096954 -0.078501 0.992188 0.340236 0.382234 1 6 1.000000
hwn2024_triboniophorus
  6 -0.423926 82.345001 0.368088 -0.054039 0.186164 0.981031 0.326671 0.366056 1 6 1.000000
  6 -0.798565 82.203369 0.406038 -0.037991 0.257557 0.965516 0.349380 0.353072 1 6 1.000000
  6 -0.741218 82.003342 0.401743 0.036372 -0.004624 0.999328 0.357662 0.366827 1 6 1.000000
hwn2024_triboniophorus
  6 -0.798565 82.203369 0.406038 -0.037991 0.257557 0.965516 0.349380 0.353072 1 6 1.000000
  6 -1.098577 81.918686 0.404154 -0.136490 -0.036634 0.989964 0.375054 0.354056 1 6 1.000000
  6 -0.741218 82.003342 0.401743 0.036372 -0.004624 0.999328 0.357662 0.366827 1 6 1.000000
hwn2024_triboniophorus
  6 -0.798565 82.203369 0.406038 -0.037991 0.257557 0.965516 0.349380 0.353072 1 6 1.000000
  6 -1.147948 82.100777 0.404660 -0.162846 0.205285 0.965059 0.367070 0.343532 1 6 1.000000
  6 -1.098577 81.918686 0.404154 -0.136490 -0.036634 0.989964 0.375054 0.354056 1 6 1.000000
hwn2024_triboniophorus
  6 -1.147948 82.100777 0.404660 -0.162846 0.205285 0.965059 0.367070 0.343532 1 6 1.000000
  6 -1.379543 81.885277 0.305223 -0.582676 -0.152712 0.798228 0.387111 0.340427 1 6 1.000000
  6 -1.098577 81.918686 0.404154 -0.136490 -0.036634 0.989964 0.375054 0.354056 1 6 1.000000
hwn2024_triboniophorus
  6 -1.147948 82.100777 0.404660 -0.162846 0.205285 0.965059 0.367070 0.343532 1 6 1.000000
  6 -1.416304 82.069847 0.311707 -0.577405 0.037800 0.815582 0.377840 0.333511 1 6 1.000000
  6 -1.379543 81.885277 0.305223 -0.582676 -0.152712 0.798228 0.387111 0.340427 1 6 1.000000
hwn2024_triboniophorus
  6 -1.416304 82.069847 0.311707 -0.577405 0.037800 0.815582 0.377840 0.333511 1 6 1.000000
  6 -1.538530 81.900375 0.061039 -0.933418 -0.184551 0.307688 0.394164 0.323289 1 6 1.000000
  6 -1.379543 81.885277 0.305223 -0.582676 -0.152712 0.798228 0.387111 0.340427 1 6 1.000000
hwn2024_triboniophorus
  6 -1.049404 82.541817 -0.015094 -0.451505 0.824539 0.340997 0.343204 0.314942 1 6 1.000000
  6 -1.339826 82.376839 0.057280 -0.400192 0.862958 0.308465 0.362398 0.317324 1 6 1.000000
  6 -1.231960 82.273659 0.285714 -0.242552 0.638256 0.730615 0.362290 0.331374 1 6 1.000000
hwn2024_triboniophorus
  6 -1.049404 82.541817 -0.015094 -0.451505 0.824539 0.340997 0.343204 0.314942 1 6 1.000000
  6 -1.231960 82.273659 0.285714 -0.242552 0.638256 0.730615 0.362290 0.331374 1 6 1.000000
  6 -0.909921 82.401115 0.262867 -0.242552 0.638256 0.730615 0.343846 0.335736 1 6 1.000000
hwn2024_triboniophorus
  6 -0.728328 82.790916 -0.065248 -0.537155 0.741281 0.402451 0.315319 0.313231 1 6 1.000000
  6 -1.049404 82.541817 -0.015094 -0.451505 0.824539 0.340997 0.343204 0.314942 1 6 1.000000
  6 -0.909921 82.401115 0.262867 -0.242552 0.638256 0.730615 0.343846 0.335736 1 6 1.000000
hwn2024_triboniophorus
  6 -0.728328 82.790916 -0.065248 -0.537155 0.741281 0.402451 0.315319 0.313231 1 6 1.000000
  6 -0.909921 82.401115 0.262867 -0.242552 0.638256 0.730615 0.343846 0.335736 1 6 1.000000
  6 -0.553638 82.599442 0.225340 -0.312637 0.548871 0.775241 0.317253 0.341987 1 6 1.000000
hwn2024_triboniophorus
  6 -0.465182 83.033112 -0.114491 -0.789371 0.443169 0.424847 0.281416 0.311060 1 6 1.000000
  6 -0.728328 82.790916 -0.065248 -0.537155 0.741281 0.402451 0.315319 0.313231 1 6 1.000000
  6 -0.553638 82.599442 0.225340 -0.312637 0.548871 0.775241 0.317253 0.341987 1 6 1.000000
hwn2024_triboniophorus
  6 -0.465182 83.033112 -0.114491 -0.789371 0.443169 0.424847 0.281416 0.311060 1 6 1.000000
  6 -0.553638 82.599442 0.225340 -0.312637 0.548871 0.775241 0.317253 0.341987 1 6 1.000000
  6 -0.255140 82.834801 0.198165 -0.626346 0.269269 0.731563 0.285007 0.350597 1 6 1.000000
hwn2024_triboniophorus
  6 -0.255140 82.834801 0.198165 -0.626346 0.269269 0.731563 0.285007 0.350597 1 6 1.000000
  6 -0.553638 82.599442 0.225340 -0.312637 0.548871 0.775241 0.317253 0.341987 1 6 1.000000
  6 -0.423926 82.345001 0.368088 -0.054039 0.186164 0.981031 0.326671 0.366056 1 6 1.000000
hwn2024_triboniophorus
  6 -0.255140 82.834801 0.198165 -0.626346 0.269269 0.731563 0.285007 0.350597 1 6 1.000000
  6 -0.423926 82.345001 0.368088 -0.054039 0.186164 0.981031 0.326671 0.366056 1 6 1.000000
  6 -0.062625 82.544258 0.395707 -0.553686 -0.037521 0.831880 0.300563 0.384897 1 6 1.000000
hwn2024_triboniophorus
  6 -0.423926 82.345001 0.368088 -0.054039 0.186164 0.981031 0.326671 0.366056 1 6 1.000000
  6 0.011045 82.146172 0.302958 -0.280267 -0.255142 0.925393 0.327092 0.399372 1 6 1.000000
  6 -0.062625 82.544258 0.395707 -0.553686 -0.037521 0.831880 0.300563 0.384897 1 6 1.000000
hwn2024_triboniophorus
  6 0.279579 82.431999 0.675592 -0.748992 -0.041431 0.661283 0.298143 0.421908 2 6 0.940786 7 0.059214
  6 -0.062625 82.544258 0.395707 -0.553686 -0.037521 0.831880 0.300563 0.384897 1 6 1.000000
  6 0.011045 82.146172 0.302958 -0.280267 -0.255142 0.925393 0.327092 0.399372 1 6 1.000000
hwn2024_triboniophorus
  6 0.279579 82.431999 0.675592 -0.748992 -0.041431 0.661283 0.298143 0.421908 2 6 0.940786 7 0.059214
  6 0.011045 82.146172 0.302958 -0.280267 -0.255142 0.925393 0.327092 0.399372 1 6 1.000000
  6 0.204844 82.089798 0.422907 -0.845858 -0.130502 0.517198 0.327174 0.411051 1 6 1.000000
hwn2024_triboniophorus
  6 0.371483 82.128090 0.948889 -0.804383 0.311217 0.506076 0.321057 0.445155 1 6 1.000000
  6 0.279579 82.431999 0.675592 -0.748992 -0.041431 0.661283 0.298143 0.421908 2 6 0.940786 7 0.059214
  6 0.204844 82.089798 0.422907 -0.845858 -0.130502 0.517198 0.327174 0.411051 1 6 1.000000
hwn2024_triboniophorus
  6 0.371483 82.128090 0.948889 -0.804383 0.311217 0.506076 0.321057 0.445155 1 6 1.000000
  6 0.204844 82.089798 0.422907 -0.845858 -0.130502 0.517198 0.327174 0.411051 1 6 1.000000
  6 0.266988 81.909393 0.756277 -0.943627 0.165493 0.286671 0.336893 0.430171 1 6 1.000000
hwn2024_triboniophorus
  6 0.371483 82.128090 0.948889 -0.804383 0.311217 0.506076 0.321057 0.445155 1 6 1.000000
  6 0.266988 81.909393 0.756277 -0.943627 0.165493 0.286671 0.336893 0.430171 1 6 1.000000
  6 0.303750 81.725891 1.122616 -0.885469 0.295875 0.358332 0.352629 0.448703 1 6 1.000000
hwn2024_triboniophorus
  6 0.371483 82.128090 0.948889 -0.804383 0.311217 0.506076 0.321057 0.445155 1 6 1.000000
  6 0.303750 81.725891 1.122616 -0.885469 0.295875 0.358332 0.352629 0.448703 1 6 1.000000
  6 0.410235 81.889603 1.234571 -0.700053 0.471941 0.535908 0.341813 0.461190 1 6 1.000000
hwn2024_triboniophorus
  6 0.472256 81.664665 1.499748 -0.622611 0.436815 0.649267 0.359271 0.474101 1 6 1.000000
  6 0.410235 81.889603 1.234571 -0.700053 0.471941 0.535908 0.341813 0.461190 1 6 1.000000
  6 0.303750 81.725891 1.122616 -0.885469 0.295875 0.358332 0.352629 0.448703 1 6 1.000000
hwn2024_triboniophorus
  6 0.472256 81.664665 1.499748 -0.622611 0.436815 0.649267 0.359271 0.474101 1 6 1.000000
  6 0.303750 81.725891 1.122616 -0.885469 0.295875 0.358332 0.352629 0.448703 1 6 1.000000
  6 0.371262 81.513313 1.433257 -0.782836 0.275243 0.558040 0.369742 0.465753 1 6 1.000000
hwn2024_triboniophorus
  6 0.617910 81.469490 1.680400 -0.379623 0.186835 0.906079 0.370238 0.486552 1 6 1.000000
  6 0.472256 81.664665 1.499748 -0.622611 0.436815 0.649267 0.359271 0.474101 1 6 1.000000
  6 0.371262 81.513313 1.433257 -0.782836 0.275243 0.558040 0.369742 0.465753 1 6 1.000000
hwn2024_triboniophorus
  6 0.955596 81.701935 1.540380 0.296718 0.619790 0.726511 0.352580 0.500279 1 6 1.000000
  6 0.679062 81.741592 1.541056 -0.136233 0.655160 0.743105 0.352957 0.485517 1 6 1.000000
  6 0.723597 81.577202 1.675170 -0.108044 0.468474 0.876846 0.363259 0.490579 1 6 1.000000
hwn2024_triboniophorus
  6 0.472256 81.664665 1.499748 -0.622611 0.436815 0.649267 0.359271 0.474101 1 6 1.000000
  6 0.723597 81.577202 1.675170 -0.108044 0.468474 0.876846 0.363259 0.490579 1 6 1.000000
  6 0.679062 81.741592 1.541056 -0.136233 0.655160 0.743105 0.352957 0.485517 1 6 1.000000
hwn2024_triboniophorus
  6 0.653502 81.974457 1.309326 -0.184407 0.645353 0.741292 0.333122 0.477666 1 6 1.000000
  6 0.472256 81.664665 1.499748 -0.622611 0.436815 0.649267 0.359271 0.474101 1 6 1.000000
  6 0.679062 81.741592 1.541056 -0.136233 0.655160 0.743105 0.352957 0.485517 1 6 1.000000
hwn2024_triboniophorus
  6 0.653502 81.974457 1.309326 -0.184407 0.645353 0.741292 0.333122 0.477666 1 6 1.000000
  6 0.410235 81.889603 1.234571 -0.700053 0.471941 0.535908 0.341813 0.461190 1 6 1.000000
  6 0.472256 81.664665 1.499748 -0.622611 0.436815 0.649267 0.359271 0.474101 1 6 1.000000
hwn2024_triboniophorus
  6 0.642646 82.262115 1.086567 -0.309226 0.480419 0.820717 0.307519 0.466608 1 6 1.000000
  6 0.410235 81.889603 1.234571 -0.700053 0.471941 0.535908 0.341813 0.461190 1 6 1.000000
  6 0.653502 81.974457 1.309326 -0.184407 0.645353 0.741292 0.333122 0.477666 1 6 1.000000
hwn2024_triboniophorus
  6 0.642646 82.262115 1.086567 -0.309226 0.480419 0.820717 0.307519 0.466608 1 6 1.000000
  6 0.371483 82.128090 0.948889 -0.804383 0.311217 0.506076 0.321057 0.445155 1 6 1.000000
  6 0.410235 81.889603 1.234571 -0.700053 0.471941 0.535908 0.341813 0.461190 1 6 1.000000
hwn2024_triboniophorus
  6 0.580852 82.617996 0.936697 -0.532639 0.189825 0.824780 0.276578 0.453234 2 6 0.866426 7 0.133574
  6 0.371483 82.128090 0.948889 -0.804383 0.311217 0.506076 0.321057 0.445155 1 6 1.000000
  6 0.642646 82.262115 1.086567 -0.309226 0.480419 0.820717 0.307519 0.466608 1 6 1.000000
hwn2024_triboniophorus
  6 0.580852 82.617996 0.936697 -0.532639 0.189825 0.824780 0.276578 0.453234 2 6 0.866426 7 0.133574
  6 0.279579 82.431999 0.675592 -0.748992 -0.041431 0.661283 0.298143 0.421908 2 6 0.940786 7 0.059214
  6 0.371483 82.128090 0.948889 -0.804383 0.311217 0.506076 0.321057 0.445155 1 6 1.000000
hwn2024_triboniophorus
  6 0.287956 82.970627 0.791771 -0.665914 -0.173374 0.725604 0.252208 0.419678 2 6 0.788945 7 0.211055
  6 0.279579 82.431999 0.675592 -0.748992 -0.041431 0.661283 0.298143 0.421908 2 6 0.940786 7 0.059214
  6 0.580852 82.617996 0.936697 -0.532639 0.189825 0.824780 0.276578 0.453234 2 6 0.866426 7 0.133574
hwn2024_triboniophorus
  6 0.287956 82.970627 0.791771 -0.665914 -0.173374 0.725604 0.252208 0.419678 2 6 0.788945 7 0.211055
  6 -0.062625 82.544258 0.395707 -0.553686 -0.037521 0.831880 0.300563 0.384897 1 6 1.000000
  6 0.279579 82.431999 0.675592 -0.748992 -0.041431 0.661283 0.298143 0.421908 2 6 0.940786 7 0.059214
hwn2024_triboniophorus
  6 0.287956 82.970627 0.791771 -0.665914 -0.173374 0.725604 0.252208 0.419678 2 6 0.788945 7 0.211055
  6 -0.001110 83.095375 0.526338 -0.741053 -0.125292 0.659653 0.251246 0.383243 2 6 0.823933 7 0.176067
  6 -0.062625 82.544258 0.395707 -0.553686 -0.037521 0.831880 0.300563 0.384897 1 6 1.000000
hwn2024_triboniophorus
  6 -0.001110 83.095375 0.526338 -0.741053 -0.125292 0.659653 0.251246 0.383243 2 6 0.823933 7 0.176067
  6 -0.255140 82.834801 0.198165 -0.626346 0.269269 0.731563 0.285007 0.350597 1 6 1.000000
  6 -0.062625 82.544258 0.395707 -0.553686 -0.037521 0.831880 0.300563 0.384897 1 6 1.000000
hwn2024_triboniophorus
  6 -0.001110 83.095375 0.526338 -0.741053 -0.125292 0.659653 0.251246 0.383243 2 6 0.823933 7 0.176067
  6 -0.206651 83.235794 0.247602 -0.858494 -0.041079 0.511176 0.248147 0.348698 2 6 0.837000 7 0.163000
  6 -0.255140 82.834801 0.198165 -0.626346 0.269269 0.731563 0.285007 0.350597 1 6 1.000000
hwn2024_triboniophorus
  6 -0.206651 83.235794 0.247602 -0.858494 -0.041079 0.511176 0.248147 0.348698 2 6 0.837000 7 0.163000
  6 -0.465182 83.033112 -0.114491 -0.789371 0.443169 0.424847 0.281416 0.311060 1 6 1.000000
  6 -0.255140 82.834801 0.198165 -0.626346 0.269269 0.731563 0.285007 0.350597 1 6 1.000000
hwn2024_triboniophorus
  6 -0.206651 83.235794 0.247602 -0.858494 -0.041079 0.511176 0.248147 0.348698 2 6 0.837000 7 0.163000
  6 -0.359910 83.387451 -0.105522 -0.952489 0.087113 0.291848 0.244957 0.308913 2 6 0.833710 7 0.166290
  6 -0.465182 83.033112 -0.114491 -0.789371 0.443169 0.424847 0.281416 0.311060 1 6 1.000000
hwn2024_triboniophorus
  6 -0.359910 83.387451 -0.105522 -0.952489 0.087113 0.291848 0.244957 0.308913 2 6 0.833710 7 0.166290
  6 -0.554581 83.036125 -0.538468 -0.881732 0.470600 -0.032942 0.288820 0.273549 1 6 1.000000
  6 -0.465182 83.033112 -0.114491 -0.789371 0.443169 0.424847 0.281416 0.311060 1 6 1.000000
hwn2024_triboniophorus
  6 -0.359910 83.387451 -0.105522 -0.952489 0.087113 0.291848 0.244957 0.308913 2 6 0.833710 7 0.166290
  6 -0.418318 83.476563 -0.522053 -0.987329 0.155862 -0.029798 0.243808 0.267069 2 6 0.847224 7 0.152776
  6 -0.554581 83.036125 -0.538468 -0.881732 0.470600 -0.032942 0.288820 0.273549 1 6 1.000000
hwn2024_triboniophorus
  6 -0.353287 83.460526 -1.001843 -0.943013 0.222678 -0.247267 0.249874 0.223052 2 6 0.876001 7 0.123999
  6 -0.554581 83.036125 -0.538468 -0.881732 0.470600 -0.032942 0.288820 0.273549 1 6 1.000000
  6 -0.418318 83.476563 -0.522053 -0.987329 0.155862 -0.029798 0.243808 0.267069 2 6 0.847224 7 0.152776
hwn2024_triboniophorus
  6 0.955596 81.701935 1.540380 0.296718 0.619790 0.726511 0.352580 0.500279 1 6 1.000000
  6 0.723597 81.577202 1.675170 -0.108044 0.468474 0.876846 0.363259 0.490579 1 6 1.000000
  6 0.910406 81.513603 1.688185 0.245146 0.394861 0.885431 0.364306 0.500279 1 6 1.000000
hwn2024_triboniophorus
  6 0.955596 81.701935 1.540380 0.296718 0.619790 0.726511 0.352580 0.500279 1 6 1.000000
  6 0.910406 81.513603 1.688185 0.245146 0.394861 0.885431 0.364306 0.500279 1 6 1.000000
  6 1.090384 81.450638 1.630513 0.555950 0.236482 0.796866 0.363426 0.509966 1 6 1.000000
hwn2024_triboniophorus
  6 1.090384 81.450638 1.630513 0.555950 0.236482 0.796866 0.363426 0.509966 1 6 1.000000
  6 0.910406 81.513603 1.688185 0.245146 0.394861 0.885431 0.364306 0.500279 1 6 1.000000
  6 0.861472 81.341103 1.728590 0.096954 -0.078501 0.992188 0.373725 0.500279 1 6 1.000000
hwn2024_triboniophorus
  6 0.723597 81.577202 1.675170 -0.108044 0.468474 0.876846 0.363259 0.490579 1 6 1.000000
  6 0.861472 81.341103 1.728590 0.096954 -0.078501 0.992188 0.373725 0.500279 1 6 1.000000
  6 0.910406 81.513603 1.688185 0.245146 0.394861 0.885431 0.364306 0.500279 1 6 1.000000
hwn2024_triboniophorus
  6 0.723597 81.577202 1.675170 -0.108044 0.468474 0.876846 0.363259 0.490579 1 6 1.000000
  6 0.617910 81.469490 1.680400 -0.379623 0.186835 0.906079 0.370238 0.486552 1 6 1.000000
  6 0.861472 81.341103 1.728590 0.096954 -0.078501 0.992188 0.373725 0.500279 1 6 1.000000
hwn2024_triboniophorus
  6 0.472256 81.664665 1.499748 -0.622611 0.436815 0.649267 0.359271 0.474101 1 6 1.000000
  6 0.617910 81.469490 1.680400 -0.379623 0.186835 0.906079 0.370238 0.486552 1 6 1.000000
  6 0.723597 81.577202 1.675170 -0.108044 0.468474 0.876846 0.363259 0.490579 1 6 1.000000
hwn2024_triboniophorus
  6 0.994269 81.939743 1.316298 0.269730 0.596687 0.755784 0.328696 0.500279 1 6 1.000000
  6 0.679062 81.741592 1.541056 -0.136233 0.655160 0.743105 0.352957 0.485517 1 6 1.000000
  6 0.955596 81.701935 1.540380 0.296718 0.619790 0.726511 0.352580 0.500279 1 6 1.000000
hwn2024_triboniophorus
  6 0.994269 81.939743 1.316298 0.269730 0.596687 0.755784 0.328696 0.500279 1 6 1.000000
  6 0.653502 81.974457 1.309326 -0.184407 0.645353 0.741292 0.333122 0.477666 1 6 1.000000
  6 0.679062 81.741592 1.541056 -0.136233 0.655160 0.743105 0.352957 0.485517 1 6 1.000000
hwn2024_triboniophorus
  6 1.022823 82.249107 1.098437 0.206927 0.470547 0.857768 0.295893 0.500279 2 6 0.896472 7 0.103528
  6 0.653502 81.974457 1.309326 -0.184407 0.645353 0.741292 0.333122 0.477666 1 6 1.000000
  6 0.994269 81.939743 1.316298 0.269730 0.596687 0.755784 0.328696 0.500279 1 6 1.000000
hwn2024_triboniophorus
  6 1.022823 82.249107 1.098437 0.206927 0.470547 0.857768 0.295893 0.500279 2 6 0.896472 7 0.103528
  6 0.642646 82.262115 1.086567 -0.309226 0.480419 0.820717 0.307519 0.466608 1 6 1.000000
  6 0.653502 81.974457 1.309326 -0.184407 0.645353 0.741292 0.333122 0.477666 1 6 1.000000
hwn2024_triboniophorus
  6 1.022823 82.249107 1.098437 0.206927 0.470547 0.857768 0.295893 0.500279 2 6 0.896472 7 0.103528
  6 0.580852 82.617996 0.936697 -0.532639 0.189825 0.824780 0.276578 0.453234 2 6 0.866426 7 0.133574
  6 0.642646 82.262115 1.086567 -0.309226 0.480419 0.820717 0.307519 0.466608 1 6 1.000000
hwn2024_triboniophorus
  6 0.617910 81.469490 1.680400 -0.379623 0.186835 0.906079 0.370238 0.486552 1 6 1.000000
  6 0.371262 81.513313 1.433257 -0.782836 0.275243 0.558040 0.369742 0.465753 1 6 1.000000
  6 0.528922 81.324707 1.643815 -0.496901 0.053738 0.866142 0.380555 0.482696 1 6 1.000000
hwn2024_triboniophorus
  6 0.861472 81.341103 1.728590 0.096954 -0.078501 0.992188 0.373725 0.500279 1 6 1.000000
  6 0.617910 81.469490 1.680400 -0.379623 0.186835 0.906079 0.370238 0.486552 1 6 1.000000
  6 0.528922 81.324707 1.643815 -0.496901 0.053738 0.866142 0.380555 0.482696 1 6 1.000000
hwn2024_triboniophorus
  6 0.861472 81.341103 1.728590 0.096954 -0.078501 0.992188 0.373725 0.500279 1 6 1.000000
  6 0.528922 81.324707 1.643815 -0.496901 0.053738 0.866142 0.380555 0.482696 1 6 1.000000
  6 0.800930 81.178871 1.689410 0.037085 -0.241291 0.969744 0.383673 0.500279 1 6 1.000000
hwn2024_triboniophorus
  6 0.861472 81.341103 1.728590 0.096954 -0.078501 0.992188 0.373725 0.500279 1 6 1.000000
  6 0.800930 81.178871 1.689410 0.037085 -0.241291 0.969744 0.383673 0.500279 1 6 1.000000
  6 1.087303 81.137466 1.570214 0.596400 -0.328923 0.732200 0.380637 0.518210 1 6 1.000000
hwn2024_triboniophorus
  6 0.861472 81.341103 1.728590 0.096954 -0.078501 0.992188 0.373725 0.500279 1 6 1.000000
  6 1.087303 81.137466 1.570214 0.596400 -0.328923 0.732200 0.380637 0.518210 1 6 1.000000
  6 1.104343 81.297562 1.620903 0.612885 -0.158511 0.774110 0.370750 0.513863 1 6 1.000000
hwn2024_triboniophorus
  6 1.104343 81.297562 1.620903 0.612885 -0.158511 0.774110 0.370750 0.513863 1 6 1.000000
  6 1.087303 81.137466 1.570214 0.596400 -0.328923 0.732200 0.380637 0.518210 1 6 1.000000
  6 1.283378 81.218102 1.316745 0.880071 -0.289424 0.376441 0.369434 0.535418 1 6 1.000000
hwn2024_triboniophorus
  6 1.104343 81.297562 1.620903 0.612885 -0.158511 0.774110 0.370750 0.513863 1 6 1.000000
  6 1.283378 81.218102 1.316745 0.880071 -0.289424 0.376441 0.369434 0.535418 1 6 1.000000
  6 1.305723 81.382919 1.393483 0.870871 -0.061836 0.487607 0.359682 0.527081 1 6 1.000000
hwn2024_triboniophorus
  6 1.305723 81.382919 1.393483 0.870871 -0.061836 0.487607 0.359682 0.527081 1 6 1.000000
  6 1.283378 81.218102 1.316745 0.880071 -0.289424 0.376441 0.369434 0.535418 1 6 1.000000
  6 1.413599 81.402290 0.994995 0.955629 -0.237359 0.174455 0.351758 0.552124 1 6 1.000000
hwn2024_triboniophorus
  6 1.305723 81.382919 1.393483 0.870871 -0.061836 0.487607 0.359682 0.527081 1 6 1.000000
  6 1.413599 81.402290 0.994995 0.955629 -0.237359 0.174455 0.351758 0.552124 1 6 1.000000
  6 1.438790 81.594643 1.117290 0.930795 -0.013342 0.365299 0.341330 0.539526 1 6 1.000000
hwn2024_triboniophorus
  6 1.413599 81.402290 0.994995 0.955629 -0.237359 0.174455 0.351758 0.552124 1 6 1.000000
  6 1.533822 81.857498 0.844297 0.937518 -0.084007 0.337643 0.320649 0.555103 1 6 1.000000
  6 1.438790 81.594643 1.117290 0.930795 -0.013342 0.365299 0.341330 0.539526 1 6 1.000000
hwn2024_triboniophorus
  6 1.394725 82.066284 1.009319 0.661808 0.239011 0.710552 0.307923 0.534062 1 6 1.000000
  6 1.438790 81.594643 1.117290 0.930795 -0.013342 0.365299 0.341330 0.539526 1 6 1.000000
  6 1.533822 81.857498 0.844297 0.937518 -0.084007 0.337643 0.320649 0.555103 1 6 1.000000
hwn2024_triboniophorus
  6 1.477431 82.429779 0.888205 0.634301 -0.047174 0.771645 0.276821 0.547140 2 6 0.866418 7 0.133582
  6 1.394725 82.066284 1.009319 0.661808 0.239011 0.710552 0.307923 0.534062 1 6 1.000000
  6 1.533822 81.857498 0.844297 0.937518 -0.084007 0.337643 0.320649 0.555103 1 6 1.000000
hwn2024_triboniophorus
  6 1.022823 82.249107 1.098437 0.206927 0.470547 0.857768 0.295893 0.500279 2 6 0.896472 7 0.103528
  6 1.394725 82.066284 1.009319 0.661808 0.239011 0.710552 0.307923 0.534062 1 6 1.000000
  6 1.477431 82.429779 0.888205 0.634301 -0.047174 0.771645 0.276821 0.547140 2 6 0.866418 7 0.133582
hwn2024_triboniophorus
  6 1.022823 82.249107 1.098437 0.206927 0.470547 0.857768 0.295893 0.500279 2 6 0.896472 7 0.103528
  6 1.294976 81.790909 1.238029 0.634099 0.389907 0.667751 0.333033 0.522954 1 6 1.000000
  6 1.394725 82.066284 1.009319 0.661808 0.239011 0.710552 0.307923 0.534062 1 6 1.000000
hwn2024_triboniophorus
  6 1.022823 82.249107 1.098437 0.206927 0.470547 0.857768 0.295893 0.500279 2 6 0.896472 7 0.103528
  6 0.994269 81.939743 1.316298 0.269730 0.596687 0.755784 0.328696 0.500279 1 6 1.000000
  6 1.294976 81.790909 1.238029 0.634099 0.389907 0.667751 0.333033 0.522954 1 6 1.000000
hwn2024_triboniophorus
  6 0.994269 81.939743 1.316298 0.269730 0.596687 0.755784 0.328696 0.500279 1 6 1.000000
  6 1.196807 81.572327 1.477276 0.634099 0.389907 0.667751 0.352931 0.515144 1 6 1.000000
  6 1.294976 81.790909 1.238029 0.634099 0.389907 0.667751 0.333033 0.522954 1 6 1.000000
hwn2024_triboniophorus
  6 0.994269 81.939743 1.316298 0.269730 0.596687 0.755784 0.328696 0.500279 1 6 1.000000
  6 0.955596 81.701935 1.540380 0.296718 0.619790 0.726511 0.352580 0.500279 1 6 1.000000
  6 1.196807 81.572327 1.477276 0.634099 0.389907 0.667751 0.352931 0.515144 1 6 1.000000
hwn2024_triboniophorus
  6 0.955596 81.701935 1.540380 0.296718 0.619790 0.726511 0.352580 0.500279 1 6 1.000000
  6 1.090384 81.450638 1.630513 0.555950 0.236482 0.796866 0.363426 0.509966 1 6 1.000000
  6 1.196807 81.572327 1.477276 0.634099 0.389907 0.667751 0.352931 0.515144 1 6 1.000000
hwn2024_triboniophorus
  6 1.394725 82.066284 1.009319 0.661808 0.239011 0.710552 0.307923 0.534062 1 6 1.000000
  6 1.294976 81.790909 1.238029 0.634099 0.389907 0.667751 0.333033 0.522954 1 6 1.000000
  6 1.438790 81.594643 1.117290 0.930795 -0.013342 0.365299 0.341330 0.539526 1 6 1.000000
hwn2024_triboniophorus
  6 1.294976 81.790909 1.238029 0.634099 0.389907 0.667751 0.333033 0.522954 1 6 1.000000
  6 1.305723 81.382919 1.393483 0.870871 -0.061836 0.487607 0.359682 0.527081 1 6 1.000000
  6 1.438790 81.594643 1.117290 0.930795 -0.013342 0.365299 0.341330 0.539526 1 6 1.000000
hwn2024_triboniophorus
  6 1.294976 81.790909 1.238029 0.634099 0.389907 0.667751 0.333033 0.522954 1 6 1.000000
  6 1.196807 81.572327 1.477276 0.634099 0.389907 0.667751 0.352931 0.515144 1 6 1.000000
  6 1.305723 81.382919 1.393483 0.870871 -0.061836 0.487607 0.359682 0.527081 1 6 1.000000
hwn2024_triboniophorus
  6 1.090384 81.450638 1.630513 0.555950 0.236482 0.796866 0.363426 0.509966 1 6 1.000000
  6 1.305723 81.382919 1.393483 0.870871 -0.061836 0.487607 0.359682 0.527081 1 6 1.000000
  6 1.196807 81.572327 1.477276 0.634099 0.389907 0.667751 0.352931 0.515144 1 6 1.000000
hwn2024_triboniophorus
  6 1.090384 81.450638 1.630513 0.555950 0.236482 0.796866 0.363426 0.509966 1 6 1.000000
  6 1.104343 81.297562 1.620903 0.612885 -0.158511 0.774110 0.370750 0.513863 1 6 1.000000
  6 1.305723 81.382919 1.393483 0.870871 -0.061836 0.487607 0.359682 0.527081 1 6 1.000000
hwn2024_triboniophorus
  6 1.090384 81.450638 1.630513 0.555950 0.236482 0.796866 0.363426 0.509966 1 6 1.000000
  6 0.861472 81.341103 1.728590 0.096954 -0.078501 0.992188 0.373725 0.500279 1 6 1.000000
  6 1.104343 81.297562 1.620903 0.612885 -0.158511 0.774110 0.370750 0.513863 1 6 1.000000
hwn2024_triboniophorus
  6 1.854073 82.624947 0.730550 0.569261 -0.449076 0.688674 0.252763 0.580992 2 6 0.788935 7 0.211065
  6 1.680393 82.121986 0.580519 0.721620 -0.365551 0.587908 0.299439 0.578789 2 6 0.940785 7 0.059215
  6 1.984100 82.048988 0.276246 0.482199 -0.339223 0.807720 0.301821 0.615651 1 6 1.000000
hwn2024_triboniophorus
  6 1.854073 82.624947 0.730550 0.569261 -0.449076 0.688674 0.252763 0.580992 2 6 0.788935 7 0.211065
  6 1.477431 82.429779 0.888205 0.634301 -0.047174 0.771645 0.276821 0.547140 2 6 0.866418 7 0.133582
  6 1.680393 82.121986 0.580519 0.721620 -0.365551 0.587908 0.299439 0.578789 2 6 0.940785 7 0.059215
hwn2024_triboniophorus
  6 1.477431 82.429779 0.888205 0.634301 -0.047174 0.771645 0.276821 0.547140 2 6 0.866418 7 0.133582
  6 1.533822 81.857498 0.844297 0.937518 -0.084007 0.337643 0.320649 0.555103 1 6 1.000000
  6 1.680393 82.121986 0.580519 0.721620 -0.365551 0.587908 0.299439 0.578789 2 6 0.940785 7 0.059215
hwn2024_triboniophorus
  6 1.477431 82.429779 0.888205 0.486634 -0.495358 0.719589 0.276821 0.547140 2 6 0.866418 7 0.133582
  6 1.854073 82.624947 0.730550 0.569261 -0.449076 0.688674 0.252763 0.580992 2 6 0.788935 7 0.211065
  6 1.774632 82.779984 0.930174 0.543840 -0.285256 0.789219 0.238157 0.563062 2 6 0.632655 7 0.367345
hwn2024_triboniophorus
  6 2.410398 81.831108 0.029093 0.682098 0.131088 0.719415 0.315605 0.661234 1 6 1.000000
  6 2.406229 81.338341 0.141616 0.310568 0.057368 0.948818 0.350161 0.651387 1 6 1.000000
  6 2.595458 81.456642 -0.016977 0.677390 0.277498 0.681276 0.343409 0.669224 1 6 1.000000
hwn2024_triboniophorus
  6 2.410398 81.831108 0.029093 0.682098 0.131088 0.719415 0.315605 0.661234 1 6 1.000000
  6 2.172842 81.677223 0.176001 0.256706 -0.028842 0.966059 0.327270 0.636375 1 6 1.000000
  6 2.406229 81.338341 0.141616 0.310568 0.057368 0.948818 0.350161 0.651387 1 6 1.000000
hwn2024_triboniophorus
  6 2.306726 82.217400 0.107337 0.734142 -0.151628 0.661849 0.284123 0.651069 1 6 1.000000
  6 2.172842 81.677223 0.176001 0.256706 -0.028842 0.966059 0.327270 0.636375 1 6 1.000000
  6 2.410398 81.831108 0.029093 0.682098 0.131088 0.719415 0.315605 0.661234 1 6 1.000000
hwn2024_triboniophorus
  6 2.306726 82.217400 0.107337 0.734142 -0.151628 0.661849 0.284123 0.651069 1 6 1.000000
  6 1.984100 82.048988 0.276246 0.482199 -0.339223 0.807720 0.301821 0.615651 1 6 1.000000
  6 2.172842 81.677223 0.176001 0.256706 -0.028842 0.966059 0.327270 0.636375 1 6 1.000000
hwn2024_triboniophorus
  6 2.159824 82.606476 0.459335 0.619288 -0.417291 0.665094 0.252019 0.617732 2 6 0.823932 7 0.176068
  6 1.984100 82.048988 0.276246 0.482199 -0.339223 0.807720 0.301821 0.615651 1 6 1.000000
  6 2.306726 82.217400 0.107337 0.734142 -0.151628 0.661849 0.284123 0.651069 1 6 1.000000
hwn2024_triboniophorus
  6 1.854073 82.624947 0.730550 0.569261 -0.449076 0.688674 0.252763 0.580992 2 6 0.788935 7 0.211065
  6 1.984100 82.048988 0.276246 0.482199 -0.339223 0.807720 0.301821 0.615651 1 6 1.000000
  6 2.159824 82.606476 0.459335 0.619288 -0.417291 0.665094 0.252019 0.617732 2 6 0.823932 7 0.176068
hwn2024_triboniophorus
  6 2.014502 82.955360 0.802102 0.570046 -0.364549 0.736309 0.219636 0.584813 2 6 0.594005 7 0.405995
  6 1.854073 82.624947 0.730550 0.569261 -0.449076 0.688674 0.252763 0.580992 2 6 0.788935 7 0.211065
  6 2.159824 82.606476 0.459335 0.619288 -0.417291 0.665094 0.252019 0.617732 2 6 0.823932 7 0.176068
hwn2024_triboniophorus
  6 1.854073 82.624947 0.730550 0.569261 -0.449076 0.688674 0.252763 0.580992 2 6 0.788935 7 0.211065
  6 2.014502 82.955360 0.802102 0.570046 -0.364549 0.736309 0.219636 0.584813 2 6 0.594005 7 0.405995
  6 1.774632 82.779984 0.930174 0.543840 -0.285256 0.789219 0.238157 0.563062 2 6 0.632655 7 0.367345
hwn2024_triboniophorus
  6 1.673431 83.081863 0.990272 0.486493 -0.007015 0.873656 0.213227 0.548449 2 6 0.536208 7 0.463792
  6 1.774632 82.779984 0.930174 0.543840 -0.285256 0.789219 0.238157 0.563062 2 6 0.632655 7 0.367345
  6 2.014502 82.955360 0.802102 0.570046 -0.364549 0.736309 0.219636 0.584813 2 6 0.594005 7 0.405995
hwn2024_triboniophorus
  6 1.408062 82.918602 1.134269 0.353741 -0.045150 0.934253 0.232455 0.525224 2 6 0.541889 7 0.458111
  6 1.774632 82.779984 0.930174 0.543840 -0.285256 0.789219 0.238157 0.563062 2 6 0.632655 7 0.367345
  6 1.673431 83.081863 0.990272 0.486493 -0.007015 0.873656 0.213227 0.548449 2 6 0.536208 7 0.463792
hwn2024_triboniophorus
  6 1.408062 82.918602 1.134269 0.353741 -0.045150 0.934253 0.232455 0.525224 2 6 0.541889 7 0.458111
  6 1.673431 83.081863 0.990272 0.486493 -0.007015 0.873656 0.213227 0.548449 2 6 0.536208 7 0.463792
  6 1.366140 83.133659 1.131037 0.319601 0.140962 0.937008 0.215164 0.517958 2 6 0.511131 7 0.488869
hwn2024_triboniophorus
  6 1.112392 82.906960 1.211804 0.036372 -0.004624 0.999328 0.239024 0.500279 2 6 0.542956 7 0.457044
  6 1.408062 82.918602 1.134269 0.353741 -0.045150 0.934253 0.232455 0.525224 2 6 0.541889 7 0.458111
  6 1.366140 83.133659 1.131037 0.319601 0.140962 0.937008 0.215164 0.517958 2 6 0.511131 7 0.488869
hwn2024_triboniophorus
  6 1.112392 82.906960 1.211804 0.036372 -0.004624 0.999328 0.239024 0.500279 2 6 0.542956 7 0.457044
  6 1.366140 83.133659 1.131037 0.319601 0.140962 0.937008 0.215164 0.517958 2 6 0.511131 7 0.488869
  6 1.172581 83.184677 1.166038 0.077653 0.183418 0.979963 0.214530 0.500279 2 6 0.507168 7 0.492832
hwn2024_triboniophorus
  6 0.973780 83.221481 1.145700 -0.161238 0.248813 0.955036 0.215117 0.482627 2 6 0.511148 7 0.488852
  6 1.112392 82.906960 1.211804 0.036372 -0.004624 0.999328 0.239024 0.500279 2 6 0.542956 7 0.457044
  6 1.172581 83.184677 1.166038 0.077653 0.183418 0.979963 0.214530 0.500279 2 6 0.507168 7 0.492832
hwn2024_triboniophorus
  6 0.972401 83.373550 1.085611 -0.153928 0.314955 0.936541 0.201390 0.478745 2 6 0.506022 7 0.493978
  6 0.973780 83.221481 1.145700 -0.161238 0.248813 0.955036 0.215117 0.482627 2 6 0.511148 7 0.488852
  6 1.172581 83.184677 1.166038 0.077653 0.183418 0.979963 0.214530 0.500279 2 6 0.507168 7 0.492832
hwn2024_triboniophorus
  6 0.972401 83.373550 1.085611 -0.153928 0.314955 0.936541 0.201390 0.478745 2 6 0.506022 7 0.493978
  6 0.664427 83.307693 1.027985 -0.379623 0.186835 0.906079 0.213101 0.452219 2 6 0.536228 7 0.463772
  6 0.973780 83.221481 1.145700 -0.161238 0.248813 0.955036 0.215117 0.482627 2 6 0.511148 7 0.488852
hwn2024_triboniophorus
  6 0.844545 83.044403 1.155626 -0.269583 0.098937 0.957881 0.232355 0.475347 2 6 0.541922 7 0.458078
  6 0.973780 83.221481 1.145700 -0.161238 0.248813 0.955036 0.215117 0.482627 2 6 0.511148 7 0.488852
  6 0.664427 83.307693 1.027985 -0.379623 0.186835 0.906079 0.213101 0.452219 2 6 0.536228 7 0.463772
hwn2024_triboniophorus
  6 0.439703 83.077286 0.981257 -0.553686 -0.037521 0.831880 0.237846 0.437601 2 6 0.632685 7 0.367315
  6 0.844545 83.044403 1.155626 -0.269583 0.098937 0.957881 0.232355 0.475347 2 6 0.541922 7 0.458078
  6 0.664427 83.307693 1.027985 -0.379623 0.186835 0.906079 0.213101 0.452219 2 6 0.536228 7 0.463772
hwn2024_triboniophorus
  6 0.664427 83.307693 1.027985 -0.379623 0.186835 0.906079 0.213101 0.452219 2 6 0.536228 7 0.463772
  6 0.289583 83.341408 0.866659 -0.632290 -0.105979 0.767449 0.219361 0.416077 2 6 0.594017 7 0.405983
  6 0.439703 83.077286 0.981257 -0.553686 -0.037521 0.831880 0.237846 0.437601 2 6 0.632685 7 0.367315
hwn2024_triboniophorus
  6 0.972401 83.373550 1.085611 -0.153928 0.314955 0.936541 0.201390 0.478745 2 6 0.506022 7 0.493978
  6 1.172581 83.184677 1.166038 0.077653 0.183418 0.979963 0.214530 0.500279 2 6 0.507168 7 0.492832
  6 1.229662 83.449974 1.103725 0.092891 0.253960 0.962744 0.189661 0.500279 2 6 0.501215 7 0.498785
hwn2024_triboniophorus
  6 1.172581 83.184677 1.166038 0.077653 0.183418 0.979963 0.214530 0.500279 2 6 0.507168 7 0.492832
  6 1.427889 83.271591 1.068563 0.339609 0.204508 0.918064 0.201422 0.521851 2 6 0.506015 7 0.493985
  6 1.229662 83.449974 1.103725 0.092891 0.253960 0.962744 0.189661 0.500279 2 6 0.501215 7 0.498785
hwn2024_triboniophorus
  6 1.172581 83.184677 1.166038 0.077653 0.183418 0.979963 0.214530 0.500279 2 6 0.507168 7 0.492832
  6 1.366140 83.133659 1.131037 0.319601 0.140962 0.937008 0.215164 0.517958 2 6 0.511131 7 0.488869
  6 1.427889 83.271591 1.068563 0.339609 0.204508 0.918064 0.201422 0.521851 2 6 0.506015 7 0.493985
hwn2024_triboniophorus
  6 1.427889 83.271591 1.068563 0.339609 0.204508 0.918064 0.201422 0.521851 2 6 0.506015 7 0.493985
  6 1.366140 83.133659 1.131037 0.319601 0.140962 0.937008 0.215164 0.517958 2 6 0.511131 7 0.488869
  6 1.673431 83.081863 0.990272 0.486493 -0.007015 0.873656 0.213227 0.548449 2 6 0.536208 7 0.463792
hwn2024_triboniophorus
  6 0.439703 83.077286 0.981257 -0.553686 -0.037521 0.831880 0.237846 0.437601 2 6 0.632685 7 0.367315
  6 0.674652 82.775528 1.105177 -0.465454 -0.109725 0.878244 0.257761 0.465591 2 6 0.659651 7 0.340349
  6 0.844545 83.044403 1.155626 -0.269583 0.098937 0.957881 0.232355 0.475347 2 6 0.541922 7 0.458078
hwn2024_triboniophorus
  6 0.580852 82.617996 0.936697 -0.591041 -0.298182 0.749506 0.276578 0.453234 2 6 0.866426 7 0.133574
  6 0.674652 82.775528 1.105177 -0.465454 -0.109725 0.878244 0.257761 0.465591 2 6 0.659651 7 0.340349
  6 0.439703 83.077286 0.981257 -0.553686 -0.037521 0.831880 0.237846 0.437601 2 6 0.632685 7 0.367315
hwn2024_triboniophorus
  6 1.032943 82.540627 1.191194 -0.039418 -0.273447 0.961079 0.270419 0.500279 2 6 0.668428 7 0.331572
  6 0.674652 82.775528 1.105177 -0.465454 -0.109725 0.878244 0.257761 0.465591 2 6 0.659651 7 0.340349
  6 0.580852 82.617996 0.936697 -0.591041 -0.298182 0.749506 0.276578 0.453234 2 6 0.866426 7 0.133574
hwn2024_triboniophorus
  6 1.032943 82.540627 1.191194 -0.039418 -0.273447 0.961079 0.270419 0.500279 2 6 0.668428 7 0.331572
  6 0.580852 82.617996 0.936697 -0.591041 -0.298182 0.749506 0.276578 0.453234 2 6 0.866426 7 0.133574
  6 1.022823 82.249107 1.098437 0.019724 -0.468736 0.883118 0.295893 0.500279 2 6 0.896472 7 0.103528
hwn2024_triboniophorus
  6 1.032943 82.540627 1.191194 -0.039418 -0.273447 0.961079 0.270419 0.500279 2 6 0.668428 7 0.331572
  6 1.022823 82.249107 1.098437 0.019724 -0.468736 0.883118 0.295893 0.500279 2 6 0.896472 7 0.103528
  6 1.477431 82.429779 0.888205 0.486634 -0.495358 0.719589 0.276821 0.547140 2 6 0.866418 7 0.133582
hwn2024_triboniophorus
  6 1.032943 82.540627 1.191194 -0.039418 -0.273447 0.961079 0.270419 0.500279 2 6 0.668428 7 0.331572
  6 1.477431 82.429779 0.888205 0.486634 -0.495358 0.719589 0.276821 0.547140 2 6 0.866418 7 0.133582
  6 1.447680 82.607399 1.072195 0.441453 -0.304041 0.844203 0.257913 0.534902 2 6 0.659615 7 0.340385
hwn2024_triboniophorus
  6 1.477431 82.429779 0.888205 0.486634 -0.495358 0.719589 0.276821 0.547140 2 6 0.866418 7 0.133582
  6 1.774632 82.779984 0.930174 0.543840 -0.285256 0.789219 0.238157 0.563062 2 6 0.632655 7 0.367345
  6 1.447680 82.607399 1.072195 0.441453 -0.304041 0.844203 0.257913 0.534902 2 6 0.659615 7 0.340385
hwn2024_triboniophorus
  6 1.408062 82.918602 1.134269 0.353741 -0.045150 0.934253 0.232455 0.525224 2 6 0.541889 7 0.458111
  6 1.447680 82.607399 1.072195 0.441453 -0.304041 0.844203 0.257913 0.534902 2 6 0.659615 7 0.340385
  6 1.774632 82.779984 0.930174 0.543840 -0.285256 0.789219 0.238157 0.563062 2 6 0.632655 7 0.367345
hwn2024_triboniophorus
  6 1.112392 82.906960 1.211804 0.036372 -0.004624 0.999328 0.239024 0.500279 2 6 0.542956 7 0.457044
  6 1.447680 82.607399 1.072195 0.441453 -0.304041 0.844203 0.257913 0.534902 2 6 0.659615 7 0.340385
  6 1.408062 82.918602 1.134269 0.353741 -0.045150 0.934253 0.232455 0.525224 2 6 0.541889 7 0.458111
hwn2024_triboniophorus
  6 1.112392 82.906960 1.211804 0.036372 -0.004624 0.999328 0.239024 0.500279 2 6 0.542956 7 0.457044
  6 1.032943 82.540627 1.191194 -0.039418 -0.273447 0.961079 0.270419 0.500279 2 6 0.668428 7 0.331572
  6 1.447680 82.607399 1.072195 0.441453 -0.304041 0.844203 0.257913 0.534902 2 6 0.659615 7 0.340385
hwn2024_triboniophorus
  6 1.112392 82.906960 1.211804 0.036372 -0.004624 0.999328 0.239024 0.500279 2 6 0.542956 7 0.457044
  6 0.674652 82.775528 1.105177 -0.465454 -0.109725 0.878244 0.257761 0.465591 2 6 0.659651 7 0.340349
  6 1.032943 82.540627 1.191194 -0.039418 -0.273447 0.961079 0.270419 0.500279 2 6 0.668428 7 0.331572
hwn2024_triboniophorus
  6 1.112392 82.906960 1.211804 0.036372 -0.004624 0.999328 0.239024 0.500279 2 6 0.542956 7 0.457044
  6 0.844545 83.044403 1.155626 -0.269583 0.098937 0.957881 0.232355 0.475347 2 6 0.541922 7 0.458078
  6 0.674652 82.775528 1.105177 -0.465454 -0.109725 0.878244 0.257761 0.465591 2 6 0.659651 7 0.340349
hwn2024_triboniophorus
  6 0.973780 83.221481 1.145700 -0.161238 0.248813 0.955036 0.215117 0.482627 2 6 0.511148 7 0.488852
  6 0.844545 83.044403 1.155626 -0.269583 0.098937 0.957881 0.232355 0.475347 2 6 0.541922 7 0.458078
  6 1.112392 82.906960 1.211804 0.036372 -0.004624 0.999328 0.239024 0.500279 2 6 0.542956 7 0.457044
hwn2024_triboniophorus
  6 0.580852 82.617996 0.936697 -0.591041 -0.298182 0.749506 0.276578 0.453234 2 6 0.866426 7 0.133574
  6 0.439703 83.077286 0.981257 -0.553686 -0.037521 0.831880 0.237846 0.437601 2 6 0.632685 7 0.367315
  6 0.287956 82.970627 0.791771 -0.665914 -0.173374 0.725604 0.252208 0.419678 2 6 0.788945 7 0.211055
hwn2024_triboniophorus
  6 0.287956 82.970627 0.791771 -0.665914 -0.173374 0.725604 0.252208 0.419678 2 6 0.788945 7 0.211055
  6 0.439703 83.077286 0.981257 -0.553686 -0.037521 0.831880 0.237846 0.437601 2 6 0.632685 7 0.367315
  6 0.289583 83.341408 0.866659 -0.632290 -0.105979 0.767449 0.219361 0.416077 2 6 0.594017 7 0.405983
hwn2024_triboniophorus
  6 0.289583 83.341408 0.866659 -0.632290 -0.105979 0.767449 0.219361 0.416077 2 6 0.594017 7 0.405983
  6 -0.001110 83.095375 0.526338 -0.741053 -0.125292 0.659653 0.251246 0.383243 2 6 0.823933 7 0.176067
  6 0.287956 82.970627 0.791771 -0.665914 -0.173374 0.725604 0.252208 0.419678 2 6 0.788945 7 0.211055
hwn2024_triboniophorus
  6 0.289583 83.341408 0.866659 -0.632290 -0.105979 0.767449 0.219361 0.416077 2 6 0.594017 7 0.405983
  6 0.012058 83.442787 0.664056 -0.763230 -0.179147 0.620795 0.218201 0.384492 2 6 0.614954 7 0.385046
  6 -0.001110 83.095375 0.526338 -0.741053 -0.125292 0.659653 0.251246 0.383243 2 6 0.823933 7 0.176067
hwn2024_triboniophorus
  6 0.012058 83.442787 0.664056 -0.763230 -0.179147 0.620795 0.218201 0.384492 2 6 0.614954 7 0.385046
  6 -0.206651 83.235794 0.247602 -0.858494 -0.041079 0.511176 0.248147 0.348698 2 6 0.837000 7 0.163000
  6 -0.001110 83.095375 0.526338 -0.741053 -0.125292 0.659653 0.251246 0.383243 2 6 0.823933 7 0.176067
hwn2024_triboniophorus
  6 0.012058 83.442787 0.664056 -0.763230 -0.179147 0.620795 0.218201 0.384492 2 6 0.614954 7 0.385046
  6 -0.184549 83.624580 0.387615 -0.901512 -0.089291 0.423442 0.210749 0.351376 2 6 0.639439 7 0.360561
  6 -0.206651 83.235794 0.247602 -0.858494 -0.041079 0.511176 0.248147 0.348698 2 6 0.837000 7 0.163000
hwn2024_triboniophorus
  6 -0.184549 83.624580 0.387615 -0.901512 -0.089291 0.423442 0.210749 0.351376 2 6 0.639439 7 0.360561
  6 -0.359910 83.387451 -0.105522 -0.952489 0.087113 0.291848 0.244957 0.308913 2 6 0.833710 7 0.166290
  6 -0.206651 83.235794 0.247602 -0.858494 -0.041079 0.511176 0.248147 0.348698 2 6 0.837000 7 0.163000
hwn2024_triboniophorus
  6 -0.184549 83.624580 0.387615 -0.901512 -0.089291 0.423442 0.210749 0.351376 2 6 0.639439 7 0.360561
  6 -0.310995 83.925179 0.040919 -0.974359 -0.003216 0.224976 0.191937 0.313927 2 6 0.606547 7 0.393453
  6 -0.359910 83.387451 -0.105522 -0.952489 0.087113 0.291848 0.244957 0.308913 2 6 0.833710 7 0.166290
hwn2024_triboniophorus
  6 -0.368801 84.044167 -0.381194 -0.995781 0.078774 -0.047069 0.186892 0.274093 2 6 0.646704 7 0.353296
  6 -0.359910 83.387451 -0.105522 -0.952489 0.087113 0.291848 0.244957 0.308913 2 6 0.833710 7 0.166290
  6 -0.310995 83.925179 0.040919 -0.974359 -0.003216 0.224976 0.191937 0.313927 2 6 0.606547 7 0.393453
hwn2024_triboniophorus
  6 -0.367641 84.287247 -0.204525 -0.985747 0.162845 0.042245 0.163427 0.287655 2 6 0.529200 7 0.470800
  6 -0.368801 84.044167 -0.381194 -0.995781 0.078774 -0.047069 0.186892 0.274093 2 6 0.646704 7 0.353296
  6 -0.310995 83.925179 0.040919 -0.974359 -0.003216 0.224976 0.191937 0.313927 2 6 0.606547 7 0.393453
hwn2024_triboniophorus
  6 -0.367641 84.287247 -0.204525 -0.985747 0.162845 0.042245 0.163427 0.287655 2 6 0.529200 7 0.470800
  6 -0.293261 84.118019 -0.903454 -0.936598 0.151322 -0.316048 0.185391 0.226057 2 6 0.662272 7 0.337728
  6 -0.368801 84.044167 -0.381194 -0.995781 0.078774 -0.047069 0.186892 0.274093 2 6 0.646704 7 0.353296
hwn2024_triboniophorus
  6 -0.367641 84.287247 -0.204525 -0.985747 0.162845 0.042245 0.163427 0.287655 2 6 0.529200 7 0.470800
  6 -0.224052 84.725426 -0.817828 -0.942998 0.184622 -0.276891 0.129591 0.229083 2 6 0.532849 7 0.467151
  6 -0.293261 84.118019 -0.903454 -0.936598 0.151322 -0.316048 0.185391 0.226057 2 6 0.662272 7 0.337728
hwn2024_triboniophorus
  6 -0.224052 84.725426 -0.817828 -0.942998 0.184622 -0.276891 0.129591 0.229083 2 6 0.532849 7 0.467151
  6 0.029810 84.180565 -1.465085 -0.752209 0.167847 -0.637188 0.181380 0.168117 2 6 0.670824 7 0.329176
  6 -0.293261 84.118019 -0.903454 -0.936598 0.151322 -0.316048 0.185391 0.226057 2 6 0.662272 7 0.337728
hwn2024_triboniophorus
  6 -0.224052 84.725426 -0.817828 -0.942998 0.184622 -0.276891 0.129591 0.229083 2 6 0.532849 7 0.467151
  6 0.100452 84.786087 -1.422555 -0.752209 0.167847 -0.637188 0.126342 0.170245 2 6 0.544107 7 0.455893
  6 0.029810 84.180565 -1.465085 -0.752209 0.167847 -0.637188 0.181380 0.168117 2 6 0.670824 7 0.329176
hwn2024_triboniophorus
  6 0.100452 84.786087 -1.422555 -0.752209 0.167847 -0.637188 0.126342 0.170245 2 6 0.544107 7 0.455893
  6 0.647514 84.145309 -1.955653 -0.470911 0.125107 -0.873264 0.176440 0.097886 2 6 0.709670 7 0.290330
  6 0.029810 84.180565 -1.465085 -0.752209 0.167847 -0.637188 0.181380 0.168117 2 6 0.670824 7 0.329176
hwn2024_triboniophorus
  6 0.100452 84.786087 -1.422555 -0.752209 0.167847 -0.637188 0.126342 0.170245 2 6 0.544107 7 0.455893
  6 0.749496 84.734245 -1.958403 -0.470911 0.125107 -0.873264 0.124137 0.098655 2 6 0.554241 7 0.445759
  6 0.647514 84.145309 -1.955653 -0.470911 0.125107 -0.873264 0.176440 0.097886 2 6 0.709670 7 0.290330
hwn2024_triboniophorus
  6 0.749496 84.734245 -1.958403 -0.470911 0.125107 -0.873264 0.124137 0.098655 2 6 0.554241 7 0.445759
  6 1.247805 84.037308 -2.125513 -0.040885 0.045758 -0.998115 0.172937 0.043959 2 6 0.687970 7 0.312030
  6 0.647514 84.145309 -1.955653 -0.470911 0.125107 -0.873264 0.176440 0.097886 2 6 0.709670 7 0.290330
hwn2024_triboniophorus
  6 0.749496 84.734245 -1.958403 -0.470911 0.125107 -0.873264 0.124137 0.098655 2 6 0.554241 7 0.445759
  6 1.371511 84.619186 -2.139005 -0.040885 0.045758 -0.998115 0.123602 0.043959 2 6 0.549984 7 0.450016
  6 1.247805 84.037308 -2.125513 -0.040885 0.045758 -0.998115 0.172937 0.043959 2 6 0.687970 7 0.312030
hwn2024_triboniophorus
  6 -0.156914 85.239708 -0.091722 -0.958974 0.263495 0.104589 0.074016 0.284873 2 6 0.504965 7 0.495035
  6 -0.224052 84.725426 -0.817828 -0.942998 0.184622 -0.276891 0.129591 0.229083 2 6 0.532849 7 0.467151
  6 -0.367641 84.287247 -0.204525 -0.985747 0.162845 0.042245 0.163427 0.287655 2 6 0.529200 7 0.470800
hwn2024_triboniophorus
  6 -0.156914 85.239708 -0.091722 -0.958974 0.263495 0.104589 0.074016 0.284873 2 6 0.504965 7 0.495035
  6 -0.107195 85.354324 -0.713290 -0.919717 0.303044 -0.249570 0.074016 0.231779 2 6 0.504997 7 0.495003
  6 -0.224052 84.725426 -0.817828 -0.942998 0.184622 -0.276891 0.129591 0.229083 2 6 0.532849 7 0.467151
hwn2024_triboniophorus
  6 -0.107195 85.354324 -0.713290 -0.919717 0.303044 -0.249570 0.074016 0.231779 2 6 0.504997 7 0.495003
  6 0.100452 84.786087 -1.422555 -0.752209 0.167847 -0.637188 0.126342 0.170245 2 6 0.544107 7 0.455893
  6 -0.224052 84.725426 -0.817828 -0.942998 0.184622 -0.276891 0.129591 0.229083 2 6 0.532849 7 0.467151
hwn2024_triboniophorus
  6 -0.107195 85.354324 -0.713290 -0.919717 0.303044 -0.249570 0.074016 0.231779 2 6 0.504997 7 0.495003
  6 0.193140 85.404861 -1.352970 -0.740820 0.287763 -0.606942 0.074016 0.173043 2 6 0.506502 7 0.493498
  6 0.100452 84.786087 -1.422555 -0.752209 0.167847 -0.637188 0.126342 0.170245 2 6 0.544107 7 0.455893
hwn2024_triboniophorus
  6 0.100452 84.786087 -1.422555 -0.752209 0.167847 -0.637188 0.126342 0.170245 2 6 0.544107 7 0.455893
  6 0.193140 85.404861 -1.352970 -0.740820 0.287763 -0.606942 0.074016 0.173043 2 6 0.506502 7 0.493498
  6 0.857210 85.325104 -1.892873 -0.443992 0.251549 -0.859997 0.074016 0.102213 2 6 0.508211 7 0.491789
hwn2024_triboniophorus
  6 0.100452 84.786087 -1.422555 -0.752209 0.167847 -0.637188 0.126342 0.170245 2 6 0.544107 7 0.455893
  6 0.857210 85.325104 -1.892873 -0.443992 0.251549 -0.859997 0.074016 0.102213 2 6 0.508211 7 0.491789
  6 0.749496 84.734245 -1.958403 -0.470911 0.125107 -0.873264 0.124137 0.098655 2 6 0.554241 7 0.445759
hwn2024_triboniophorus
  6 0.749496 84.734245 -1.958403 -0.470911 0.125107 -0.873264 0.124137 0.098655 2 6 0.554241 7 0.445759
  6 1.500278 85.191483 -2.079350 -0.008694 0.192110 -0.981335 0.074016 0.043959 2 6 0.507351 7 0.492649
  6 1.371511 84.619186 -2.139005 -0.040885 0.045758 -0.998115 0.123602 0.043959 2 6 0.549984 7 0.450016
hwn2024_triboniophorus
  6 0.749496 84.734245 -1.958403 -0.470911 0.125107 -0.873264 0.124137 0.098655 2 6 0.554241 7 0.445759
  6 0.857210 85.325104 -1.892873 -0.443992 0.251549 -0.859997 0.074016 0.102213 2 6 0.508211 7 0.491789
  6 1.500278 85.191483 -2.079350 -0.008694 0.192110 -0.981335 0.074016 0.043959 2 6 0.507351 7 0.492649
hwn2024_triboniophorus
  6 0.857210 85.325104 -1.892873 -0.443992 0.251549 -0.859997 0.074016 0.102213 2 6 0.508211 7 0.491789
  6 1.537672 85.349113 -2.027015 0.030913 0.267256 -0.963130 0.060249 0.043959 2 6 0.500781 7 0.499219
  6 1.500278 85.191483 -2.079350 -0.008694 0.192110 -0.981335 0.074016 0.043959 2 6 0.507351 7 0.492649
hwn2024_triboniophorus
  6 0.857210 85.325104 -1.892873 -0.443992 0.251549 -0.859997 0.074016 0.102213 2 6 0.508211 7 0.491789
  6 0.904480 85.514267 -1.844949 -0.416869 0.334241 -0.845283 0.057042 0.102549 2 6 0.500917 7 0.499083
  6 1.537672 85.349113 -2.027015 0.030913 0.267256 -0.963130 0.060249 0.043959 2 6 0.500781 7 0.499219
hwn2024_triboniophorus
  6 0.193140 85.404861 -1.352970 -0.740820 0.287763 -0.606942 0.074016 0.173043 2 6 0.506502 7 0.493498
  6 0.904480 85.514267 -1.844949 -0.416869 0.334241 -0.845283 0.057042 0.102549 2 6 0.500917 7 0.499083
  6 0.857210 85.325104 -1.892873 -0.443992 0.251549 -0.859997 0.074016 0.102213 2 6 0.508211 7 0.491789
hwn2024_triboniophorus
  6 0.193140 85.404861 -1.352970 -0.740820 0.287763 -0.606942 0.074016 0.173043 2 6 0.506502 7 0.493498
  6 0.255632 85.603973 -1.301404 -0.717836 0.380397 -0.583104 0.056116 0.173395 2 6 0.500684 7 0.499316
  6 0.904480 85.514267 -1.844949 -0.416869 0.334241 -0.845283 0.057042 0.102549 2 6 0.500917 7 0.499083
hwn2024_triboniophorus
  6 -0.107195 85.354324 -0.713290 -0.919717 0.303044 -0.249570 0.074016 0.231779 2 6 0.504997 7 0.495003
  6 0.255632 85.603973 -1.301404 -0.717836 0.380397 -0.583104 0.056116 0.173395 2 6 0.500684 7 0.499316
  6 0.193140 85.404861 -1.352970 -0.740820 0.287763 -0.606942 0.074016 0.173043 2 6 0.506502 7 0.493498
hwn2024_triboniophorus
  6 -0.107195 85.354324 -0.713290 -0.919717 0.303044 -0.249570 0.074016 0.231779 2 6 0.504997 7 0.495003
  6 -0.024483 85.569336 -0.666025 -0.901424 0.386581 -0.194912 0.054377 0.232076 2 6 0.500532 7 0.499468
  6 0.255632 85.603973 -1.301404 -0.717836 0.380397 -0.583104 0.056116 0.173395 2 6 0.500684 7 0.499316
hwn2024_triboniophorus
  6 -0.107195 85.354324 -0.713290 -0.919717 0.303044 -0.249570 0.074016 0.231779 2 6 0.504997 7 0.495003
  6 -0.060617 85.481354 -0.073315 -0.925928 0.356675 0.124259 0.052679 0.284228 2 6 0.500539 7 0.499461
  6 -0.024483 85.569336 -0.666025 -0.901424 0.386581 -0.194912 0.054377 0.232076 2 6 0.500532 7 0.499468
hwn2024_triboniophorus
  6 -0.107195 85.354324 -0.713290 -0.919717 0.303044 -0.249570 0.074016 0.231779 2 6 0.504997 7 0.495003
  6 -0.156914 85.239708 -0.091722 -0.958974 0.263495 0.104589 0.074016 0.284873 2 6 0.504965 7 0.495035
  6 -0.060617 85.481354 -0.073315 -0.925928 0.356675 0.124259 0.052679 0.284228 2 6 0.500539 7 0.499461
hwn2024_triboniophorus
  6 -0.156914 85.239708 -0.091722 -0.958974 0.263495 0.104589 0.074016 0.284873 2 6 0.504965 7 0.495035
  6 0.062515 85.351700 0.566434 -0.854191 0.321496 0.408654 0.059761 0.341195 2 6 0.500041 7 0.499959
  6 -0.060617 85.481354 -0.073315 -0.925928 0.356675 0.124259 0.052679 0.284228 2 6 0.500539 7 0.499461
hwn2024_triboniophorus
  6 -0.156914 85.239708 -0.091722 -0.958974 0.263495 0.104589 0.074016 0.284873 2 6 0.504965 7 0.495035
  6 0.006170 85.192154 0.575081 -0.879641 0.199108 0.431958 0.074016 0.342291 2 6 0.500330 7 0.499670
  6 0.062515 85.351700 0.566434 -0.854191 0.321496 0.408654 0.059761 0.341195 2 6 0.500041 7 0.499959
hwn2024_triboniophorus
  6 0.006170 85.192154 0.575081 -0.879641 0.199108 0.431958 0.074016 0.342291 2 6 0.500330 7 0.499670
  6 0.381474 85.188217 1.043000 -0.670036 0.263612 0.693945 0.066125 0.390160 2 6 0.500000 7 0.500000
  6 0.062515 85.351700 0.566434 -0.854191 0.321496 0.408654 0.059761 0.341195 2 6 0.500041 7 0.499959
hwn2024_triboniophorus
  6 0.006170 85.192154 0.575081 -0.879641 0.199108 0.431958 0.074016 0.342291 2 6 0.500330 7 0.499670
  6 0.355011 85.099289 1.050708 -0.714555 0.077101 0.695318 0.074016 0.391135 2 6 0.500011 7 0.499989
  6 0.381474 85.188217 1.043000 -0.670036 0.263612 0.693945 0.066125 0.390160 2 6 0.500000 7 0.500000
hwn2024_triboniophorus
  6 0.355011 85.099289 1.050708 -0.714555 0.077101 0.695318 0.074016 0.391135 2 6 0.500011 7 0.499989
  6 0.666235 85.055954 1.257221 -0.379623 0.186835 0.906079 0.065735 0.420471 2 6 0.500000 7 0.500000
  6 0.381474 85.188217 1.043000 -0.670036 0.263612 0.693945 0.066125 0.390160 2 6 0.500000 7 0.500000
hwn2024_triboniophorus
  6 0.355011 85.099289 1.050708 -0.714555 0.077101 0.695318 0.074016 0.391135 2 6 0.500011 7 0.499989
  6 0.638992 84.960289 1.264912 -0.508101 -0.065467 0.858806 0.074016 0.421778 2 6 0.500000 7 0.500000
  6 0.666235 85.055954 1.257221 -0.379623 0.186835 0.906079 0.065735 0.420471 2 6 0.500000 7 0.500000
hwn2024_triboniophorus
  6 0.638992 84.960289 1.264912 -0.508101 -0.065467 0.858806 0.074016 0.421778 2 6 0.500000 7 0.500000
  6 1.015324 84.912125 1.389530 -0.177807 0.122857 0.976366 0.061787 0.453243 2 6 0.500000 7 0.500000
  6 0.666235 85.055954 1.257221 -0.379623 0.186835 0.906079 0.065735 0.420471 2 6 0.500000 7 0.500000
hwn2024_triboniophorus
  6 0.638992 84.960289 1.264912 -0.508101 -0.065467 0.858806 0.074016 0.421778 2 6 0.500000 7 0.500000
  6 0.979052 84.767303 1.400161 -0.291233 -0.138487 0.946575 0.074016 0.454930 2 6 0.500000 7 0.500000
  6 1.015324 84.912125 1.389530 -0.177807 0.122857 0.976366 0.061787 0.453243 2 6 0.500000 7 0.500000
hwn2024_triboniophorus
  6 0.610453 84.722527 1.075917 -0.592795 -0.425358 0.683860 0.096546 0.417954 2 6 0.500000 7 0.500000
  6 0.638992 84.960289 1.264912 -0.508101 -0.065467 0.858806 0.074016 0.421778 2 6 0.500000 7 0.500000
  6 0.355011 85.099289 1.050708 -0.714555 0.077101 0.695318 0.074016 0.391135 2 6 0.500011 7 0.499989
hwn2024_triboniophorus
  6 0.610453 84.722527 1.075917 -0.592795 -0.425358 0.683860 0.096546 0.417954 2 6 0.500000 7 0.500000
  6 0.979052 84.767303 1.400161 -0.291233 -0.138487 0.946575 0.074016 0.454930 2 6 0.500000 7 0.500000
  6 0.638992 84.960289 1.264912 -0.508101 -0.065467 0.858806 0.074016 0.421778 2 6 0.500000 7 0.500000
hwn2024_triboniophorus
  6 0.610453 84.722527 1.075917 -0.592795 -0.425358 0.683860 0.096546 0.417954 2 6 0.500000 7 0.500000
  6 0.930092 84.499207 1.196892 -0.412450 -0.495335 0.764544 0.103943 0.452492 2 6 0.500000 7 0.500000
  6 0.979052 84.767303 1.400161 -0.291233 -0.138487 0.946575 0.074016 0.454930 2 6 0.500000 7 0.500000
hwn2024_triboniophorus
  6 0.930092 84.499207 1.196892 -0.412450 -0.495335 0.764544 0.103943 0.452492 2 6 0.500000 7 0.500000
  6 1.498512 84.589592 1.471195 -0.013981 -0.225369 0.974173 0.074016 0.500279 2 6 0.500000 7 0.500000
  6 0.979052 84.767303 1.400161 -0.291233 -0.138487 0.946575 0.074016 0.454930 2 6 0.500000 7 0.500000
hwn2024_triboniophorus
  6 0.930092 84.499207 1.196892 -0.412450 -0.495335 0.764544 0.103943 0.452492 2 6 0.500000 7 0.500000
  6 1.429047 84.311676 1.277348 -0.100027 -0.577738 0.810070 0.105274 0.500279 2 6 0.500000 7 0.500000
  6 1.498512 84.589592 1.471195 -0.013981 -0.225369 0.974173 0.074016 0.500279 2 6 0.500000 7 0.500000
hwn2024_triboniophorus
  6 1.953236 84.270187 1.158592 0.206342 -0.643619 0.737006 0.103814 0.547477 2 6 0.500000 7 0.500000
  6 1.498512 84.589592 1.471195 -0.013981 -0.225369 0.974173 0.074016 0.500279 2 6 0.500000 7 0.500000
  6 1.429047 84.311676 1.277348 -0.100027 -0.577738 0.810070 0.105274 0.500279 2 6 0.500000 7 0.500000
hwn2024_triboniophorus
  6 0.979052 84.767303 1.400161 -0.291233 -0.138487 0.946575 0.074016 0.454930 2 6 0.500000 7 0.500000
  6 1.526875 84.717583 1.459132 0.038314 0.080226 0.996040 0.063095 0.500279 2 6 0.500000 7 0.500000
  6 1.015324 84.912125 1.389530 -0.177807 0.122857 0.976366 0.061787 0.453243 2 6 0.500000 7 0.500000
hwn2024_triboniophorus
  6 0.979052 84.767303 1.400161 -0.291233 -0.138487 0.946575 0.074016 0.454930 2 6 0.500000 7 0.500000
  6 1.498512 84.589592 1.471195 -0.013981 -0.225369 0.974173 0.074016 0.500279 2 6 0.500000 7 0.500000
  6 1.526875 84.717583 1.459132 0.038314 0.080226 0.996040 0.063095 0.500279 2 6 0.500000 7 0.500000
hwn2024_triboniophorus
  6 1.498512 84.589592 1.471195 -0.013981 -0.225369 0.974173 0.074016 0.500279 2 6 0.500000 7 0.500000
  6 2.039940 84.532135 1.365794 0.206342 -0.643619 0.737006 0.074016 0.544358 2 6 0.500000 7 0.500000
  6 1.526875 84.717583 1.459132 0.038314 0.080226 0.996040 0.063095 0.500279 2 6 0.500000 7 0.500000
hwn2024_triboniophorus
  6 1.953236 84.270187 1.158592 0.206342 -0.643619 0.737006 0.103814 0.547477 2 6 0.500000 7 0.500000
  6 2.039940 84.532135 1.365794 0.206342 -0.643619 0.737006 0.074016 0.544358 2 6 0.500000 7 0.500000
  6 1.498512 84.589592 1.471195 -0.013981 -0.225369 0.974173 0.074016 0.500279 2 6 0.500000 7 0.500000
hwn2024_triboniophorus
  6 2.376379 84.449242 1.120184 0.432624 -0.621406 0.653216 0.083469 0.579304 2 6 0.500000 7 0.500000
  6 2.039940 84.532135 1.365794 0.206342 -0.643619 0.737006 0.074016 0.544358 2 6 0.500000 7 0.500000
  6 1.953236 84.270187 1.158592 0.206342 -0.643619 0.737006 0.103814 0.547477 2 6 0.500000 7 0.500000
hwn2024_triboniophorus
  6 2.376379 84.449242 1.120184 0.432624 -0.621406 0.653216 0.083469 0.579304 2 6 0.500000 7 0.500000
  6 1.953236 84.270187 1.158592 0.206342 -0.643619 0.737006 0.103814 0.547477 2 6 0.500000 7 0.500000
  6 2.328018 84.338058 1.011616 0.362932 -0.690005 0.626237 0.095815 0.581885 2 6 0.500000 7 0.500000
hwn2024_triboniophorus
  6 2.623976 84.391853 0.879464 0.673052 -0.373731 0.638221 0.087727 0.608646 2 6 0.500022 7 0.499978
  6 2.376379 84.449242 1.120184 0.432624 -0.621406 0.653216 0.083469 0.579304 2 6 0.500000 7 0.500000
  6 2.328018 84.338058 1.011616 0.362932 -0.690005 0.626237 0.095815 0.581885 2 6 0.500000 7 0.500000
hwn2024_triboniophorus
  6 2.623976 84.391853 0.879464 0.673052 -0.373731 0.638221 0.087727 0.608646 2 6 0.500022 7 0.499978
  6 2.328018 84.338058 1.011616 0.362932 -0.690005 0.626237 0.095815 0.581885 2 6 0.500000 7 0.500000
  6 2.586811 84.333069 0.842716 0.517157 -0.628524 0.580953 0.093428 0.608817 2 6 0.500000 7 0.500000
hwn2024_triboniophorus
  6 2.820110 84.287376 0.567016 0.641248 -0.567684 0.516272 0.094185 0.640721 2 6 0.500054 7 0.499946
  6 2.623976 84.391853 0.879464 0.673052 -0.373731 0.638221 0.087727 0.608646 2 6 0.500022 7 0.499978
  6 2.586811 84.333069 0.842716 0.517157 -0.628524 0.580953 0.093428 0.608817 2 6 0.500000 7 0.500000
hwn2024_triboniophorus
  6 2.820110 84.287376 0.567016 0.641248 -0.567684 0.516272 0.094185 0.640721 2 6 0.500054 7 0.499946
  6 2.886145 84.346420 0.535389 0.847266 -0.292311 0.443503 0.087989 0.646008 2 6 0.500482 7 0.499518
  6 2.623976 84.391853 0.879464 0.673052 -0.373731 0.638221 0.087727 0.608646 2 6 0.500022 7 0.499978
hwn2024_triboniophorus
  6 3.002016 84.257599 0.191953 0.918182 -0.170698 0.357498 0.095149 0.677048 2 6 0.500757 7 0.499243
  6 2.886145 84.346420 0.535389 0.847266 -0.292311 0.443503 0.087989 0.646008 2 6 0.500482 7 0.499518
  6 2.820110 84.287376 0.567016 0.641248 -0.567684 0.516272 0.094185 0.640721 2 6 0.500054 7 0.499946
hwn2024_triboniophorus
  6 3.132812 84.375870 -0.230009 0.984009 -0.173463 0.040449 0.085286 0.716057 2 6 0.505873 7 0.494127
  6 2.886145 84.346420 0.535389 0.847266 -0.292311 0.443503 0.087989 0.646008 2 6 0.500482 7 0.499518
  6 3.002016 84.257599 0.191953 0.918182 -0.170698 0.357498 0.095149 0.677048 2 6 0.500757 7 0.499243
hwn2024_triboniophorus
  6 2.735279 83.944183 0.508476 0.844163 -0.194861 0.499418 0.124686 0.641397 2 6 0.500297 7 0.499703
  6 3.002016 84.257599 0.191953 0.918182 -0.170698 0.357498 0.095149 0.677048 2 6 0.500757 7 0.499243
  6 2.820110 84.287376 0.567016 0.796593 -0.300949 0.524280 0.094185 0.640721 2 6 0.500054 7 0.499946
hwn2024_triboniophorus
  6 2.735279 83.944183 0.508476 0.844163 -0.194861 0.499418 0.124686 0.641397 2 6 0.500297 7 0.499703
  6 2.907167 83.913048 0.112951 0.919387 -0.241976 0.310122 0.126667 0.679256 2 6 0.503770 7 0.496230
  6 3.002016 84.257599 0.191953 0.918182 -0.170698 0.357498 0.095149 0.677048 2 6 0.500757 7 0.499243
hwn2024_triboniophorus
  6 3.002016 84.257599 0.191953 0.918182 -0.170698 0.357498 0.095149 0.677048 2 6 0.500757 7 0.499243
  6 2.907167 83.913048 0.112951 0.919387 -0.241976 0.310122 0.126667 0.679256 2 6 0.503770 7 0.496230
  6 3.132812 84.375870 -0.230009 0.984009 -0.173463 0.040449 0.085286 0.716057 2 6 0.505873 7 0.494127
hwn2024_triboniophorus
  6 2.907167 83.913048 0.112951 0.919387 -0.241976 0.310122 0.126667 0.679256 2 6 0.503770 7 0.496230
  6 2.937752 83.547791 -0.327575 0.962692 -0.268955 -0.029778 0.162309 0.715012 2 6 0.529237 7 0.470763
  6 3.132812 84.375870 -0.230009 0.984009 -0.173463 0.040449 0.085286 0.716057 2 6 0.505873 7 0.494127
hwn2024_triboniophorus
  6 2.946802 84.015289 -0.936504 0.909501 -0.237044 -0.341495 0.126732 0.773487 2 6 0.533002 7 0.466998
  6 3.132812 84.375870 -0.230009 0.984009 -0.173463 0.040449 0.085286 0.716057 2 6 0.505873 7 0.494127
  6 2.937752 83.547791 -0.327575 0.962692 -0.268955 -0.029778 0.162309 0.715012 2 6 0.529237 7 0.470763
hwn2024_triboniophorus
  6 2.937752 83.547791 -0.327575 0.962692 -0.268955 -0.029778 0.162309 0.715012 2 6 0.529237 7 0.470763
  6 2.741680 83.431618 -1.010790 0.888116 -0.253711 -0.383250 0.182239 0.776847 2 6 0.662277 7 0.337723
  6 2.946802 84.015289 -0.936504 0.909501 -0.237044 -0.341495 0.126732 0.773487 2 6 0.533002 7 0.466998
hwn2024_triboniophorus
  6 2.946802 84.015289 -0.936504 0.909501 -0.237044 -0.341495 0.126732 0.773487 2 6 0.533002 7 0.466998
  6 2.741680 83.431618 -1.010790 0.888116 -0.253711 -0.383250 0.182239 0.776847 2 6 0.662277 7 0.337723
  6 2.457029 83.613571 -1.557802 0.742231 -0.147516 -0.653707 0.177935 0.834917 2 6 0.670824 7 0.329176
hwn2024_triboniophorus
  6 2.741680 83.431618 -1.010790 0.888116 -0.253711 -0.383250 0.182239 0.776847 2 6 0.662277 7 0.337723
  6 2.362646 83.018890 -1.527856 0.824881 -0.153233 -0.544143 0.233930 0.826643 2 6 0.854625 7 0.145375
  6 2.457029 83.613571 -1.557802 0.742231 -0.147516 -0.653707 0.177935 0.834917 2 6 0.670824 7 0.329176
hwn2024_triboniophorus
  6 2.457029 83.613571 -1.557802 0.742231 -0.147516 -0.653707 0.177935 0.834917 2 6 0.670824 7 0.329176
  6 2.362646 83.018890 -1.527856 0.824881 -0.153233 -0.544143 0.233930 0.826643 2 6 0.854625 7 0.145375
  6 2.072468 83.207283 -1.905786 0.604007 0.017083 -0.796796 0.226290 0.873524 2 6 0.860324 7 0.139676
hwn2024_triboniophorus
  6 2.182422 82.577438 -1.724428 0.936984 0.017555 -0.348932 0.278634 0.840255 1 6 1.000000
  6 2.072468 83.207283 -1.905786 0.604007 0.017083 -0.796796 0.226290 0.873524 2 6 0.860324 7 0.139676
  6 2.362646 83.018890 -1.527856 0.824881 -0.153233 -0.544143 0.233930 0.826643 2 6 0.854625 7 0.145375
hwn2024_triboniophorus
  6 2.182422 82.577438 -1.724428 0.936984 0.017555 -0.348932 0.278634 0.840255 1 6 1.000000
  6 1.970778 82.780190 -2.049143 0.650200 0.335295 -0.681775 0.265067 0.880625 1 6 1.000000
  6 2.072468 83.207283 -1.905786 0.604007 0.017083 -0.796796 0.226290 0.873524 2 6 0.860324 7 0.139676
hwn2024_triboniophorus
  6 2.218948 82.333992 -2.058201 0.929065 0.367000 -0.046360 0.305984 0.859636 1 6 1.000000
  6 1.970778 82.780190 -2.049143 0.650200 0.335295 -0.681775 0.265067 0.880625 1 6 1.000000
  6 2.182422 82.577438 -1.724428 0.936984 0.017555 -0.348932 0.278634 0.840255 1 6 1.000000
hwn2024_triboniophorus
  6 2.218948 82.333992 -2.058201 0.929065 0.367000 -0.046360 0.305984 0.859636 1 6 1.000000
  6 2.045210 82.516327 -2.338389 0.587618 0.705397 -0.396384 0.297142 0.887902 1 6 1.000000
  6 1.970778 82.780190 -2.049143 0.650200 0.335295 -0.681775 0.265067 0.880625 1 6 1.000000
hwn2024_triboniophorus
  6 2.313543 82.155930 -2.356434 0.874871 0.484177 0.013166 0.326601 0.873441 1 6 1.000000
  6 2.045210 82.516327 -2.338389 0.587618 0.705397 -0.396384 0.297142 0.887902 1 6 1.000000
  6 2.218948 82.333992 -2.058201 0.929065 0.367000 -0.046360 0.305984 0.859636 1 6 1.000000
hwn2024_triboniophorus
  6 2.313543 82.155930 -2.356434 0.874871 0.484177 0.013166 0.326601 0.873441 1 6 1.000000
  6 2.143765 82.309563 -2.598849 0.556524 0.767691 -0.317697 0.319738 0.894098 1 6 1.000000
  6 2.045210 82.516327 -2.338389 0.587618 0.705397 -0.396384 0.297142 0.887902 1 6 1.000000
hwn2024_triboniophorus
  6 2.402588 82.018913 -2.617110 0.874871 0.484177 0.013166 0.341516 0.884045 1 6 1.000000
  6 2.143765 82.309563 -2.598849 0.556524 0.767691 -0.317697 0.319738 0.894098 1 6 1.000000
  6 2.313543 82.155930 -2.356434 0.874871 0.484177 0.013166 0.326601 0.873441 1 6 1.000000
hwn2024_triboniophorus
  6 2.402588 82.018913 -2.617110 0.874871 0.484177 0.013166 0.341516 0.884045 1 6 1.000000
  6 2.235744 82.144379 -2.817745 0.545205 0.791149 -0.277189 0.335601 0.899223 1 6 1.000000
  6 2.143765 82.309563 -2.598849 0.556524 0.767691 -0.317697 0.319738 0.894098 1 6 1.000000
hwn2024_triboniophorus
  6 2.447025 81.952972 -2.819487 0.892587 0.401294 -0.205551 0.349514 0.892286 1 6 1.000000
  6 2.235744 82.144379 -2.817745 0.545205 0.791149 -0.277189 0.335601 0.899223 1 6 1.000000
  6 2.402588 82.018913 -2.617110 0.874871 0.484177 0.013166 0.341516 0.884045 1 6 1.000000
hwn2024_triboniophorus
  6 2.937752 83.547791 -0.327575 0.962692 -0.268955 -0.029778 0.162309 0.715012 2 6 0.529237 7 0.470763
  6 2.825844 83.326523 -0.502418 0.943202 -0.300467 -0.141741 0.185732 0.728756 2 6 0.646705 7 0.353295
  6 2.741680 83.431618 -1.010790 0.888116 -0.253711 -0.383250 0.182239 0.776847 2 6 0.662277 7 0.337723
hwn2024_triboniophorus
  6 2.937752 83.547791 -0.327575 0.962692 -0.268955 -0.029778 0.162309 0.715012 2 6 0.529237 7 0.470763
  6 2.746754 83.240273 -0.073677 0.931410 -0.310948 0.189175 0.191455 0.688630 2 6 0.606548 7 0.393452
  6 2.825844 83.326523 -0.502418 0.943202 -0.300467 -0.141741 0.185732 0.728756 2 6 0.646705 7 0.353295
hwn2024_triboniophorus
  6 2.946802 84.015289 -0.936504 0.909501 -0.237044 -0.341495 0.126732 0.773487 2 6 0.533002 7 0.466998
  6 3.093115 84.515167 -0.855811 0.925612 -0.160856 -0.342589 0.080418 0.770465 2 6 0.506742 7 0.493258
  6 3.132812 84.375870 -0.230009 0.984009 -0.173463 0.040449 0.085286 0.716057 2 6 0.505873 7 0.494127
hwn2024_triboniophorus
  6 2.638721 84.210510 -1.522789 0.708794 -0.160241 -0.686975 0.123267 0.832598 2 6 0.544117 7 0.455883
  6 3.093115 84.515167 -0.855811 0.925612 -0.160856 -0.342589 0.080418 0.770465 2 6 0.506742 7 0.493258
  6 2.946802 84.015289 -0.936504 0.909501 -0.237044 -0.341495 0.126732 0.773487 2 6 0.533002 7 0.466998
hwn2024_triboniophorus
  6 2.946802 84.015289 -0.936504 0.909501 -0.237044 -0.341495 0.126732 0.773487 2 6 0.533002 7 0.466998
  6 2.457029 83.613571 -1.557802 0.742231 -0.147516 -0.653707 0.177935 0.834917 2 6 0.670824 7 0.329176
  6 2.638721 84.210510 -1.522789 0.708794 -0.160241 -0.686975 0.123267 0.832598 2 6 0.544117 7 0.455883
hwn2024_triboniophorus
  6 2.638721 84.210510 -1.522789 0.708794 -0.160241 -0.686975 0.123267 0.832598 2 6 0.544117 7 0.455883
  6 2.457029 83.613571 -1.557802 0.742231 -0.147516 -0.653707 0.177935 0.834917 2 6 0.670824 7 0.329176
  6 1.846733 83.854965 -2.027067 0.409210 -0.064550 -0.910154 0.173205 0.905299 2 6 0.709670 7 0.290330
hwn2024_triboniophorus
  6 2.457029 83.613571 -1.557802 0.742231 -0.147516 -0.653707 0.177935 0.834917 2 6 0.670824 7 0.329176
  6 2.072468 83.207283 -1.905786 0.604007 0.017083 -0.796796 0.226290 0.873524 2 6 0.860324 7 0.139676
  6 1.846733 83.854965 -2.027067 0.409210 -0.064550 -0.910154 0.173205 0.905299 2 6 0.709670 7 0.290330
hwn2024_triboniophorus
  6 2.072468 83.207283 -1.905786 0.604007 0.017083 -0.796796 0.226290 0.873524 2 6 0.860324 7 0.139676
  6 1.597054 83.342514 -2.099002 0.185970 0.074632 -0.979717 0.221527 0.919923 2 6 0.865264 7 0.134736
  6 1.846733 83.854965 -2.027067 0.409210 -0.064550 -0.910154 0.173205 0.905299 2 6 0.709670 7 0.290330
hwn2024_triboniophorus
  6 1.970778 82.780190 -2.049143 0.650200 0.335295 -0.681775 0.265067 0.880625 1 6 1.000000
  6 1.597054 83.342514 -2.099002 0.185970 0.074632 -0.979717 0.221527 0.919923 2 6 0.865264 7 0.134736
  6 2.072468 83.207283 -1.905786 0.604007 0.017083 -0.796796 0.226290 0.873524 2 6 0.860324 7 0.139676
hwn2024_triboniophorus
  6 1.970778 82.780190 -2.049143 0.650200 0.335295 -0.681775 0.265067 0.880625 1 6 1.000000
  6 1.521392 82.873260 -2.207631 0.199539 0.426987 -0.881967 0.259477 0.924552 1 6 1.000000
  6 1.597054 83.342514 -2.099002 0.185970 0.074632 -0.979717 0.221527 0.919923 2 6 0.865264 7 0.134736
hwn2024_triboniophorus
  6 1.970778 82.780190 -2.049143 0.650200 0.335295 -0.681775 0.265067 0.880625 1 6 1.000000
  6 1.652071 82.572990 -2.478340 0.119240 0.756688 -0.642811 0.289520 0.918474 1 6 1.000000
  6 1.521392 82.873260 -2.207631 0.199539 0.426987 -0.881967 0.259477 0.924552 1 6 1.000000
hwn2024_triboniophorus
  6 1.970778 82.780190 -2.049143 0.650200 0.335295 -0.681775 0.265067 0.880625 1 6 1.000000
  6 2.045210 82.516327 -2.338389 0.587618 0.705397 -0.396384 0.297142 0.887902 1 6 1.000000
  6 1.652071 82.572990 -2.478340 0.119240 0.756688 -0.642811 0.289520 0.918474 1 6 1.000000
hwn2024_triboniophorus
  6 2.045210 82.516327 -2.338389 0.587618 0.705397 -0.396384 0.297142 0.887902 1 6 1.000000
  6 1.825855 82.361389 -2.732427 0.129500 0.812767 -0.568014 0.313869 0.915422 1 6 1.000000
  6 1.652071 82.572990 -2.478340 0.119240 0.756688 -0.642811 0.289520 0.918474 1 6 1.000000
hwn2024_triboniophorus
  6 2.045210 82.516327 -2.338389 0.587618 0.705397 -0.396384 0.297142 0.887902 1 6 1.000000
  6 2.143765 82.309563 -2.598849 0.556524 0.767691 -0.317697 0.319738 0.894098 1 6 1.000000
  6 1.825855 82.361389 -2.732427 0.129500 0.812767 -0.568014 0.313869 0.915422 1 6 1.000000
hwn2024_triboniophorus
  6 2.143765 82.309563 -2.598849 0.556524 0.767691 -0.317697 0.319738 0.894098 1 6 1.000000
  6 1.982520 82.195564 -2.951808 0.129500 0.812767 -0.568014 0.331811 0.914940 1 6 1.000000
  6 1.825855 82.361389 -2.732427 0.129500 0.812767 -0.568014 0.313869 0.915422 1 6 1.000000
hwn2024_triboniophorus
  6 2.143765 82.309563 -2.598849 0.556524 0.767691 -0.317697 0.319738 0.894098 1 6 1.000000
  6 2.235744 82.144379 -2.817745 0.545205 0.791149 -0.277189 0.335601 0.899223 1 6 1.000000
  6 1.982520 82.195564 -2.951808 0.129500 0.812767 -0.568014 0.331811 0.914940 1 6 1.000000
hwn2024_triboniophorus
  6 2.235744 82.144379 -2.817745 0.545205 0.791149 -0.277189 0.335601 0.899223 1 6 1.000000
  6 2.124948 82.086647 -3.076782 0.269651 0.658124 -0.702966 0.342850 0.912965 1 6 1.000000
  6 1.982520 82.195564 -2.951808 0.129500 0.812767 -0.568014 0.331811 0.914940 1 6 1.000000
hwn2024_triboniophorus
  6 2.235744 82.144379 -2.817745 0.545205 0.791149 -0.277189 0.335601 0.899223 1 6 1.000000
  6 2.316875 82.017975 -2.987759 0.645873 0.561995 -0.516729 0.347000 0.902942 1 6 1.000000
  6 2.124948 82.086647 -3.076782 0.269651 0.658124 -0.702966 0.342850 0.912965 1 6 1.000000
hwn2024_triboniophorus
  6 2.638721 84.210510 -1.522789 0.708794 -0.160241 -0.686975 0.123267 0.832598 2 6 0.544117 7 0.455883
  6 2.810783 84.752533 -1.476181 0.765422 -0.136065 -0.628979 0.075929 0.830635 2 6 0.506658 7 0.493342
  6 3.093115 84.515167 -0.855811 0.925612 -0.160856 -0.342589 0.080418 0.770465 2 6 0.506742 7 0.493258
hwn2024_triboniophorus
  6 1.500278 85.191483 -2.079350 -0.008694 0.192110 -0.981335 0.074016 0.957790 2 6 0.507351 7 0.492649
  6 1.537672 85.349113 -2.027015 0.030913 0.267256 -0.963130 0.060175 0.957790 2 6 0.500781 7 0.499219
  6 2.168091 85.101898 -1.935058 0.441588 0.181090 -0.878753 0.066262 0.902377 2 6 0.501514 7 0.498486
hwn2024_triboniophorus
  6 1.500278 85.191483 -2.079350 -0.008694 0.192110 -0.981335 0.074016 0.957790 2 6 0.507351 7 0.492649
  6 2.168091 85.101898 -1.935058 0.441588 0.181090 -0.878753 0.066262 0.902377 2 6 0.501514 7 0.498486
  6 2.147039 85.010567 -1.963098 0.432766 0.062268 -0.899353 0.074016 0.902556 2 6 0.508236 7 0.491764
hwn2024_triboniophorus
  6 2.810783 84.752533 -1.476181 0.765422 -0.136065 -0.628979 0.075929 0.830635 2 6 0.506658 7 0.493342
  6 2.147039 85.010567 -1.963098 0.432766 0.062268 -0.899353 0.074016 0.902556 2 6 0.508236 7 0.491764
  6 2.168091 85.101898 -1.935058 0.441588 0.181090 -0.878753 0.066262 0.902377 2 6 0.501514 7 0.498486
hwn2024_triboniophorus
  6 2.638721 84.210510 -1.522789 0.708794 -0.160241 -0.686975 0.123267 0.832598 2 6 0.544117 7 0.455883
  6 2.147039 85.010567 -1.963098 0.432766 0.062268 -0.899353 0.074016 0.902556 2 6 0.508236 7 0.491764
  6 2.810783 84.752533 -1.476181 0.765422 -0.136065 -0.628979 0.075929 0.830635 2 6 0.506658 7 0.493342
hwn2024_triboniophorus
  6 2.638721 84.210510 -1.522789 0.708794 -0.160241 -0.686975 0.123267 0.832598 2 6 0.544117 7 0.455883
  6 1.992725 84.449791 -2.012560 0.409210 -0.064550 -0.910154 0.121753 0.904390 2 6 0.554241 7 0.445759
  6 2.147039 85.010567 -1.963098 0.432766 0.062268 -0.899353 0.074016 0.902556 2 6 0.508236 7 0.491764
hwn2024_triboniophorus
  6 2.638721 84.210510 -1.522789 0.708794 -0.160241 -0.686975 0.123267 0.832598 2 6 0.544117 7 0.455883
  6 1.846733 83.854965 -2.027067 0.409210 -0.064550 -0.910154 0.173205 0.905299 2 6 0.709670 7 0.290330
  6 1.992725 84.449791 -2.012560 0.409210 -0.064550 -0.910154 0.121753 0.904390 2 6 0.554241 7 0.445759
hwn2024_triboniophorus
  6 1.992725 84.449791 -2.012560 0.409210 -0.064550 -0.910154 0.121753 0.904390 2 6 0.554241 7 0.445759
  6 1.846733 83.854965 -2.027067 0.409210 -0.064550 -0.910154 0.173205 0.905299 2 6 0.709670 7 0.290330
  6 1.247805 84.037308 -2.125513 -0.040885 0.045758 -0.998115 0.170517 0.957790 2 6 0.687970 7 0.312030
hwn2024_triboniophorus
  6 1.597054 83.342514 -2.099002 0.185970 0.074632 -0.979717 0.221527 0.919923 2 6 0.865264 7 0.134736
  6 1.247805 84.037308 -2.125513 -0.040885 0.045758 -0.998115 0.170517 0.957790 2 6 0.687970 7 0.312030
  6 1.846733 83.854965 -2.027067 0.409210 -0.064550 -0.910154 0.173205 0.905299 2 6 0.709670 7 0.290330
hwn2024_triboniophorus
  6 1.597054 83.342514 -2.099002 0.185970 0.074632 -0.979717 0.221527 0.919923 2 6 0.865264 7 0.134736
  6 1.098572 83.353729 -2.122384 -0.003702 0.126984 -0.991898 0.225238 0.957790 2 6 0.882794 7 0.117206
  6 1.247805 84.037308 -2.125513 -0.040885 0.045758 -0.998115 0.170517 0.957790 2 6 0.687970 7 0.312030
hwn2024_triboniophorus
  6 1.521392 82.873260 -2.207631 0.199539 0.426987 -0.881967 0.259477 0.924552 1 6 1.000000
  6 1.098572 83.353729 -2.122384 -0.003702 0.126984 -0.991898 0.225238 0.957790 2 6 0.882794 7 0.117206
  6 1.597054 83.342514 -2.099002 0.185970 0.074632 -0.979717 0.221527 0.919923 2 6 0.865264 7 0.134736
hwn2024_triboniophorus
  6 1.992725 84.449791 -2.012560 0.409210 -0.064550 -0.910154 0.121753 0.904390 2 6 0.554241 7 0.445759
  6 1.500278 85.191483 -2.079350 -0.008694 0.192110 -0.981335 0.074016 0.957790 2 6 0.507351 7 0.492649
  6 2.147039 85.010567 -1.963098 0.432766 0.062268 -0.899353 0.074016 0.902556 2 6 0.508236 7 0.491764
hwn2024_triboniophorus
  6 1.992725 84.449791 -2.012560 0.409210 -0.064550 -0.910154 0.121753 0.904390 2 6 0.554241 7 0.445759
  6 1.371511 84.619186 -2.139005 -0.040885 0.045758 -0.998115 0.122478 0.957790 2 6 0.549984 7 0.450016
  6 1.500278 85.191483 -2.079350 -0.008694 0.192110 -0.981335 0.074016 0.957790 2 6 0.507351 7 0.492649
hwn2024_triboniophorus
  6 1.992725 84.449791 -2.012560 0.409210 -0.064550 -0.910154 0.121753 0.904390 2 6 0.554241 7 0.445759
  6 1.247805 84.037308 -2.125513 -0.040885 0.045758 -0.998115 0.170517 0.957790 2 6 0.687970 7 0.312030
  6 1.371511 84.619186 -2.139005 -0.040885 0.045758 -0.998115 0.122478 0.957790 2 6 0.549984 7 0.450016
hwn2024_triboniophorus
  6 2.447025 81.952972 -2.819487 0.892587 0.401294 -0.205551 0.349514 0.892286 1 6 1.000000
  6 2.316875 82.017975 -2.987759 0.645873 0.561995 -0.516729 0.347000 0.902942 1 6 1.000000
  6 2.235744 82.144379 -2.817745 0.545205 0.791149 -0.277189 0.335601 0.899223 1 6 1.000000
hwn2024_triboniophorus
  6 2.447025 81.952972 -2.819487 0.892587 0.401294 -0.205551 0.349514 0.892286 1 6 1.000000
  6 2.308690 81.868019 -3.054632 0.606588 -0.066375 -0.792241 0.355964 0.905881 1 6 1.000000
  6 2.316875 82.017975 -2.987759 0.645873 0.561995 -0.516729 0.347000 0.902942 1 6 1.000000
hwn2024_triboniophorus
  6 2.308690 81.868019 -3.054632 0.606588 -0.066375 -0.792241 0.355964 0.905881 1 6 1.000000
  6 2.124948 82.086647 -3.076782 0.269651 0.658124 -0.702966 0.342850 0.912965 1 6 1.000000
  6 2.316875 82.017975 -2.987759 0.645873 0.561995 -0.516729 0.347000 0.902942 1 6 1.000000
hwn2024_triboniophorus
  6 2.308690 81.868019 -3.054632 0.606588 -0.066375 -0.792241 0.355964 0.905881 1 6 1.000000
  6 2.039212 81.994156 -3.135715 0.030913 0.267256 -0.963130 0.347478 0.919747 1 6 1.000000
  6 2.124948 82.086647 -3.076782 0.269651 0.658124 -0.702966 0.342850 0.912965 1 6 1.000000
hwn2024_triboniophorus
  6 2.039212 81.994156 -3.135715 0.030913 0.267256 -0.963130 0.347478 0.919747 1 6 1.000000
  6 1.982520 82.195564 -2.951808 0.129500 0.812767 -0.568014 0.331811 0.914940 1 6 1.000000
  6 2.124948 82.086647 -3.076782 0.269651 0.658124 -0.702966 0.342850 0.912965 1 6 1.000000
hwn2024_triboniophorus
  6 2.039212 81.994156 -3.135715 0.030913 0.267256 -0.963130 0.347478 0.919747 1 6 1.000000
  6 1.775688 82.133217 -3.002842 -0.296857 0.530298 -0.794141 0.332642 0.928594 1 6 1.000000
  6 1.982520 82.195564 -2.951808 0.129500 0.812767 -0.568014 0.331811 0.914940 1 6 1.000000
hwn2024_triboniophorus
  6 1.775688 82.133217 -3.002842 -0.296857 0.530298 -0.794141 0.332642 0.928594 1 6 1.000000
  6 1.825855 82.361389 -2.732427 0.129500 0.812767 -0.568014 0.313869 0.915422 1 6 1.000000
  6 1.982520 82.195564 -2.951808 0.129500 0.812767 -0.568014 0.331811 0.914940 1 6 1.000000
hwn2024_triboniophorus
  6 1.775688 82.133217 -3.002842 -0.296857 0.530298 -0.794141 0.332642 0.928594 1 6 1.000000
  6 1.561353 82.323067 -2.765941 -0.366139 0.577543 -0.729648 0.312126 0.935301 1 6 1.000000
  6 1.825855 82.361389 -2.732427 0.129500 0.812767 -0.568014 0.313869 0.915422 1 6 1.000000
hwn2024_triboniophorus
  6 1.561353 82.323067 -2.765941 -0.366139 0.577543 -0.729648 0.312126 0.935301 1 6 1.000000
  6 1.652071 82.572990 -2.478340 0.119240 0.756688 -0.642811 0.289520 0.918474 1 6 1.000000
  6 1.825855 82.361389 -2.732427 0.129500 0.812767 -0.568014 0.313869 0.915422 1 6 1.000000
hwn2024_triboniophorus
  6 1.561353 82.323067 -2.765941 -0.366139 0.577543 -0.729648 0.312126 0.935301 1 6 1.000000
  6 1.343641 82.534988 -2.472746 -0.412557 0.511999 -0.753428 0.288711 0.945240 1 6 1.000000
  6 1.652071 82.572990 -2.478340 0.119240 0.756688 -0.642811 0.289520 0.918474 1 6 1.000000
hwn2024_triboniophorus
  6 1.521392 82.873260 -2.207631 0.199539 0.426987 -0.881967 0.259477 0.924552 1 6 1.000000
  6 1.652071 82.572990 -2.478340 0.119240 0.756688 -0.642811 0.289520 0.918474 1 6 1.000000
  6 1.343641 82.534988 -2.472746 -0.412557 0.511999 -0.753428 0.288711 0.945240 1 6 1.000000
hwn2024_triboniophorus
  6 1.521392 82.873260 -2.207631 0.199539 0.426987 -0.881967 0.259477 0.924552 1 6 1.000000
  6 1.343641 82.534988 -2.472746 -0.412557 0.511999 -0.753428 0.288711 0.945240 1 6 1.000000
  6 1.152596 82.794937 -2.210999 -0.142548 0.256358 -0.956013 0.265897 0.957586 1 6 1.000000
hwn2024_triboniophorus
  6 1.521392 82.873260 -2.207631 0.199539 0.426987 -0.881967 0.259477 0.924552 1 6 1.000000
  6 1.152596 82.794937 -2.210999 -0.142548 0.256358 -0.956013 0.265897 0.957586 1 6 1.000000
  6 1.098572 83.353729 -2.122384 -0.003702 0.126984 -0.991898 0.225238 0.957790 2 6 0.882794 7 0.117206
hwn2024_triboniophorus
  6 0.830063 82.902260 -2.196109 0.272614 0.182310 -0.944693 0.257817 0.974224 1 6 1.000000
  6 1.098572 83.353729 -2.122384 -0.003702 0.126984 -0.991898 0.225238 0.957790 2 6 0.882794 7 0.117206
  6 1.152596 82.794937 -2.210999 -0.142548 0.256358 -0.956013 0.265897 0.957586 1 6 1.000000
hwn2024_triboniophorus
  6 0.789516 82.526527 -2.145323 0.307612 -0.132880 -0.942188 0.272719 0.984294 1 6 1.000000
  6 0.830063 82.902260 -2.196109 0.272614 0.182310 -0.944693 0.257817 0.974224 1 6 1.000000
  6 1.152596 82.794937 -2.210999 -0.142548 0.256358 -0.956013 0.265897 0.957586 1 6 1.000000
hwn2024_triboniophorus
  6 0.789516 82.526527 -2.145323 0.307612 -0.132880 -0.942188 0.272719 0.984294 1 6 1.000000
  6 1.152596 82.794937 -2.210999 -0.142548 0.256358 -0.956013 0.265897 0.957586 1 6 1.000000
  6 1.025217 82.431313 -2.161880 -0.467391 0.072475 -0.881075 0.282001 0.975588 1 6 1.000000
hwn2024_triboniophorus
  6 1.238406 82.349564 -2.430837 -0.690521 0.239491 -0.682513 0.295820 0.962381 1 6 1.000000
  6 1.025217 82.431313 -2.161880 -0.467391 0.072475 -0.881075 0.282001 0.975588 1 6 1.000000
  6 1.152596 82.794937 -2.210999 -0.142548 0.256358 -0.956013 0.265897 0.957586 1 6 1.000000
hwn2024_triboniophorus
  6 1.238406 82.349564 -2.430837 -0.690521 0.239491 -0.682513 0.295820 0.962381 1 6 1.000000
  6 1.152596 82.794937 -2.210999 -0.142548 0.256358 -0.956013 0.265897 0.957586 1 6 1.000000
  6 1.343641 82.534988 -2.472746 -0.412557 0.511999 -0.753428 0.288711 0.945240 1 6 1.000000
hwn2024_triboniophorus
  6 1.456460 82.175919 -2.736058 -0.632578 0.306318 -0.711347 0.316856 0.950280 1 6 1.000000
  6 1.238406 82.349564 -2.430837 -0.690521 0.239491 -0.682513 0.295820 0.962381 1 6 1.000000
  6 1.343641 82.534988 -2.472746 -0.412557 0.511999 -0.753428 0.288711 0.945240 1 6 1.000000
hwn2024_triboniophorus
  6 1.456460 82.175919 -2.736058 -0.632578 0.306318 -0.711347 0.316856 0.950280 1 6 1.000000
  6 1.343641 82.534988 -2.472746 -0.412557 0.511999 -0.753428 0.288711 0.945240 1 6 1.000000
  6 1.561353 82.323067 -2.765941 -0.366139 0.577543 -0.729648 0.312126 0.935301 1 6 1.000000
hwn2024_triboniophorus
  6 1.674792 82.004807 -2.999224 -0.463153 0.317395 -0.827496 0.337940 0.940301 1 6 1.000000
  6 1.456460 82.175919 -2.736058 -0.632578 0.306318 -0.711347 0.316856 0.950280 1 6 1.000000
  6 1.561353 82.323067 -2.765941 -0.366139 0.577543 -0.729648 0.312126 0.935301 1 6 1.000000
hwn2024_triboniophorus
  6 1.674792 82.004807 -2.999224 -0.463153 0.317395 -0.827496 0.337940 0.940301 1 6 1.000000
  6 1.561353 82.323067 -2.765941 -0.366139 0.577543 -0.729648 0.312126 0.935301 1 6 1.000000
  6 1.775688 82.133217 -3.002842 -0.296857 0.530298 -0.794141 0.332642 0.928594 1 6 1.000000
hwn2024_triboniophorus
  6 1.943577 81.856453 -3.142917 -0.064980 0.078342 -0.994807 0.354893 0.928144 1 6 1.000000
  6 1.674792 82.004807 -2.999224 -0.463153 0.317395 -0.827496 0.337940 0.940301 1 6 1.000000
  6 1.775688 82.133217 -3.002842 -0.296857 0.530298 -0.794141 0.332642 0.928594 1 6 1.000000
hwn2024_triboniophorus
  6 1.943577 81.856453 -3.142917 -0.064980 0.078342 -0.994807 0.354893 0.928144 1 6 1.000000
  6 1.775688 82.133217 -3.002842 -0.296857 0.530298 -0.794141 0.332642 0.928594 1 6 1.000000
  6 2.039212 81.994156 -3.135715 0.030913 0.267256 -0.963130 0.347478 0.919747 1 6 1.000000
hwn2024_triboniophorus
  6 2.233675 81.704536 -3.045594 0.528701 -0.269160 -0.805002 0.367011 0.909569 1 6 1.000000
  6 1.943577 81.856453 -3.142917 -0.064980 0.078342 -0.994807 0.354893 0.928144 1 6 1.000000
  6 2.039212 81.994156 -3.135715 0.030913 0.267256 -0.963130 0.347478 0.919747 1 6 1.000000
hwn2024_triboniophorus
  6 2.233675 81.704536 -3.045594 0.528701 -0.269160 -0.805002 0.367011 0.909569 1 6 1.000000
  6 2.039212 81.994156 -3.135715 0.030913 0.267256 -0.963130 0.347478 0.919747 1 6 1.000000
  6 2.308690 81.868019 -3.054632 0.606588 -0.066375 -0.792241 0.355964 0.905881 1 6 1.000000
hwn2024_triboniophorus
  6 2.466830 81.817375 -2.795136 0.970249 -0.116737 -0.212106 0.357421 0.889508 1 6 1.000000
  6 2.233675 81.704536 -3.045594 0.528701 -0.269160 -0.805002 0.367011 0.909569 1 6 1.000000
  6 2.308690 81.868019 -3.054632 0.606588 -0.066375 -0.792241 0.355964 0.905881 1 6 1.000000
hwn2024_triboniophorus
  6 2.447025 81.952972 -2.819487 0.892587 0.401294 -0.205551 0.349514 0.892286 1 6 1.000000
  6 2.466830 81.817375 -2.795136 0.970249 -0.116737 -0.212106 0.357421 0.889508 1 6 1.000000
  6 2.308690 81.868019 -3.054632 0.606588 -0.066375 -0.792241 0.355964 0.905881 1 6 1.000000
hwn2024_triboniophorus
  6 2.402588 82.018913 -2.617110 0.874871 0.484177 0.013166 0.341516 0.884045 1 6 1.000000
  6 2.466830 81.817375 -2.795136 0.970249 -0.116737 -0.212106 0.357421 0.889508 1 6 1.000000
  6 2.447025 81.952972 -2.819487 0.892587 0.401294 -0.205551 0.349514 0.892286 1 6 1.000000
hwn2024_triboniophorus
  6 2.402588 82.018913 -2.617110 0.874871 0.484177 0.013166 0.341516 0.884045 1 6 1.000000
  6 2.439241 81.854668 -2.475111 0.975957 0.013045 0.217573 0.350374 0.873174 1 6 1.000000
  6 2.466830 81.817375 -2.795136 0.970249 -0.116737 -0.212106 0.357421 0.889508 1 6 1.000000
hwn2024_triboniophorus
  6 2.313543 82.155930 -2.356434 0.874871 0.484177 0.013166 0.326601 0.873441 1 6 1.000000
  6 2.439241 81.854668 -2.475111 0.975957 0.013045 0.217573 0.350374 0.873174 1 6 1.000000
  6 2.402588 82.018913 -2.617110 0.874871 0.484177 0.013166 0.341516 0.884045 1 6 1.000000
hwn2024_triboniophorus
  6 2.313543 82.155930 -2.356434 0.874871 0.484177 0.013166 0.326601 0.873441 1 6 1.000000
  6 2.339625 81.989182 -2.164439 0.955965 0.049602 0.289257 0.336571 0.856015 1 6 1.000000
  6 2.439241 81.854668 -2.475111 0.975957 0.013045 0.217573 0.350374 0.873174 1 6 1.000000
hwn2024_triboniophorus
  6 2.218948 82.333992 -2.058201 0.929065 0.367000 -0.046360 0.305984 0.859636 1 6 1.000000
  6 2.339625 81.989182 -2.164439 0.955965 0.049602 0.289257 0.336571 0.856015 1 6 1.000000
  6 2.313543 82.155930 -2.356434 0.874871 0.484177 0.013166 0.326601 0.873441 1 6 1.000000
hwn2024_triboniophorus
  6 2.218948 82.333992 -2.058201 0.929065 0.367000 -0.046360 0.305984 0.859636 1 6 1.000000
  6 2.223384 82.134178 -1.843132 0.970111 -0.074549 0.230926 0.320516 0.835862 1 6 1.000000
  6 2.339625 81.989182 -2.164439 0.955965 0.049602 0.289257 0.336571 0.856015 1 6 1.000000
hwn2024_triboniophorus
  6 2.182422 82.577438 -1.724428 0.936984 0.017555 -0.348932 0.278634 0.840255 1 6 1.000000
  6 2.223384 82.134178 -1.843132 0.970111 -0.074549 0.230926 0.320516 0.835862 1 6 1.000000
  6 2.218948 82.333992 -2.058201 0.929065 0.367000 -0.046360 0.305984 0.859636 1 6 1.000000
hwn2024_triboniophorus
  6 2.182422 82.577438 -1.724428 0.936984 0.017555 -0.348932 0.278634 0.840255 1 6 1.000000
  6 2.192214 82.320740 -1.456705 0.945380 -0.247965 -0.211588 0.303101 0.806708 1 6 1.000000
  6 2.223384 82.134178 -1.843132 0.970111 -0.074549 0.230926 0.320516 0.835862 1 6 1.000000
hwn2024_triboniophorus
  6 2.890432 81.191635 -0.577067 0.925545 0.294361 -0.238154 0.365666 0.703642 1 6 1.000000
  6 2.904321 80.908867 -0.566938 0.841544 -0.382251 -0.381690 0.382475 0.700662 1 6 1.000000
  6 2.811308 81.104073 -0.763606 0.753750 -0.019683 -0.656866 0.374135 0.714442 1 6 1.000000
hwn2024_triboniophorus
  6 2.890432 81.191635 -0.577067 0.925545 0.294361 -0.238154 0.365666 0.703642 1 6 1.000000
  6 2.811308 81.104073 -0.763606 0.753750 -0.019683 -0.656866 0.374135 0.714442 1 6 1.000000
  6 2.658048 81.421761 -0.887843 0.712519 0.154143 -0.684511 0.356685 0.728457 1 6 1.000000
hwn2024_triboniophorus
  6 2.811308 81.104073 -0.763606 0.753750 -0.019683 -0.656866 0.374135 0.714442 1 6 1.000000
  6 2.514683 81.301880 -0.980017 0.529851 0.015942 -0.847941 0.369021 0.741823 1 6 1.000000
  6 2.658048 81.421761 -0.887843 0.712519 0.154143 -0.684511 0.356685 0.728457 1 6 1.000000
hwn2024_triboniophorus
  6 2.514683 81.301880 -0.980017 0.529851 0.015942 -0.847941 0.369021 0.741823 1 6 1.000000
  6 2.489480 81.790932 -0.950949 0.712519 0.154143 -0.684511 0.333047 0.745156 1 6 1.000000
  6 2.658048 81.421761 -0.887843 0.712519 0.154143 -0.684511 0.356685 0.728457 1 6 1.000000
hwn2024_triboniophorus
  6 2.514683 81.301880 -0.980017 0.529851 0.015942 -0.847941 0.369021 0.741823 1 6 1.000000
  6 2.311377 81.624138 -1.073495 0.505569 0.053166 -0.861147 0.350036 0.762074 1 6 1.000000
  6 2.489480 81.790932 -0.950949 0.712519 0.154143 -0.684511 0.333047 0.745156 1 6 1.000000
hwn2024_triboniophorus
  6 2.489480 81.790932 -0.950949 0.712519 0.154143 -0.684511 0.333047 0.745156 1 6 1.000000
  6 2.311377 81.624138 -1.073495 0.505569 0.053166 -0.861147 0.350036 0.762074 1 6 1.000000
  6 2.071268 81.873505 -1.190221 0.666042 -0.239134 -0.706542 0.336864 0.784098 1 6 1.000000
hwn2024_triboniophorus
  6 2.489480 81.790932 -0.950949 0.712519 0.154143 -0.684511 0.333047 0.745156 1 6 1.000000
  6 2.071268 81.873505 -1.190221 0.666042 -0.239134 -0.706542 0.336864 0.784098 1 6 1.000000
  6 2.338629 82.173691 -1.066421 0.846451 -0.150994 -0.510610 0.306122 0.769099 1 6 1.000000
hwn2024_triboniophorus
  6 2.071268 81.873505 -1.190221 0.666042 -0.239134 -0.706542 0.336864 0.784098 1 6 1.000000
  6 2.192214 82.320740 -1.456705 0.945380 -0.247965 -0.211588 0.303101 0.806708 1 6 1.000000
  6 2.338629 82.173691 -1.066421 0.846451 -0.150994 -0.510610 0.306122 0.769099 1 6 1.000000
hwn2024_triboniophorus
  6 2.071268 81.873505 -1.190221 0.666042 -0.239134 -0.706542 0.336864 0.784098 1 6 1.000000
  6 2.000511 81.958664 -1.425525 0.890434 -0.452384 -0.049753 0.335590 0.800078 1 6 1.000000
  6 2.192214 82.320740 -1.456705 0.945380 -0.247965 -0.211588 0.303101 0.806708 1 6 1.000000
hwn2024_triboniophorus
  6 2.192214 82.320740 -1.456705 0.945380 -0.247965 -0.211588 0.303101 0.806708 1 6 1.000000
  6 2.000511 81.958664 -1.425525 0.890434 -0.452384 -0.049753 0.335590 0.800078 1 6 1.000000
  6 2.125386 81.936325 -1.762838 0.876091 -0.322838 0.358105 0.338663 0.821828 1 6 1.000000
hwn2024_triboniophorus
  6 2.192214 82.320740 -1.456705 0.945380 -0.247965 -0.211588 0.303101 0.806708 1 6 1.000000
  6 2.125386 81.936325 -1.762838 0.876091 -0.322838 0.358105 0.338663 0.821828 1 6 1.000000
  6 2.223384 82.134178 -1.843132 0.970111 -0.074549 0.230926 0.320516 0.835862 1 6 1.000000
hwn2024_triboniophorus
  6 2.223384 82.134178 -1.843132 0.970111 -0.074549 0.230926 0.320516 0.835862 1 6 1.000000
  6 2.125386 81.936325 -1.762838 0.876091 -0.322838 0.358105 0.338663 0.821828 1 6 1.000000
  6 2.264301 81.837334 -2.083020 0.885444 -0.218114 0.410385 0.349344 0.843951 1 6 1.000000
hwn2024_triboniophorus
  6 2.223384 82.134178 -1.843132 0.970111 -0.074549 0.230926 0.320516 0.835862 1 6 1.000000
  6 2.264301 81.837334 -2.083020 0.885444 -0.218114 0.410385 0.349344 0.843951 1 6 1.000000
  6 2.339625 81.989182 -2.164439 0.955965 0.049602 0.289257 0.336571 0.856015 1 6 1.000000
hwn2024_triboniophorus
  6 2.339625 81.989182 -2.164439 0.955965 0.049602 0.289257 0.336571 0.856015 1 6 1.000000
  6 2.264301 81.837334 -2.083020 0.885444 -0.218114 0.410385 0.349344 0.843951 1 6 1.000000
  6 2.389891 81.706665 -2.426335 0.936518 -0.222563 0.270923 0.361952 0.866146 1 6 1.000000
hwn2024_triboniophorus
  6 2.339625 81.989182 -2.164439 0.955965 0.049602 0.289257 0.336571 0.856015 1 6 1.000000
  6 2.389891 81.706665 -2.426335 0.936518 -0.222563 0.270923 0.361952 0.866146 1 6 1.000000
  6 2.439241 81.854668 -2.475111 0.975957 0.013045 0.217573 0.350374 0.873174 1 6 1.000000
hwn2024_triboniophorus
  6 2.420637 81.659630 -2.765052 0.922583 -0.323872 -0.209636 0.368641 0.887160 1 6 1.000000
  6 2.439241 81.854668 -2.475111 0.975957 0.013045 0.217573 0.350374 0.873174 1 6 1.000000
  6 2.389891 81.706665 -2.426335 0.936518 -0.222563 0.270923 0.361952 0.866146 1 6 1.000000
hwn2024_triboniophorus
  6 2.420637 81.659630 -2.765052 0.922583 -0.323872 -0.209636 0.368641 0.887160 1 6 1.000000
  6 2.466830 81.817375 -2.795136 0.970249 -0.116737 -0.212106 0.357421 0.889508 1 6 1.000000
  6 2.439241 81.854668 -2.475111 0.975957 0.013045 0.217573 0.350374 0.873174 1 6 1.000000
hwn2024_triboniophorus
  6 2.466830 81.817375 -2.795136 0.970249 -0.116737 -0.212106 0.357421 0.889508 1 6 1.000000
  6 2.420637 81.659630 -2.765052 0.922583 -0.323872 -0.209636 0.368641 0.887160 1 6 1.000000
  6 2.233675 81.704536 -3.045594 0.528701 -0.269160 -0.805002 0.367011 0.909569 1 6 1.000000
hwn2024_triboniophorus
  6 2.749545 81.506401 -0.654706 0.912639 0.334339 -0.235174 0.347064 0.712082 1 6 1.000000
  6 2.658048 81.421761 -0.887843 0.712519 0.154143 -0.684511 0.356685 0.728457 1 6 1.000000
  6 2.489480 81.790932 -0.950949 0.712519 0.154143 -0.684511 0.333047 0.745156 1 6 1.000000
hwn2024_triboniophorus
  6 2.890432 81.191635 -0.577067 0.925545 0.294361 -0.238154 0.365666 0.703642 1 6 1.000000
  6 2.658048 81.421761 -0.887843 0.712519 0.154143 -0.684511 0.356685 0.728457 1 6 1.000000
  6 2.749545 81.506401 -0.654706 0.912639 0.334339 -0.235174 0.347064 0.712082 1 6 1.000000
hwn2024_triboniophorus
  6 2.811308 81.104073 -0.763606 0.753750 -0.019683 -0.656866 0.374135 0.714442 1 6 1.000000
  6 2.679930 80.989426 -0.836503 0.602307 -0.195186 -0.774034 0.386130 0.722440 1 6 1.000000
  6 2.514683 81.301880 -0.980017 0.529851 0.015942 -0.847941 0.369021 0.741823 1 6 1.000000
hwn2024_triboniophorus
  6 2.904321 80.908867 -0.566938 0.841544 -0.382251 -0.381690 0.382475 0.700662 1 6 1.000000
  6 2.679930 80.989426 -0.836503 0.602307 -0.195186 -0.774034 0.386130 0.722440 1 6 1.000000
  6 2.811308 81.104073 -0.763606 0.753750 -0.019683 -0.656866 0.374135 0.714442 1 6 1.000000
hwn2024_triboniophorus
  6 2.904321 80.908867 -0.566938 0.841544 -0.382251 -0.381690 0.382475 0.700662 1 6 1.000000
  6 2.778627 80.783470 -0.630019 0.723094 -0.540274 -0.430394 0.393925 0.703848 1 6 1.000000
  6 2.679930 80.989426 -0.836503 0.602307 -0.195186 -0.774034 0.386130 0.722440 1 6 1.000000
hwn2024_triboniophorus
  6 2.753311 80.706841 -0.346849 0.686385 -0.717411 0.119152 0.395124 0.684584 1 6 1.000000
  6 2.778627 80.783470 -0.630019 0.723094 -0.540274 -0.430394 0.393925 0.703848 1 6 1.000000
  6 2.904321 80.908867 -0.566938 0.841544 -0.382251 -0.381690 0.382475 0.700662 1 6 1.000000
hwn2024_triboniophorus
  6 2.493362 82.799095 -1.092245 0.909501 -0.237044 -0.341495 0.246228 0.781558 2 6 0.876001 7 0.123999
  6 2.192214 82.320740 -1.456705 0.945380 -0.247965 -0.211588 0.303101 0.806708 1 6 1.000000
  6 2.182422 82.577438 -1.724428 0.936984 0.017555 -0.348932 0.278634 0.840255 1 6 1.000000
hwn2024_triboniophorus
  6 2.338629 82.173691 -1.066421 0.846451 -0.150994 -0.510610 0.306122 0.769099 1 6 1.000000
  6 2.192214 82.320740 -1.456705 0.945380 -0.247965 -0.211588 0.303101 0.806708 1 6 1.000000
  6 2.493362 82.799095 -1.092245 0.909501 -0.237044 -0.341495 0.246228 0.781558 2 6 0.876001 7 0.123999
hwn2024_triboniophorus
  6 2.528052 82.292610 -0.681461 0.969225 -0.050510 -0.240939 0.285727 0.732595 1 6 1.000000
  6 2.338629 82.173691 -1.066421 0.846451 -0.150994 -0.510610 0.306122 0.769099 1 6 1.000000
  6 2.493362 82.799095 -1.092245 0.909501 -0.237044 -0.341495 0.246228 0.781558 2 6 0.876001 7 0.123999
hwn2024_triboniophorus
  6 2.489480 81.790932 -0.950949 0.712519 0.154143 -0.684511 0.333047 0.745156 1 6 1.000000
  6 2.338629 82.173691 -1.066421 0.846451 -0.150994 -0.510610 0.306122 0.769099 1 6 1.000000
  6 2.528052 82.292610 -0.681461 0.969225 -0.050510 -0.240939 0.285727 0.732595 1 6 1.000000
hwn2024_triboniophorus
  6 2.489480 81.790932 -0.950949 0.712519 0.154143 -0.684511 0.333047 0.745156 1 6 1.000000
  6 2.528052 82.292610 -0.681461 0.969225 -0.050510 -0.240939 0.285727 0.732595 1 6 1.000000
  6 2.607601 81.905319 -0.674129 0.934781 0.250592 -0.251768 0.319307 0.721130 1 6 1.000000
hwn2024_triboniophorus
  6 2.749545 81.506401 -0.654706 0.912639 0.334339 -0.235174 0.347064 0.712082 1 6 1.000000
  6 2.489480 81.790932 -0.950949 0.712519 0.154143 -0.684511 0.333047 0.745156 1 6 1.000000
  6 2.607601 81.905319 -0.674129 0.934781 0.250592 -0.251768 0.319307 0.721130 1 6 1.000000
hwn2024_triboniophorus
  6 2.745191 81.525284 -0.316087 0.898287 0.361530 0.249751 0.341880 0.690976 1 6 1.000000
  6 2.749545 81.506401 -0.654706 0.912639 0.334339 -0.235174 0.347064 0.712082 1 6 1.000000
  6 2.607601 81.905319 -0.674129 0.934781 0.250592 -0.251768 0.319307 0.721130 1 6 1.000000
hwn2024_triboniophorus
  6 2.745191 81.525284 -0.316087 0.898287 0.361530 0.249751 0.341880 0.690976 1 6 1.000000
  6 2.890432 81.191635 -0.577067 0.925545 0.294361 -0.238154 0.365666 0.703642 1 6 1.000000
  6 2.749545 81.506401 -0.654706 0.912639 0.334339 -0.235174 0.347064 0.712082 1 6 1.000000
hwn2024_triboniophorus
  6 2.745191 81.525284 -0.316087 0.898287 0.361530 0.249751 0.341880 0.690976 1 6 1.000000
  6 2.883782 81.211624 -0.306523 0.887524 0.400409 0.227979 0.361966 0.689289 1 6 1.000000
  6 2.890432 81.191635 -0.577067 0.925545 0.294361 -0.238154 0.365666 0.703642 1 6 1.000000
hwn2024_triboniophorus
  6 2.883782 81.211624 -0.306523 0.887524 0.400409 0.227979 0.361966 0.689289 1 6 1.000000
  6 2.959710 81.020180 -0.487665 0.983177 0.020518 -0.181497 0.374474 0.697380 1 6 1.000000
  6 2.890432 81.191635 -0.577067 0.925545 0.294361 -0.238154 0.365666 0.703642 1 6 1.000000
hwn2024_triboniophorus
  6 2.883782 81.211624 -0.306523 0.887524 0.400409 0.227979 0.361966 0.689289 1 6 1.000000
  6 2.952198 81.003029 -0.296835 0.975957 0.013045 0.217573 0.373400 0.687837 1 6 1.000000
  6 2.959710 81.020180 -0.487665 0.983177 0.020518 -0.181497 0.374474 0.697380 1 6 1.000000
hwn2024_triboniophorus
  6 2.891631 80.839088 -0.313328 0.791358 -0.592843 0.149301 0.382980 0.686447 1 6 1.000000
  6 2.959710 81.020180 -0.487665 0.983177 0.020518 -0.181497 0.374474 0.697380 1 6 1.000000
  6 2.952198 81.003029 -0.296835 0.975957 0.013045 0.217573 0.373400 0.687837 1 6 1.000000
hwn2024_triboniophorus
  6 2.877105 81.001976 -0.120877 0.810192 0.000844 0.586164 0.372083 0.678467 1 6 1.000000
  6 2.891631 80.839088 -0.313328 0.791358 -0.592843 0.149301 0.382980 0.686447 1 6 1.000000
  6 2.952198 81.003029 -0.296835 0.975957 0.013045 0.217573 0.373400 0.687837 1 6 1.000000
hwn2024_triboniophorus
  6 2.877105 81.001976 -0.120877 0.810192 0.000844 0.586164 0.372083 0.678467 1 6 1.000000
  6 2.794144 80.884659 -0.076164 0.619288 -0.417291 0.665094 0.378732 0.673210 1 6 1.000000
  6 2.891631 80.839088 -0.313328 0.791358 -0.592843 0.149301 0.382980 0.686447 1 6 1.000000
hwn2024_triboniophorus
  6 2.773529 81.162460 -0.061755 0.704136 0.271089 0.656280 0.362485 0.674675 1 6 1.000000
  6 2.794144 80.884659 -0.076164 0.619288 -0.417291 0.665094 0.378732 0.673210 1 6 1.000000
  6 2.877105 81.001976 -0.120877 0.810192 0.000844 0.586164 0.372083 0.678467 1 6 1.000000
hwn2024_triboniophorus
  6 2.773529 81.162460 -0.061755 0.704136 0.271089 0.656280 0.362485 0.674675 1 6 1.000000
  6 2.620421 81.054520 0.069629 0.399097 -0.058091 0.915067 0.368052 0.662273 1 6 1.000000
  6 2.794144 80.884659 -0.076164 0.619288 -0.417291 0.665094 0.378732 0.673210 1 6 1.000000
hwn2024_triboniophorus
  6 2.595458 81.456642 -0.016977 0.677390 0.277498 0.681276 0.343409 0.669224 1 6 1.000000
  6 2.620421 81.054520 0.069629 0.399097 -0.058091 0.915067 0.368052 0.662273 1 6 1.000000
  6 2.773529 81.162460 -0.061755 0.704136 0.271089 0.656280 0.362485 0.674675 1 6 1.000000
hwn2024_triboniophorus
  6 2.595458 81.456642 -0.016977 0.677390 0.277498 0.681276 0.343409 0.669224 1 6 1.000000
  6 2.406229 81.338341 0.141616 0.310568 0.057368 0.948818 0.350161 0.651387 1 6 1.000000
  6 2.620421 81.054520 0.069629 0.399097 -0.058091 0.915067 0.368052 0.662273 1 6 1.000000
hwn2024_triboniophorus
  6 2.410398 81.831108 0.029093 0.682098 0.131088 0.719415 0.315605 0.661234 1 6 1.000000
  6 2.547035 82.319756 -0.253016 0.970111 -0.074549 0.230926 0.278421 0.693983 1 6 1.000000
  6 2.306726 82.217400 0.107337 0.734142 -0.151628 0.661849 0.284123 0.651069 1 6 1.000000
hwn2024_triboniophorus
  6 2.410398 81.831108 0.029093 0.682098 0.131088 0.719415 0.315605 0.661234 1 6 1.000000
  6 2.614532 81.927902 -0.292151 0.933771 0.229548 0.274552 0.312590 0.691907 1 6 1.000000
  6 2.547035 82.319756 -0.253016 0.970111 -0.074549 0.230926 0.278421 0.693983 1 6 1.000000
hwn2024_triboniophorus
  6 2.595458 81.456642 -0.016977 0.677390 0.277498 0.681276 0.343409 0.669224 1 6 1.000000
  6 2.614532 81.927902 -0.292151 0.933771 0.229548 0.274552 0.312590 0.691907 1 6 1.000000
  6 2.410398 81.831108 0.029093 0.682098 0.131088 0.719415 0.315605 0.661234 1 6 1.000000
hwn2024_triboniophorus
  6 2.595458 81.456642 -0.016977 0.677390 0.277498 0.681276 0.343409 0.669224 1 6 1.000000
  6 2.745191 81.525284 -0.316087 0.898287 0.361530 0.249751 0.341880 0.690976 1 6 1.000000
  6 2.614532 81.927902 -0.292151 0.933771 0.229548 0.274552 0.312590 0.691907 1 6 1.000000
hwn2024_triboniophorus
  6 2.773529 81.162460 -0.061755 0.704136 0.271089 0.656280 0.362485 0.674675 1 6 1.000000
  6 2.745191 81.525284 -0.316087 0.898287 0.361530 0.249751 0.341880 0.690976 1 6 1.000000
  6 2.595458 81.456642 -0.016977 0.677390 0.277498 0.681276 0.343409 0.669224 1 6 1.000000
hwn2024_triboniophorus
  6 2.773529 81.162460 -0.061755 0.704136 0.271089 0.656280 0.362485 0.674675 1 6 1.000000
  6 2.883782 81.211624 -0.306523 0.887524 0.400409 0.227979 0.361966 0.689289 1 6 1.000000
  6 2.745191 81.525284 -0.316087 0.898287 0.361530 0.249751 0.341880 0.690976 1 6 1.000000
hwn2024_triboniophorus
  6 2.877105 81.001976 -0.120877 0.810192 0.000844 0.586164 0.372083 0.678467 1 6 1.000000
  6 2.883782 81.211624 -0.306523 0.887524 0.400409 0.227979 0.361966 0.689289 1 6 1.000000
  6 2.773529 81.162460 -0.061755 0.704136 0.271089 0.656280 0.362485 0.674675 1 6 1.000000
hwn2024_triboniophorus
  6 2.877105 81.001976 -0.120877 0.810192 0.000844 0.586164 0.372083 0.678467 1 6 1.000000
  6 2.952198 81.003029 -0.296835 0.975957 0.013045 0.217573 0.373400 0.687837 1 6 1.000000
  6 2.883782 81.211624 -0.306523 0.887524 0.400409 0.227979 0.361966 0.689289 1 6 1.000000
hwn2024_triboniophorus
  6 2.745191 81.525284 -0.316087 0.898287 0.361530 0.249751 0.341880 0.690976 1 6 1.000000
  6 2.607601 81.905319 -0.674129 0.934781 0.250592 -0.251768 0.319307 0.721130 1 6 1.000000
  6 2.614532 81.927902 -0.292151 0.933771 0.229548 0.274552 0.312590 0.691907 1 6 1.000000
hwn2024_triboniophorus
  6 2.614532 81.927902 -0.292151 0.933771 0.229548 0.274552 0.312590 0.691907 1 6 1.000000
  6 2.607601 81.905319 -0.674129 0.934781 0.250592 -0.251768 0.319307 0.721130 1 6 1.000000
  6 2.528052 82.292610 -0.681461 0.969225 -0.050510 -0.240939 0.285727 0.732595 1 6 1.000000
hwn2024_triboniophorus
  6 2.614532 81.927902 -0.292151 0.933771 0.229548 0.274552 0.312590 0.691907 1 6 1.000000
  6 2.528052 82.292610 -0.681461 0.969225 -0.050510 -0.240939 0.285727 0.732595 1 6 1.000000
  6 2.547035 82.319756 -0.253016 0.970111 -0.074549 0.230926 0.278421 0.693983 1 6 1.000000
hwn2024_triboniophorus
  6 2.159824 82.606476 0.459335 0.619288 -0.417291 0.665094 0.252019 0.617732 2 6 0.823932 7 0.176068
  6 2.306726 82.217400 0.107337 0.734142 -0.151628 0.661849 0.284123 0.651069 1 6 1.000000
  6 2.425186 82.637581 0.188987 0.775907 -0.358777 0.518890 0.248220 0.652616 2 6 0.837000 7 0.163000
hwn2024_triboniophorus
  6 2.425186 82.637581 0.188987 0.775907 -0.358777 0.518890 0.248220 0.652616 2 6 0.837000 7 0.163000
  6 2.306726 82.217400 0.107337 0.734142 -0.151628 0.661849 0.284123 0.651069 1 6 1.000000
  6 2.547035 82.319756 -0.253016 0.970111 -0.074549 0.230926 0.278421 0.693983 1 6 1.000000
hwn2024_triboniophorus
  6 2.425186 82.637581 0.188987 0.775907 -0.358777 0.518890 0.248220 0.652616 2 6 0.837000 7 0.163000
  6 2.547035 82.319756 -0.253016 0.970111 -0.074549 0.230926 0.278421 0.693983 1 6 1.000000
  6 2.637479 82.704254 -0.206132 0.931410 -0.310948 0.189175 0.243512 0.695316 2 6 0.833710 7 0.166290
hwn2024_triboniophorus
  6 2.637479 82.704254 -0.206132 0.931410 -0.310948 0.189175 0.243512 0.695316 2 6 0.833710 7 0.166290
  6 2.547035 82.319756 -0.253016 0.970111 -0.074549 0.230926 0.278421 0.693983 1 6 1.000000
  6 2.528052 82.292610 -0.681461 0.969225 -0.050510 -0.240939 0.285727 0.732595 1 6 1.000000
hwn2024_triboniophorus
  6 2.637479 82.704254 -0.206132 0.931410 -0.310948 0.189175 0.243512 0.695316 2 6 0.833710 7 0.166290
  6 2.528052 82.292610 -0.681461 0.969225 -0.050510 -0.240939 0.285727 0.732595 1 6 1.000000
  6 2.644634 82.772697 -0.647315 0.945229 -0.275111 -0.175659 0.241396 0.738056 2 6 0.847224 7 0.152776
hwn2024_triboniophorus
  6 2.528052 82.292610 -0.681461 0.969225 -0.050510 -0.240939 0.285727 0.732595 1 6 1.000000
  6 2.493362 82.799095 -1.092245 0.909501 -0.237044 -0.341495 0.246228 0.781558 2 6 0.876001 7 0.123999
  6 2.644634 82.772697 -0.647315 0.945229 -0.275111 -0.175659 0.241396 0.738056 2 6 0.847224 7 0.152776
hwn2024_triboniophorus
  6 2.014502 82.955360 0.802102 0.570046 -0.364549 0.736309 0.219636 0.584813 2 6 0.594005 7 0.405995
  6 2.159824 82.606476 0.459335 0.619288 -0.417291 0.665094 0.252019 0.617732 2 6 0.823932 7 0.176068
  6 2.293608 82.932083 0.578648 0.645543 -0.433879 0.628509 0.218670 0.616874 2 6 0.614952 7 0.385048
hwn2024_triboniophorus
  6 2.293608 82.932083 0.578648 0.645543 -0.433879 0.628509 0.218670 0.616874 2 6 0.614952 7 0.385048
  6 2.159824 82.606476 0.459335 0.619288 -0.417291 0.665094 0.252019 0.617732 2 6 0.823932 7 0.176068
  6 2.425186 82.637581 0.188987 0.775907 -0.358777 0.518890 0.248220 0.652616 2 6 0.837000 7 0.163000
hwn2024_triboniophorus
  6 2.293608 82.932083 0.578648 0.645543 -0.433879 0.628509 0.218670 0.616874 2 6 0.614952 7 0.385048
  6 2.425186 82.637581 0.188987 0.775907 -0.358777 0.518890 0.248220 0.652616 2 6 0.837000 7 0.163000
  6 2.528736 83.017136 0.286039 0.819006 -0.347805 0.456357 0.211003 0.650682 2 6 0.639439 7 0.360561
hwn2024_triboniophorus
  6 2.528736 83.017136 0.286039 0.819006 -0.347805 0.456357 0.211003 0.650682 2 6 0.639439 7 0.360561
  6 2.425186 82.637581 0.188987 0.775907 -0.358777 0.518890 0.248220 0.652616 2 6 0.837000 7 0.163000
  6 2.637479 82.704254 -0.206132 0.931410 -0.310948 0.189175 0.243512 0.695316 2 6 0.833710 7 0.166290
hwn2024_triboniophorus
  6 2.528736 83.017136 0.286039 0.819006 -0.347805 0.456357 0.211003 0.650682 2 6 0.639439 7 0.360561
  6 2.637479 82.704254 -0.206132 0.931410 -0.310948 0.189175 0.243512 0.695316 2 6 0.833710 7 0.166290
  6 2.746754 83.240273 -0.073677 0.931410 -0.310948 0.189175 0.191455 0.688630 2 6 0.606548 7 0.393452
hwn2024_triboniophorus
  6 2.637479 82.704254 -0.206132 0.931410 -0.310948 0.189175 0.243512 0.695316 2 6 0.833710 7 0.166290
  6 2.825844 83.326523 -0.502418 0.943202 -0.300467 -0.141741 0.185732 0.728756 2 6 0.646705 7 0.353295
  6 2.746754 83.240273 -0.073677 0.931410 -0.310948 0.189175 0.191455 0.688630 2 6 0.606548 7 0.393452
hwn2024_triboniophorus
  6 2.637479 82.704254 -0.206132 0.931410 -0.310948 0.189175 0.243512 0.695316 2 6 0.833710 7 0.166290
  6 2.644634 82.772697 -0.647315 0.945229 -0.275111 -0.175659 0.241396 0.738056 2 6 0.847224 7 0.152776
  6 2.825844 83.326523 -0.502418 0.943202 -0.300467 -0.141741 0.185732 0.728756 2 6 0.646705 7 0.353295
hwn2024_triboniophorus
  6 2.644634 82.772697 -0.647315 0.945229 -0.275111 -0.175659 0.241396 0.738056 2 6 0.847224 7 0.152776
  6 2.741680 83.431618 -1.010790 0.888116 -0.253711 -0.383250 0.182239 0.776847 2 6 0.662277 7 0.337723
  6 2.825844 83.326523 -0.502418 0.943202 -0.300467 -0.141741 0.185732 0.728756 2 6 0.646705 7 0.353295
hwn2024_triboniophorus
  6 2.644634 82.772697 -0.647315 0.945229 -0.275111 -0.175659 0.241396 0.738056 2 6 0.847224 7 0.152776
  6 2.493362 82.799095 -1.092245 0.909501 -0.237044 -0.341495 0.246228 0.781558 2 6 0.876001 7 0.123999
  6 2.741680 83.431618 -1.010790 0.888116 -0.253711 -0.383250 0.182239 0.776847 2 6 0.662277 7 0.337723
hwn2024_triboniophorus
  6 2.741680 83.431618 -1.010790 0.888116 -0.253711 -0.383250 0.182239 0.776847 2 6 0.662277 7 0.337723
  6 2.493362 82.799095 -1.092245 0.909501 -0.237044 -0.341495 0.246228 0.781558 2 6 0.876001 7 0.123999
  6 2.362646 83.018890 -1.527856 0.824881 -0.153233 -0.544143 0.233930 0.826643 2 6 0.854625 7 0.145375
hwn2024_triboniophorus
  6 2.493362 82.799095 -1.092245 0.909501 -0.237044 -0.341495 0.246228 0.781558 2 6 0.876001 7 0.123999
  6 2.182422 82.577438 -1.724428 0.936984 0.017555 -0.348932 0.278634 0.840255 1 6 1.000000
  6 2.362646 83.018890 -1.527856 0.824881 -0.153233 -0.544143 0.233930 0.826643 2 6 0.854625 7 0.145375
hwn2024_triboniophorus
  6 2.523272 83.259186 0.783878 0.673052 -0.373731 0.638221 0.181725 0.615267 2 6 0.505353 7 0.494647
  6 2.424965 83.061043 0.692290 0.569051 -0.659972 0.490528 0.200263 0.616333 2 6 0.534463 7 0.465537
  6 2.670725 83.147690 0.358099 0.730343 -0.654337 0.196067 0.193190 0.650102 2 6 0.545316 7 0.454684
hwn2024_triboniophorus
  6 2.838060 83.331604 -0.008893 0.855617 -0.516466 0.034399 0.179193 0.684729 2 6 0.530732 7 0.469268
  6 2.670725 83.147690 0.358099 0.730343 -0.654337 0.196067 0.193190 0.650102 2 6 0.545316 7 0.454684
  6 2.746754 83.240273 -0.073677 0.716674 -0.693619 -0.072602 0.191455 0.688630 2 6 0.606548 7 0.393452
hwn2024_triboniophorus
  6 2.670725 83.147690 0.358099 0.730343 -0.654337 0.196067 0.193190 0.650102 2 6 0.545316 7 0.454684
  6 2.528736 83.017136 0.286039 0.624869 -0.768225 0.139172 0.211003 0.650682 2 6 0.639439 7 0.360561
  6 2.746754 83.240273 -0.073677 0.716674 -0.693619 -0.072602 0.191455 0.688630 2 6 0.606548 7 0.393452
hwn2024_triboniophorus
  6 2.528736 83.017136 0.286039 0.624869 -0.768225 0.139172 0.211003 0.650682 2 6 0.639439 7 0.360561
  6 2.670725 83.147690 0.358099 0.730343 -0.654337 0.196067 0.193190 0.650102 2 6 0.545316 7 0.454684
  6 2.424965 83.061043 0.692290 0.569051 -0.659972 0.490528 0.200263 0.616333 2 6 0.534463 7 0.465537
hwn2024_triboniophorus
  6 2.528736 83.017136 0.286039 0.624869 -0.768225 0.139172 0.211003 0.650682 2 6 0.639439 7 0.360561
  6 2.424965 83.061043 0.692290 0.569051 -0.659972 0.490528 0.200263 0.616333 2 6 0.534463 7 0.465537
  6 2.293608 82.932083 0.578648 0.471109 -0.795081 0.381972 0.218670 0.616874 2 6 0.614952 7 0.385048
hwn2024_triboniophorus
  6 2.108883 83.091629 0.939071 0.318113 -0.589478 0.742509 0.201385 0.583925 2 6 0.538929 7 0.461071
  6 2.293608 82.932083 0.578648 0.471109 -0.795081 0.381972 0.218670 0.616874 2 6 0.614952 7 0.385048
  6 2.424965 83.061043 0.692290 0.569051 -0.659972 0.490528 0.200263 0.616333 2 6 0.534463 7 0.465537
hwn2024_triboniophorus
  6 2.108883 83.091629 0.939071 0.318113 -0.589478 0.742509 0.201385 0.583925 2 6 0.538929 7 0.461071
  6 2.424965 83.061043 0.692290 0.569051 -0.659972 0.490528 0.200263 0.616333 2 6 0.534463 7 0.465537
  6 2.523272 83.259186 0.783878 0.673052 -0.373731 0.638221 0.181725 0.615267 2 6 0.505353 7 0.494647
hwn2024_triboniophorus
  6 2.108883 83.091629 0.939071 0.318113 -0.589478 0.742509 0.201385 0.583925 2 6 0.538929 7 0.461071
  6 2.523272 83.259186 0.783878 0.673052 -0.373731 0.638221 0.181725 0.615267 2 6 0.505353 7 0.494647
  6 2.206026 83.329720 1.028824 0.414864 -0.280709 0.865500 0.179821 0.583967 2 6 0.505917 7 0.494083
hwn2024_triboniophorus
  6 2.206026 83.329720 1.028824 0.414864 -0.280709 0.865500 0.179821 0.583967 2 6 0.505917 7 0.494083
  6 2.523272 83.259186 0.783878 0.673052 -0.373731 0.638221 0.181725 0.615267 2 6 0.505353 7 0.494647
  6 2.572723 83.541550 0.810472 0.731721 -0.034712 0.680720 0.159678 0.614722 2 6 0.500434 7 0.499566
hwn2024_triboniophorus
  6 2.206026 83.329720 1.028824 0.414864 -0.280709 0.865500 0.179821 0.583967 2 6 0.505917 7 0.494083
  6 2.572723 83.541550 0.810472 0.731721 -0.034712 0.680720 0.159678 0.614722 2 6 0.500434 7 0.499566
  6 2.280867 83.669296 1.036328 0.486493 -0.007015 0.873656 0.152750 0.584769 2 6 0.500495 7 0.499505
hwn2024_triboniophorus
  6 2.280867 83.669296 1.036328 0.486493 -0.007015 0.873656 0.152750 0.584769 2 6 0.500495 7 0.499505
  6 2.572723 83.541550 0.810472 0.731721 -0.034712 0.680720 0.159678 0.614722 2 6 0.500434 7 0.499566
  6 2.545256 83.749481 0.784891 0.751705 0.114996 0.649397 0.143000 0.613682 2 6 0.500020 7 0.499980
hwn2024_triboniophorus
  6 2.280867 83.669296 1.036328 0.486493 -0.007015 0.873656 0.152750 0.584769 2 6 0.500495 7 0.499505
  6 2.545256 83.749481 0.784891 0.751705 0.114996 0.649397 0.143000 0.613682 2 6 0.500020 7 0.499980
  6 2.284458 83.868828 0.985889 0.505674 0.197299 0.839861 0.136158 0.584808 2 6 0.500018 7 0.499982
hwn2024_triboniophorus
  6 2.284458 83.868828 0.985889 0.505674 0.197299 0.839861 0.136158 0.584808 2 6 0.500018 7 0.499982
  6 2.545256 83.749481 0.784891 0.751705 0.114996 0.649397 0.143000 0.613682 2 6 0.500020 7 0.499980
  6 2.264973 84.075623 0.956629 0.482036 -0.111078 0.869082 0.118748 0.582326 2 6 0.500000 7 0.500000
hwn2024_triboniophorus
  6 1.964090 83.936333 1.108202 0.263263 0.231412 0.936558 0.134123 0.554943 2 6 0.500008 7 0.499992
  6 2.284458 83.868828 0.985889 0.505674 0.197299 0.839861 0.136158 0.584808 2 6 0.500018 7 0.499982
  6 2.264973 84.075623 0.956629 0.482036 -0.111078 0.869082 0.118748 0.582326 2 6 0.500000 7 0.500000
hwn2024_triboniophorus
  6 1.964090 83.936333 1.108202 0.263263 0.231412 0.936558 0.134123 0.554943 2 6 0.500008 7 0.499992
  6 2.264973 84.075623 0.956629 0.482036 -0.111078 0.869082 0.118748 0.582326 2 6 0.500000 7 0.500000
  6 1.891453 84.075058 1.098680 0.241299 -0.175553 0.954440 0.122627 0.546946 2 6 0.500000 7 0.500000
hwn2024_triboniophorus
  6 1.623953 83.897453 1.144088 0.096139 0.106915 0.989609 0.141682 0.526061 2 6 0.500000 7 0.500000
  6 1.964090 83.936333 1.108202 0.263263 0.231412 0.936558 0.134123 0.554943 2 6 0.500008 7 0.499992
  6 1.891453 84.075058 1.098680 0.241299 -0.175553 0.954440 0.122627 0.546946 2 6 0.500000 7 0.500000
hwn2024_triboniophorus
  6 1.623953 83.897453 1.144088 0.096139 0.106915 0.989609 0.141682 0.526061 2 6 0.500000 7 0.500000
  6 1.891453 84.075058 1.098680 0.241299 -0.175553 0.954440 0.122627 0.546946 2 6 0.500000 7 0.500000
  6 1.387253 84.137962 1.199583 -0.013981 -0.225369 0.974173 0.123619 0.500279 2 6 0.500000 7 0.500000
hwn2024_triboniophorus
  6 1.623953 83.897453 1.144088 0.096139 0.106915 0.989609 0.141682 0.526061 2 6 0.500000 7 0.500000
  6 1.387253 84.137962 1.199583 -0.013981 -0.225369 0.974173 0.123619 0.500279 2 6 0.500000 7 0.500000
  6 1.332998 83.903122 1.154569 0.036372 -0.004624 0.999328 0.146740 0.500279 2 6 0.500000 7 0.500000
hwn2024_triboniophorus
  6 1.387253 84.137962 1.199583 -0.013981 -0.225369 0.974173 0.123619 0.500279 2 6 0.500000 7 0.500000
  6 1.067392 84.022041 1.164925 0.029263 0.121869 0.992115 0.141751 0.474404 2 6 0.500000 7 0.500000
  6 1.332998 83.903122 1.154569 0.036372 -0.004624 0.999328 0.146740 0.500279 2 6 0.500000 7 0.500000
hwn2024_triboniophorus
  6 2.746754 83.240273 -0.073677 0.716674 -0.693619 -0.072602 0.191455 0.688630 2 6 0.606548 7 0.393452
  6 2.937752 83.547791 -0.327575 0.962692 -0.268955 -0.029778 0.162309 0.715012 2 6 0.529237 7 0.470763
  6 2.838060 83.331604 -0.008893 0.855617 -0.516466 0.034399 0.179193 0.684729 2 6 0.530732 7 0.469268
hwn2024_triboniophorus
  6 2.108883 83.091629 0.939071 0.318113 -0.589478 0.742509 0.201385 0.583925 2 6 0.538929 7 0.461071
  6 2.014502 82.955360 0.802102 0.183987 -0.728791 0.659555 0.219636 0.584813 2 6 0.594005 7 0.405995
  6 2.293608 82.932083 0.578648 0.471109 -0.795081 0.381972 0.218670 0.616874 2 6 0.614952 7 0.385048
hwn2024_triboniophorus
  6 2.014502 82.955360 0.802102 0.183987 -0.728791 0.659555 0.219636 0.584813 2 6 0.594005 7 0.405995
  6 2.108883 83.091629 0.939071 0.318113 -0.589478 0.742509 0.201385 0.583925 2 6 0.538929 7 0.461071
  6 1.760164 83.214226 1.090267 0.076759 -0.493874 0.866139 0.197629 0.550940 2 6 0.523130 7 0.476870
hwn2024_triboniophorus
  6 1.760164 83.214226 1.090267 0.076759 -0.493874 0.866139 0.197629 0.550940 2 6 0.523130 7 0.476870
  6 2.108883 83.091629 0.939071 0.318113 -0.589478 0.742509 0.201385 0.583925 2 6 0.538929 7 0.461071
  6 2.206026 83.329720 1.028824 0.414864 -0.280709 0.865500 0.179821 0.583967 2 6 0.505917 7 0.494083
hwn2024_triboniophorus
  6 1.760164 83.214226 1.090267 0.076759 -0.493874 0.866139 0.197629 0.550940 2 6 0.523130 7 0.476870
  6 2.206026 83.329720 1.028824 0.414864 -0.280709 0.865500 0.179821 0.583967 2 6 0.505917 7 0.494083
  6 1.847937 83.444618 1.166980 0.184522 -0.202956 0.961645 0.176315 0.552232 2 6 0.503361 7 0.496639
hwn2024_triboniophorus
  6 1.847937 83.444618 1.166980 0.184522 -0.202956 0.961645 0.176315 0.552232 2 6 0.503361 7 0.496639
  6 2.206026 83.329720 1.028824 0.414864 -0.280709 0.865500 0.179821 0.583967 2 6 0.505917 7 0.494083
  6 2.280867 83.669296 1.036328 0.486493 -0.007015 0.873656 0.152750 0.584769 2 6 0.500495 7 0.499505
hwn2024_triboniophorus
  6 1.847937 83.444618 1.166980 0.184522 -0.202956 0.961645 0.176315 0.552232 2 6 0.503361 7 0.496639
  6 2.280867 83.669296 1.036328 0.486493 -0.007015 0.873656 0.152750 0.584769 2 6 0.500495 7 0.499505
  6 1.932547 83.761536 1.167049 0.232755 0.054941 0.970982 0.149636 0.553832 2 6 0.500261 7 0.499739
hwn2024_triboniophorus
  6 1.932547 83.761536 1.167049 0.232755 0.054941 0.970982 0.149636 0.553832 2 6 0.500261 7 0.499739
  6 2.280867 83.669296 1.036328 0.486493 -0.007015 0.873656 0.152750 0.584769 2 6 0.500495 7 0.499505
  6 2.284458 83.868828 0.985889 0.505674 0.197299 0.839861 0.136158 0.584808 2 6 0.500018 7 0.499982
hwn2024_triboniophorus
  6 1.932547 83.761536 1.167049 0.232755 0.054941 0.970982 0.149636 0.553832 2 6 0.500261 7 0.499739
  6 2.284458 83.868828 0.985889 0.505674 0.197299 0.839861 0.136158 0.584808 2 6 0.500018 7 0.499982
  6 1.964090 83.936333 1.108202 0.263263 0.231412 0.936558 0.134123 0.554943 2 6 0.500008 7 0.499992
hwn2024_triboniophorus
  6 1.932547 83.761536 1.167049 0.232755 0.054941 0.970982 0.149636 0.553832 2 6 0.500261 7 0.499739
  6 1.964090 83.936333 1.108202 0.263263 0.231412 0.936558 0.134123 0.554943 2 6 0.500008 7 0.499992
  6 1.623953 83.897453 1.144088 0.096139 0.106915 0.989609 0.141682 0.526061 2 6 0.500000 7 0.500000
hwn2024_triboniophorus
  6 1.932547 83.761536 1.167049 0.232755 0.054941 0.970982 0.149636 0.553832 2 6 0.500261 7 0.499739
  6 1.623953 83.897453 1.144088 0.096139 0.106915 0.989609 0.141682 0.526061 2 6 0.500000 7 0.500000
  6 1.540886 83.743187 1.200548 -0.013779 0.093446 0.995529 0.157093 0.521756 2 6 0.500018 7 0.499982
hwn2024_triboniophorus
  6 1.332998 83.903122 1.154569 0.036372 -0.004624 0.999328 0.146740 0.500279 2 6 0.500000 7 0.500000
  6 1.540886 83.743187 1.200548 -0.013779 0.093446 0.995529 0.157093 0.521756 2 6 0.500018 7 0.499982
  6 1.623953 83.897453 1.144088 0.096139 0.106915 0.989609 0.141682 0.526061 2 6 0.500000 7 0.500000
hwn2024_triboniophorus
  6 1.332998 83.903122 1.154569 0.036372 -0.004624 0.999328 0.146740 0.500279 2 6 0.500000 7 0.500000
  6 1.294884 83.734535 1.144456 0.024204 -0.058732 0.997980 0.162668 0.500279 2 6 0.500009 7 0.499991
  6 1.540886 83.743187 1.200548 -0.013779 0.093446 0.995529 0.157093 0.521756 2 6 0.500018 7 0.499982
hwn2024_triboniophorus
  6 1.332998 83.903122 1.154569 0.036372 -0.004624 0.999328 0.146740 0.500279 2 6 0.500000 7 0.500000
  6 1.080654 83.846199 1.217777 0.123041 0.062773 0.990414 0.157131 0.478772 2 6 0.500018 7 0.499982
  6 1.294884 83.734535 1.144456 0.024204 -0.058732 0.997980 0.162668 0.500279 2 6 0.500009 7 0.499991
hwn2024_triboniophorus
  6 1.033171 83.621674 1.211279 0.051584 -0.154258 0.986683 0.176685 0.478926 2 6 0.500445 7 0.499555
  6 1.294884 83.734535 1.144456 0.024204 -0.058732 0.997980 0.162668 0.500279 2 6 0.500009 7 0.499991
  6 1.080654 83.846199 1.217777 0.123041 0.062773 0.990414 0.157131 0.478772 2 6 0.500018 7 0.499982
hwn2024_triboniophorus
  6 1.033171 83.621674 1.211279 0.051584 -0.154258 0.986683 0.176685 0.478926 2 6 0.500445 7 0.499555
  6 1.256601 83.565887 1.130291 0.004589 -0.144972 0.989425 0.178442 0.500279 2 6 0.500306 7 0.499694
  6 1.294884 83.734535 1.144456 0.024204 -0.058732 0.997980 0.162668 0.500279 2 6 0.500009 7 0.499991
hwn2024_triboniophorus
  6 1.014269 83.484657 1.158735 0.012669 -0.420113 0.907383 0.189262 0.480024 2 6 0.502716 7 0.497284
  6 1.256601 83.565887 1.130291 0.004589 -0.144972 0.989425 0.178442 0.500279 2 6 0.500306 7 0.499694
  6 1.033171 83.621674 1.211279 0.051584 -0.154258 0.986683 0.176685 0.478926 2 6 0.500445 7 0.499555
hwn2024_triboniophorus
  6 1.014269 83.484657 1.158735 0.012669 -0.420113 0.907383 0.189262 0.480024 2 6 0.502716 7 0.497284
  6 1.229662 83.449974 1.103725 -0.054978 -0.398672 0.915444 0.189661 0.500279 2 6 0.501215 7 0.498785
  6 1.256601 83.565887 1.130291 0.004589 -0.144972 0.989425 0.178442 0.500279 2 6 0.500306 7 0.499694
hwn2024_triboniophorus
  6 0.972401 83.373550 1.085611 0.000717 -0.557585 0.830119 0.201390 0.478745 2 6 0.506022 7 0.493978
  6 1.229662 83.449974 1.103725 -0.054978 -0.398672 0.915444 0.189661 0.500279 2 6 0.501215 7 0.498785
  6 1.014269 83.484657 1.158735 0.012669 -0.420113 0.907383 0.189262 0.480024 2 6 0.502716 7 0.497284
hwn2024_triboniophorus
  6 1.540886 83.743187 1.200548 -0.013779 0.093446 0.995529 0.157093 0.521756 2 6 0.500018 7 0.499982
  6 1.847937 83.444618 1.166980 0.184522 -0.202956 0.961645 0.176315 0.552232 2 6 0.503361 7 0.496639
  6 1.932547 83.761536 1.167049 0.232755 0.054941 0.970982 0.149636 0.553832 2 6 0.500261 7 0.499739
hwn2024_triboniophorus
  6 1.540886 83.743187 1.200548 -0.013779 0.093446 0.995529 0.157093 0.521756 2 6 0.500018 7 0.499982
  6 1.487661 83.519943 1.194265 -0.041949 -0.133301 0.990187 0.176668 0.521641 2 6 0.500445 7 0.499555
  6 1.847937 83.444618 1.166980 0.184522 -0.202956 0.961645 0.176315 0.552232 2 6 0.503361 7 0.496639
hwn2024_triboniophorus
  6 1.294884 83.734535 1.144456 0.024204 -0.058732 0.997980 0.162668 0.500279 2 6 0.500009 7 0.499991
  6 1.487661 83.519943 1.194265 -0.041949 -0.133301 0.990187 0.176668 0.521641 2 6 0.500445 7 0.499555
  6 1.540886 83.743187 1.200548 -0.013779 0.093446 0.995529 0.157093 0.521756 2 6 0.500018 7 0.499982
hwn2024_triboniophorus
  6 1.294884 83.734535 1.144456 0.024204 -0.058732 0.997980 0.162668 0.500279 2 6 0.500009 7 0.499991
  6 1.256601 83.565887 1.130291 0.004589 -0.144972 0.989425 0.178442 0.500279 2 6 0.500306 7 0.499694
  6 1.487661 83.519943 1.194265 -0.041949 -0.133301 0.990187 0.176668 0.521641 2 6 0.500445 7 0.499555
hwn2024_triboniophorus
  6 1.256601 83.565887 1.130291 0.004589 -0.144972 0.989425 0.178442 0.500279 2 6 0.500306 7 0.499694
  6 1.442633 83.388756 1.142698 -0.125692 -0.389140 0.912563 0.189276 0.520560 2 6 0.502715 7 0.497285
  6 1.487661 83.519943 1.194265 -0.041949 -0.133301 0.990187 0.176668 0.521641 2 6 0.500445 7 0.499555
hwn2024_triboniophorus
  6 1.256601 83.565887 1.130291 0.004589 -0.144972 0.989425 0.178442 0.500279 2 6 0.500306 7 0.499694
  6 1.229662 83.449974 1.103725 -0.054978 -0.398672 0.915444 0.189661 0.500279 2 6 0.501215 7 0.498785
  6 1.442633 83.388756 1.142698 -0.125692 -0.389140 0.912563 0.189276 0.520560 2 6 0.502715 7 0.497285
hwn2024_triboniophorus
  6 1.427889 83.271591 1.068563 -0.178946 -0.517354 0.836853 0.201422 0.521851 2 6 0.506015 7 0.493985
  6 1.442633 83.388756 1.142698 -0.125692 -0.389140 0.912563 0.189276 0.520560 2 6 0.502715 7 0.497285
  6 1.229662 83.449974 1.103725 -0.054978 -0.398672 0.915444 0.189661 0.500279 2 6 0.501215 7 0.498785
hwn2024_triboniophorus
  6 1.427889 83.271591 1.068563 -0.178946 -0.517354 0.836853 0.201422 0.521851 2 6 0.506015 7 0.493985
  6 1.760164 83.214226 1.090267 0.076759 -0.493874 0.866139 0.197629 0.550940 2 6 0.523130 7 0.476870
  6 1.442633 83.388756 1.142698 -0.125692 -0.389140 0.912563 0.189276 0.520560 2 6 0.502715 7 0.497285
hwn2024_triboniophorus
  6 1.427889 83.271591 1.068563 -0.178946 -0.517354 0.836853 0.201422 0.521851 2 6 0.506015 7 0.493985
  6 1.673431 83.081863 0.990272 -0.017634 -0.590891 0.806558 0.213227 0.548449 2 6 0.536208 7 0.463792
  6 1.760164 83.214226 1.090267 0.076759 -0.493874 0.866139 0.197629 0.550940 2 6 0.523130 7 0.476870
hwn2024_triboniophorus
  6 1.673431 83.081863 0.990272 -0.017634 -0.590891 0.806558 0.213227 0.548449 2 6 0.536208 7 0.463792
  6 2.014502 82.955360 0.802102 0.183987 -0.728791 0.659555 0.219636 0.584813 2 6 0.594005 7 0.405995
  6 1.760164 83.214226 1.090267 0.076759 -0.493874 0.866139 0.197629 0.550940 2 6 0.523130 7 0.476870
hwn2024_triboniophorus
  6 1.847937 83.444618 1.166980 0.184522 -0.202956 0.961645 0.176315 0.552232 2 6 0.503361 7 0.496639
  6 1.442633 83.388756 1.142698 -0.125692 -0.389140 0.912563 0.189276 0.520560 2 6 0.502715 7 0.497285
  6 1.760164 83.214226 1.090267 0.076759 -0.493874 0.866139 0.197629 0.550940 2 6 0.523130 7 0.476870
hwn2024_triboniophorus
  6 1.847937 83.444618 1.166980 0.184522 -0.202956 0.961645 0.176315 0.552232 2 6 0.503361 7 0.496639
  6 1.487661 83.519943 1.194265 -0.041949 -0.133301 0.990187 0.176668 0.521641 2 6 0.500445 7 0.499555
  6 1.442633 83.388756 1.142698 -0.125692 -0.389140 0.912563 0.189276 0.520560 2 6 0.502715 7 0.497285
hwn2024_triboniophorus
  6 -0.252012 83.801949 0.467507 -0.923533 -0.284514 0.257173 0.193285 0.351759 2 6 0.545316 7 0.454684
  6 -0.041224 83.833221 0.879879 -0.701735 -0.056547 0.710190 0.181874 0.385905 2 6 0.505353 7 0.494647
  6 -0.260639 83.971710 0.552753 -0.901218 0.002975 0.433355 0.178412 0.354568 2 6 0.507032 7 0.492968
hwn2024_triboniophorus
  6 -0.252012 83.801949 0.467507 -0.923533 -0.284514 0.257173 0.193285 0.351759 2 6 0.545316 7 0.454684
  6 -0.043419 83.613579 0.784693 -0.759408 -0.362626 0.540186 0.200121 0.384955 2 6 0.534463 7 0.465537
  6 -0.041224 83.833221 0.879879 -0.701735 -0.056547 0.710190 0.181874 0.385905 2 6 0.505353 7 0.494647
hwn2024_triboniophorus
  6 -0.041224 83.833221 0.879879 -0.701735 -0.056547 0.710190 0.181874 0.385905 2 6 0.505353 7 0.494647
  6 -0.043419 83.613579 0.784693 -0.759408 -0.362626 0.540186 0.200121 0.384955 2 6 0.534463 7 0.465537
  6 0.272284 83.502731 1.007821 -0.485057 -0.409612 0.772617 0.201272 0.416962 2 6 0.538931 7 0.461069
hwn2024_triboniophorus
  6 -0.041224 83.833221 0.879879 -0.701735 -0.056547 0.710190 0.181874 0.385905 2 6 0.505353 7 0.494647
  6 0.272284 83.502731 1.007821 -0.485057 -0.409612 0.772617 0.201272 0.416962 2 6 0.538931 7 0.461069
  6 0.292421 83.758064 1.100458 -0.432106 -0.091119 0.897208 0.179919 0.416855 2 6 0.505917 7 0.494083
hwn2024_triboniophorus
  6 0.292421 83.758064 1.100458 -0.432106 -0.091119 0.897208 0.179919 0.416855 2 6 0.505917 7 0.494083
  6 0.272284 83.502731 1.007821 -0.485057 -0.409612 0.772617 0.201272 0.416962 2 6 0.538931 7 0.461069
  6 0.649805 83.462784 1.131830 -0.217791 -0.427940 0.877174 0.197583 0.449733 2 6 0.523136 7 0.476864
hwn2024_triboniophorus
  6 0.292421 83.758064 1.100458 -0.432106 -0.091119 0.897208 0.179919 0.416855 2 6 0.505917 7 0.494083
  6 0.649805 83.462784 1.131830 -0.217791 -0.427940 0.877174 0.197583 0.449733 2 6 0.523136 7 0.476864
  6 0.674181 83.707359 1.210920 -0.184390 -0.120379 0.975453 0.176375 0.448393 2 6 0.503362 7 0.496638
hwn2024_triboniophorus
  6 0.674181 83.707359 1.210920 -0.184390 -0.120379 0.975453 0.176375 0.448393 2 6 0.503362 7 0.496638
  6 0.649805 83.462784 1.131830 -0.217791 -0.427940 0.877174 0.197583 0.449733 2 6 0.523136 7 0.476864
  6 1.014269 83.484657 1.158735 0.012669 -0.420113 0.907383 0.189262 0.480024 2 6 0.502716 7 0.497284
hwn2024_triboniophorus
  6 0.674181 83.707359 1.210920 -0.184390 -0.120379 0.975453 0.176375 0.448393 2 6 0.503362 7 0.496638
  6 1.014269 83.484657 1.158735 0.012669 -0.420113 0.907383 0.189262 0.480024 2 6 0.502716 7 0.497284
  6 1.033171 83.621674 1.211279 0.051584 -0.154258 0.986683 0.176685 0.478926 2 6 0.500445 7 0.499555
hwn2024_triboniophorus
  6 0.674181 83.707359 1.210920 -0.184390 -0.120379 0.975453 0.176375 0.448393 2 6 0.503362 7 0.496638
  6 1.033171 83.621674 1.211279 0.051584 -0.154258 0.986683 0.176685 0.478926 2 6 0.500445 7 0.499555
  6 1.080654 83.846199 1.217777 0.123041 0.062773 0.990414 0.157131 0.478772 2 6 0.500018 7 0.499982
hwn2024_triboniophorus
  6 0.649805 83.462784 1.131830 -0.217791 -0.427940 0.877174 0.197583 0.449733 2 6 0.523136 7 0.476864
  6 0.972401 83.373550 1.085611 0.000717 -0.557585 0.830119 0.201390 0.478745 2 6 0.506022 7 0.493978
  6 1.014269 83.484657 1.158735 0.012669 -0.420113 0.907383 0.189262 0.480024 2 6 0.502716 7 0.497284
hwn2024_triboniophorus
  6 0.649805 83.462784 1.131830 -0.217791 -0.427940 0.877174 0.197583 0.449733 2 6 0.523136 7 0.476864
  6 0.664427 83.307693 1.027985 -0.178307 -0.554976 0.812532 0.213101 0.452219 2 6 0.536228 7 0.463772
  6 0.972401 83.373550 1.085611 0.000717 -0.557585 0.830119 0.201390 0.478745 2 6 0.506022 7 0.493978
hwn2024_triboniophorus
  6 0.664427 83.307693 1.027985 -0.178307 -0.554976 0.812532 0.213101 0.452219 2 6 0.536228 7 0.463772
  6 0.649805 83.462784 1.131830 -0.217791 -0.427940 0.877174 0.197583 0.449733 2 6 0.523136 7 0.476864
  6 0.289583 83.341408 0.866659 -0.429377 -0.591323 0.682622 0.219361 0.416077 2 6 0.594017 7 0.405983
hwn2024_triboniophorus
  6 0.289583 83.341408 0.866659 -0.429377 -0.591323 0.682622 0.219361 0.416077 2 6 0.594017 7 0.405983
  6 0.649805 83.462784 1.131830 -0.217791 -0.427940 0.877174 0.197583 0.449733 2 6 0.523136 7 0.476864
  6 0.272284 83.502731 1.007821 -0.485057 -0.409612 0.772617 0.201272 0.416962 2 6 0.538931 7 0.461069
hwn2024_triboniophorus
  6 0.272284 83.502731 1.007821 -0.485057 -0.409612 0.772617 0.201272 0.416962 2 6 0.538931 7 0.461069
  6 0.012058 83.442787 0.664056 -0.736410 -0.524667 0.427112 0.218201 0.384492 2 6 0.614954 7 0.385046
  6 0.289583 83.341408 0.866659 -0.429377 -0.591323 0.682622 0.219361 0.416077 2 6 0.594017 7 0.405983
hwn2024_triboniophorus
  6 0.272284 83.502731 1.007821 -0.485057 -0.409612 0.772617 0.201272 0.416962 2 6 0.538931 7 0.461069
  6 -0.043419 83.613579 0.784693 -0.759408 -0.362626 0.540186 0.200121 0.384955 2 6 0.534463 7 0.465537
  6 0.012058 83.442787 0.664056 -0.736410 -0.524667 0.427112 0.218201 0.384492 2 6 0.614954 7 0.385046
hwn2024_triboniophorus
  6 -0.043419 83.613579 0.784693 -0.759408 -0.362626 0.540186 0.200121 0.384955 2 6 0.534463 7 0.465537
  6 -0.184549 83.624580 0.387615 -0.880994 -0.431271 0.194563 0.210749 0.351376 2 6 0.639439 7 0.360561
  6 0.012058 83.442787 0.664056 -0.736410 -0.524667 0.427112 0.218201 0.384492 2 6 0.614954 7 0.385046
hwn2024_triboniophorus
  6 -0.043419 83.613579 0.784693 -0.759408 -0.362626 0.540186 0.200121 0.384955 2 6 0.534463 7 0.465537
  6 -0.252012 83.801949 0.467507 -0.923533 -0.284514 0.257173 0.193285 0.351759 2 6 0.545316 7 0.454684
  6 -0.184549 83.624580 0.387615 -0.880994 -0.431271 0.194563 0.210749 0.351376 2 6 0.639439 7 0.360561
hwn2024_triboniophorus
  6 -0.310995 83.925179 0.040919 -0.945761 -0.324475 -0.015906 0.191937 0.313927 2 6 0.606547 7 0.393453
  6 -0.184549 83.624580 0.387615 -0.880994 -0.431271 0.194563 0.210749 0.351376 2 6 0.639439 7 0.360561
  6 -0.252012 83.801949 0.467507 -0.923533 -0.284514 0.257173 0.193285 0.351759 2 6 0.545316 7 0.454684
hwn2024_triboniophorus
  6 1.332998 83.903122 1.154569 0.036372 -0.004624 0.999328 0.146740 0.500279 2 6 0.500000 7 0.500000
  6 1.067392 84.022041 1.164925 0.029263 0.121869 0.992115 0.141751 0.474404 2 6 0.500000 7 0.500000
  6 1.080654 83.846199 1.217777 0.123041 0.062773 0.990414 0.157131 0.478772 2 6 0.500018 7 0.499982
hwn2024_triboniophorus
  6 1.067392 84.022041 1.164925 0.029263 0.121869 0.992115 0.141751 0.474404 2 6 0.500000 7 0.500000
  6 0.732794 84.030090 1.211960 -0.117420 0.133308 0.984094 0.149814 0.446664 2 6 0.500261 7 0.499739
  6 1.080654 83.846199 1.217777 0.123041 0.062773 0.990414 0.157131 0.478772 2 6 0.500018 7 0.499982
hwn2024_triboniophorus
  6 0.674181 83.707359 1.210920 -0.184390 -0.120379 0.975453 0.176375 0.448393 2 6 0.503362 7 0.496638
  6 1.080654 83.846199 1.217777 0.123041 0.062773 0.990414 0.157131 0.478772 2 6 0.500018 7 0.499982
  6 0.732794 84.030090 1.211960 -0.117420 0.133308 0.984094 0.149814 0.446664 2 6 0.500261 7 0.499739
hwn2024_triboniophorus
  6 0.370024 84.097031 1.107858 -0.379623 0.186835 0.906079 0.153101 0.415887 2 6 0.500495 7 0.499505
  6 0.674181 83.707359 1.210920 -0.184390 -0.120379 0.975453 0.176375 0.448393 2 6 0.503362 7 0.496638
  6 0.732794 84.030090 1.211960 -0.117420 0.133308 0.984094 0.149814 0.446664 2 6 0.500261 7 0.499739
hwn2024_triboniophorus
  6 0.370024 84.097031 1.107858 -0.379623 0.186835 0.906079 0.153101 0.415887 2 6 0.500495 7 0.499505
  6 0.292421 83.758064 1.100458 -0.432106 -0.091119 0.897208 0.179919 0.416855 2 6 0.505917 7 0.494083
  6 0.674181 83.707359 1.210920 -0.184390 -0.120379 0.975453 0.176375 0.448393 2 6 0.503362 7 0.496638
hwn2024_triboniophorus
  6 0.036289 84.109322 0.905422 -0.626346 0.269269 0.731563 0.160141 0.386261 2 6 0.500434 7 0.499566
  6 0.292421 83.758064 1.100458 -0.432106 -0.091119 0.897208 0.179919 0.416855 2 6 0.505917 7 0.494083
  6 0.370024 84.097031 1.107858 -0.379623 0.186835 0.906079 0.153101 0.415887 2 6 0.500495 7 0.499505
hwn2024_triboniophorus
  6 0.036289 84.109322 0.905422 -0.626346 0.269269 0.731563 0.160141 0.386261 2 6 0.500434 7 0.499566
  6 -0.041224 83.833221 0.879879 -0.701735 -0.056547 0.710190 0.181874 0.385905 2 6 0.505353 7 0.494647
  6 0.292421 83.758064 1.100458 -0.432106 -0.091119 0.897208 0.179919 0.416855 2 6 0.505917 7 0.494083
hwn2024_triboniophorus
  6 -0.197546 84.130447 0.592259 -0.787881 0.379413 0.485066 0.165141 0.356581 2 6 0.501093 7 0.498907
  6 -0.041224 83.833221 0.879879 -0.701735 -0.056547 0.710190 0.181874 0.385905 2 6 0.505353 7 0.494647
  6 0.036289 84.109322 0.905422 -0.626346 0.269269 0.731563 0.160141 0.386261 2 6 0.500434 7 0.499566
hwn2024_triboniophorus
  6 -0.197546 84.130447 0.592259 -0.787881 0.379413 0.485066 0.165141 0.356581 2 6 0.501093 7 0.498907
  6 -0.260639 83.971710 0.552753 -0.901218 0.002975 0.433355 0.178412 0.354568 2 6 0.507032 7 0.492968
  6 -0.041224 83.833221 0.879879 -0.701735 -0.056547 0.710190 0.181874 0.385905 2 6 0.505353 7 0.494647
hwn2024_triboniophorus
  6 -0.318325 84.160950 0.217698 -0.923862 0.281025 0.259815 0.168483 0.324968 2 6 0.506838 7 0.493162
  6 -0.260639 83.971710 0.552753 -0.901218 0.002975 0.433355 0.178412 0.354568 2 6 0.507032 7 0.492968
  6 -0.197546 84.130447 0.592259 -0.787881 0.379413 0.485066 0.165141 0.356581 2 6 0.501093 7 0.498907
hwn2024_triboniophorus
  6 -0.318325 84.160950 0.217698 -0.923862 0.281025 0.259815 0.168483 0.324968 2 6 0.506838 7 0.493162
  6 -0.252012 83.801949 0.467507 -0.923533 -0.284514 0.257173 0.193285 0.351759 2 6 0.545316 7 0.454684
  6 -0.260639 83.971710 0.552753 -0.901218 0.002975 0.433355 0.178412 0.354568 2 6 0.507032 7 0.492968
hwn2024_triboniophorus
  6 -0.318325 84.160950 0.217698 -0.923862 0.281025 0.259815 0.168483 0.324968 2 6 0.506838 7 0.493162
  6 -0.350780 84.045410 0.110480 -0.989634 -0.104237 0.098787 0.179802 0.317599 2 6 0.530731 7 0.469269
  6 -0.252012 83.801949 0.467507 -0.923533 -0.284514 0.257173 0.193285 0.351759 2 6 0.545316 7 0.454684
hwn2024_triboniophorus
  6 -0.350780 84.045410 0.110480 -0.989634 -0.104237 0.098787 0.179802 0.317599 2 6 0.530731 7 0.469269
  6 -0.310995 83.925179 0.040919 -0.945761 -0.324475 -0.015906 0.191937 0.313927 2 6 0.606547 7 0.393453
  6 -0.252012 83.801949 0.467507 -0.923533 -0.284514 0.257173 0.193285 0.351759 2 6 0.545316 7 0.454684
hwn2024_triboniophorus
  6 -0.350780 84.045410 0.110480 -0.989634 -0.104237 0.098787 0.179802 0.317599 2 6 0.530731 7 0.469269
  6 -0.367641 84.287247 -0.204525 -0.985747 0.162845 0.042245 0.163427 0.287655 2 6 0.529200 7 0.470800
  6 -0.310995 83.925179 0.040919 -0.945761 -0.324475 -0.015906 0.191937 0.313927 2 6 0.606547 7 0.393453
hwn2024_triboniophorus
  6 -0.350780 84.045410 0.110480 -0.989634 -0.104237 0.098787 0.179802 0.317599 2 6 0.530731 7 0.469269
  6 -0.318325 84.160950 0.217698 -0.923862 0.281025 0.259815 0.168483 0.324968 2 6 0.506838 7 0.493162
  6 -0.367641 84.287247 -0.204525 -0.985747 0.162845 0.042245 0.163427 0.287655 2 6 0.529200 7 0.470800
hwn2024_triboniophorus
  6 -0.367641 84.287247 -0.204525 -0.985747 0.162845 0.042245 0.163427 0.287655 2 6 0.529200 7 0.470800
  6 -0.318325 84.160950 0.217698 -0.923862 0.281025 0.259815 0.168483 0.324968 2 6 0.506838 7 0.493162
  6 -0.229198 84.309814 0.223782 -0.863971 0.360793 0.351258 0.153640 0.324854 2 6 0.504677 7 0.495323
hwn2024_triboniophorus
  6 -0.229198 84.309814 0.223782 -0.863971 0.360793 0.351258 0.153640 0.324854 2 6 0.504677 7 0.495323
  6 -0.318325 84.160950 0.217698 -0.923862 0.281025 0.259815 0.168483 0.324968 2 6 0.506838 7 0.493162
  6 -0.197546 84.130447 0.592259 -0.787881 0.379413 0.485066 0.165141 0.356581 2 6 0.501093 7 0.498907
hwn2024_triboniophorus
  6 -0.229198 84.309814 0.223782 -0.863971 0.360793 0.351258 0.153640 0.324854 2 6 0.504677 7 0.495323
  6 -0.197546 84.130447 0.592259 -0.787881 0.379413 0.485066 0.165141 0.356581 2 6 0.501093 7 0.498907
  6 -0.080433 84.282326 0.593420 -0.787881 0.379413 0.485066 0.150037 0.358065 2 6 0.500404 7 0.499596
hwn2024_triboniophorus
  6 -0.080433 84.282326 0.593420 -0.787881 0.379413 0.485066 0.150037 0.358065 2 6 0.500404 7 0.499596
  6 -0.197546 84.130447 0.592259 -0.787881 0.379413 0.485066 0.165141 0.356581 2 6 0.501093 7 0.498907
  6 0.036289 84.109322 0.905422 -0.626346 0.269269 0.731563 0.160141 0.386261 2 6 0.500434 7 0.499566
hwn2024_triboniophorus
  6 -0.080433 84.282326 0.593420 -0.787881 0.379413 0.485066 0.150037 0.358065 2 6 0.500404 7 0.499596
  6 0.036289 84.109322 0.905422 -0.626346 0.269269 0.731563 0.160141 0.386261 2 6 0.500434 7 0.499566
  6 0.147760 84.286148 0.874640 -0.582876 0.413732 0.699343 0.143694 0.387101 2 6 0.500020 7 0.499980
hwn2024_triboniophorus
  6 0.147760 84.286148 0.874640 -0.582876 0.413732 0.699343 0.143694 0.387101 2 6 0.500020 7 0.499980
  6 0.036289 84.109322 0.905422 -0.626346 0.269269 0.731563 0.160141 0.386261 2 6 0.500434 7 0.499566
  6 0.370024 84.097031 1.107858 -0.379623 0.186835 0.906079 0.153101 0.415887 2 6 0.500495 7 0.499505
hwn2024_triboniophorus
  6 0.147760 84.286148 0.874640 -0.582876 0.413732 0.699343 0.143694 0.387101 2 6 0.500020 7 0.499980
  6 0.370024 84.097031 1.107858 -0.379623 0.186835 0.906079 0.153101 0.415887 2 6 0.500495 7 0.499505
  6 0.448137 84.279877 1.054638 -0.312346 0.380388 0.870486 0.136664 0.415686 2 6 0.500018 7 0.499982
hwn2024_triboniophorus
  6 0.448137 84.279877 1.054638 -0.312346 0.380388 0.870486 0.136664 0.415686 2 6 0.500018 7 0.499982
  6 0.370024 84.097031 1.107858 -0.379623 0.186835 0.906079 0.153101 0.415887 2 6 0.500495 7 0.499505
  6 0.732794 84.030090 1.211960 -0.117420 0.133308 0.984094 0.149814 0.446664 2 6 0.500261 7 0.499739
hwn2024_triboniophorus
  6 0.448137 84.279877 1.054638 -0.312346 0.380388 0.870486 0.136664 0.415686 2 6 0.500018 7 0.499982
  6 0.732794 84.030090 1.211960 -0.117420 0.133308 0.984094 0.149814 0.446664 2 6 0.500261 7 0.499739
  6 0.774572 84.202599 1.152734 -0.072262 0.306511 0.949120 0.134356 0.445418 2 6 0.500008 7 0.499992
hwn2024_triboniophorus
  6 1.067392 84.022041 1.164925 0.029263 0.121869 0.992115 0.141751 0.474404 2 6 0.500000 7 0.500000
  6 0.774572 84.202599 1.152734 -0.072262 0.306511 0.949120 0.134356 0.445418 2 6 0.500008 7 0.499992
  6 0.732794 84.030090 1.211960 -0.117420 0.133308 0.984094 0.149814 0.446664 2 6 0.500261 7 0.499739
hwn2024_triboniophorus
  6 1.067392 84.022041 1.164925 0.029263 0.121869 0.992115 0.141751 0.474404 2 6 0.500000 7 0.500000
  6 0.898479 84.297333 1.135852 -0.224452 -0.071294 0.971874 0.122796 0.453291 2 6 0.500000 7 0.500000
  6 0.774572 84.202599 1.152734 -0.072262 0.306511 0.949120 0.134356 0.445418 2 6 0.500008 7 0.499992
hwn2024_triboniophorus
  6 1.387253 84.137962 1.199583 -0.013981 -0.225369 0.974173 0.123619 0.500279 2 6 0.500000 7 0.500000
  6 0.898479 84.297333 1.135852 -0.224452 -0.071294 0.971874 0.122796 0.453291 2 6 0.500000 7 0.500000
  6 1.067392 84.022041 1.164925 0.029263 0.121869 0.992115 0.141751 0.474404 2 6 0.500000 7 0.500000
hwn2024_triboniophorus
  6 1.429047 84.311676 1.277348 -0.042496 -0.346540 0.937072 0.105274 0.500279 2 6 0.500000 7 0.500000
  6 0.898479 84.297333 1.135852 -0.224452 -0.071294 0.971874 0.122796 0.453291 2 6 0.500000 7 0.500000
  6 1.387253 84.137962 1.199583 -0.013981 -0.225369 0.974173 0.123619 0.500279 2 6 0.500000 7 0.500000
hwn2024_triboniophorus
  6 1.891453 84.075058 1.098680 0.241299 -0.175553 0.954440 0.122627 0.546946 2 6 0.500000 7 0.500000
  6 1.429047 84.311676 1.277348 -0.042496 -0.346540 0.937072 0.105274 0.500279 2 6 0.500000 7 0.500000
  6 1.387253 84.137962 1.199583 -0.013981 -0.225369 0.974173 0.123619 0.500279 2 6 0.500000 7 0.500000
hwn2024_triboniophorus
  6 1.891453 84.075058 1.098680 0.241299 -0.175553 0.954440 0.122627 0.546946 2 6 0.500000 7 0.500000
  6 1.953236 84.270187 1.158592 0.256652 -0.355527 0.898738 0.103814 0.547477 2 6 0.500000 7 0.500000
  6 1.429047 84.311676 1.277348 -0.042496 -0.346540 0.937072 0.105274 0.500279 2 6 0.500000 7 0.500000
hwn2024_triboniophorus
  6 2.264973 84.075623 0.956629 0.482036 -0.111078 0.869082 0.118748 0.582326 2 6 0.500000 7 0.500000
  6 1.953236 84.270187 1.158592 0.256652 -0.355527 0.898738 0.103814 0.547477 2 6 0.500000 7 0.500000
  6 1.891453 84.075058 1.098680 0.241299 -0.175553 0.954440 0.122627 0.546946 2 6 0.500000 7 0.500000
hwn2024_triboniophorus
  6 2.264973 84.075623 0.956629 0.482036 -0.111078 0.869082 0.118748 0.582326 2 6 0.500000 7 0.500000
  6 2.328018 84.338058 1.011616 0.441453 -0.304041 0.844203 0.095815 0.581885 2 6 0.500000 7 0.500000
  6 1.953236 84.270187 1.158592 0.256652 -0.355527 0.898738 0.103814 0.547477 2 6 0.500000 7 0.500000
hwn2024_triboniophorus
  6 2.264973 84.075623 0.956629 0.482036 -0.111078 0.869082 0.118748 0.582326 2 6 0.500000 7 0.500000
  6 2.586811 84.333069 0.842716 0.627555 -0.289006 0.722946 0.093428 0.608817 2 6 0.500000 7 0.500000
  6 2.328018 84.338058 1.011616 0.441453 -0.304041 0.844203 0.095815 0.581885 2 6 0.500000 7 0.500000
hwn2024_triboniophorus
  6 2.264973 84.075623 0.956629 0.482036 -0.111078 0.869082 0.118748 0.582326 2 6 0.500000 7 0.500000
  6 2.517542 84.021416 0.778703 0.688739 -0.164388 0.706127 0.120632 0.610195 2 6 0.500010 7 0.499990
  6 2.586811 84.333069 0.842716 0.627555 -0.289006 0.722946 0.093428 0.608817 2 6 0.500000 7 0.500000
hwn2024_triboniophorus
  6 2.517542 84.021416 0.778703 0.688739 -0.164388 0.706127 0.120632 0.610195 2 6 0.500010 7 0.499990
  6 2.820110 84.287376 0.567016 0.796593 -0.300949 0.524280 0.094185 0.640721 2 6 0.500054 7 0.499946
  6 2.586811 84.333069 0.842716 0.627555 -0.289006 0.722946 0.093428 0.608817 2 6 0.500000 7 0.500000
hwn2024_triboniophorus
  6 2.517542 84.021416 0.778703 0.688739 -0.164388 0.706127 0.120632 0.610195 2 6 0.500010 7 0.499990
  6 2.735279 83.944183 0.508476 0.844163 -0.194861 0.499418 0.124686 0.641397 2 6 0.500297 7 0.499703
  6 2.820110 84.287376 0.567016 0.796593 -0.300949 0.524280 0.094185 0.640721 2 6 0.500054 7 0.499946
hwn2024_triboniophorus
  6 0.448137 84.279877 1.054638 -0.312346 0.380388 0.870486 0.136664 0.415686 2 6 0.500018 7 0.499982
  6 0.551678 84.459137 1.020766 -0.420218 0.090888 0.902860 0.119393 0.417933 2 6 0.500000 7 0.500000
  6 0.147760 84.286148 0.874640 -0.582876 0.413732 0.699343 0.143694 0.387101 2 6 0.500020 7 0.499980
hwn2024_triboniophorus
  6 0.774572 84.202599 1.152734 -0.072262 0.306511 0.949120 0.134356 0.445418 2 6 0.500008 7 0.499992
  6 0.551678 84.459137 1.020766 -0.420218 0.090888 0.902860 0.119393 0.417933 2 6 0.500000 7 0.500000
  6 0.448137 84.279877 1.054638 -0.312346 0.380388 0.870486 0.136664 0.415686 2 6 0.500018 7 0.499982
hwn2024_triboniophorus
  6 0.774572 84.202599 1.152734 -0.072262 0.306511 0.949120 0.134356 0.445418 2 6 0.500008 7 0.499992
  6 0.898479 84.297333 1.135852 -0.224452 -0.071294 0.971874 0.122796 0.453291 2 6 0.500000 7 0.500000
  6 0.551678 84.459137 1.020766 -0.420218 0.090888 0.902860 0.119393 0.417933 2 6 0.500000 7 0.500000
hwn2024_triboniophorus
  6 1.429047 84.311676 1.277348 -0.042496 -0.346540 0.937072 0.105274 0.500279 2 6 0.500000 7 0.500000
  6 0.930092 84.499207 1.196892 -0.318873 -0.226711 0.920284 0.103943 0.452492 2 6 0.500000 7 0.500000
  6 0.898479 84.297333 1.135852 -0.224452 -0.071294 0.971874 0.122796 0.453291 2 6 0.500000 7 0.500000
hwn2024_triboniophorus
  6 0.930092 84.499207 1.196892 -0.318873 -0.226711 0.920284 0.103943 0.452492 2 6 0.500000 7 0.500000
  6 0.551678 84.459137 1.020766 -0.420218 0.090888 0.902860 0.119393 0.417933 2 6 0.500000 7 0.500000
  6 0.898479 84.297333 1.135852 -0.224452 -0.071294 0.971874 0.122796 0.453291 2 6 0.500000 7 0.500000
hwn2024_triboniophorus
  6 0.930092 84.499207 1.196892 -0.318873 -0.226711 0.920284 0.103943 0.452492 2 6 0.500000 7 0.500000
  6 0.610453 84.722527 1.075917 -0.465454 -0.109725 0.878244 0.096546 0.417954 2 6 0.500000 7 0.500000
  6 0.551678 84.459137 1.020766 -0.420218 0.090888 0.902860 0.119393 0.417933 2 6 0.500000 7 0.500000
hwn2024_triboniophorus
  6 0.551678 84.459137 1.020766 -0.420218 0.090888 0.902860 0.119393 0.417933 2 6 0.500000 7 0.500000
  6 0.610453 84.722527 1.075917 -0.465454 -0.109725 0.878244 0.096546 0.417954 2 6 0.500000 7 0.500000
  6 0.362869 84.830887 0.925968 -0.637658 -0.005806 0.770298 0.095185 0.391208 2 6 0.500000 7 0.500000
hwn2024_triboniophorus
  6 0.551678 84.459137 1.020766 -0.420218 0.090888 0.902860 0.119393 0.417933 2 6 0.500000 7 0.500000
  6 0.362869 84.830887 0.925968 -0.637658 -0.005806 0.770298 0.095185 0.391208 2 6 0.500000 7 0.500000
  6 0.288109 84.520454 0.862159 -0.640979 0.133281 0.755898 0.121678 0.390262 2 6 0.500010 7 0.499990
hwn2024_triboniophorus
  6 0.147760 84.286148 0.874640 -0.582876 0.413732 0.699343 0.143694 0.387101 2 6 0.500020 7 0.499980
  6 0.551678 84.459137 1.020766 -0.420218 0.090888 0.902860 0.119393 0.417933 2 6 0.500000 7 0.500000
  6 0.288109 84.520454 0.862159 -0.640979 0.133281 0.755898 0.121678 0.390262 2 6 0.500010 7 0.499990
hwn2024_triboniophorus
  6 0.147760 84.286148 0.874640 -0.582876 0.413732 0.699343 0.143694 0.387101 2 6 0.500020 7 0.499980
  6 0.288109 84.520454 0.862159 -0.640979 0.133281 0.755898 0.121678 0.390262 2 6 0.500010 7 0.499990
  6 0.039577 84.547592 0.609386 -0.808878 0.175243 0.561255 0.125865 0.359477 2 6 0.500296 7 0.499704
hwn2024_triboniophorus
  6 0.147760 84.286148 0.874640 -0.582876 0.413732 0.699343 0.143694 0.387101 2 6 0.500020 7 0.499980
  6 0.039577 84.547592 0.609386 -0.808878 0.175243 0.561255 0.125865 0.359477 2 6 0.500296 7 0.499704
  6 -0.080433 84.282326 0.593420 -0.787881 0.379413 0.485066 0.150037 0.358065 2 6 0.500404 7 0.499596
hwn2024_triboniophorus
  6 -0.080433 84.282326 0.593420 -0.787881 0.379413 0.485066 0.150037 0.358065 2 6 0.500404 7 0.499596
  6 0.039577 84.547592 0.609386 -0.808878 0.175243 0.561255 0.125865 0.359477 2 6 0.500296 7 0.499704
  6 -0.156891 84.598915 0.227650 -0.911882 0.170048 0.373569 0.127793 0.322181 2 6 0.503713 7 0.496287
hwn2024_triboniophorus
  6 -0.080433 84.282326 0.593420 -0.787881 0.379413 0.485066 0.150037 0.358065 2 6 0.500404 7 0.499596
  6 -0.156891 84.598915 0.227650 -0.911882 0.170048 0.373569 0.127793 0.322181 2 6 0.503713 7 0.496287
  6 -0.229198 84.309814 0.223782 -0.863971 0.360793 0.351258 0.153640 0.324854 2 6 0.504677 7 0.495323
hwn2024_triboniophorus
  6 -0.367641 84.287247 -0.204525 -0.985747 0.162845 0.042245 0.163427 0.287655 2 6 0.529200 7 0.470800
  6 -0.229198 84.309814 0.223782 -0.863971 0.360793 0.351258 0.153640 0.324854 2 6 0.504677 7 0.495323
  6 -0.156891 84.598915 0.227650 -0.911882 0.170048 0.373569 0.127793 0.322181 2 6 0.503713 7 0.496287
hwn2024_triboniophorus
  6 -0.367641 84.287247 -0.204525 -0.985747 0.162845 0.042245 0.163427 0.287655 2 6 0.529200 7 0.470800
  6 -0.156891 84.598915 0.227650 -0.911882 0.170048 0.373569 0.127793 0.322181 2 6 0.503713 7 0.496287
  6 -0.156914 85.239708 -0.091722 -0.958974 0.263495 0.104589 0.074016 0.284873 2 6 0.504965 7 0.495035
hwn2024_triboniophorus
  6 -0.156891 84.598915 0.227650 -0.911882 0.170048 0.373569 0.127793 0.322181 2 6 0.503713 7 0.496287
  6 -0.090132 84.950058 0.307311 -0.924025 0.061038 0.377427 0.096696 0.323877 2 6 0.500682 7 0.499318
  6 -0.156914 85.239708 -0.091722 -0.958974 0.263495 0.104589 0.074016 0.284873 2 6 0.504965 7 0.495035
hwn2024_triboniophorus
  6 -0.090132 84.950058 0.307311 -0.924025 0.061038 0.377427 0.096696 0.323877 2 6 0.500682 7 0.499318
  6 0.006170 85.192154 0.575081 -0.879641 0.199108 0.431958 0.074016 0.342291 2 6 0.500330 7 0.499670
  6 -0.156914 85.239708 -0.091722 -0.958974 0.263495 0.104589 0.074016 0.284873 2 6 0.504965 7 0.495035
hwn2024_triboniophorus
  6 -0.090132 84.950058 0.307311 -0.924025 0.061038 0.377427 0.096696 0.323877 2 6 0.500682 7 0.499318
  6 0.113342 84.893280 0.668334 -0.809570 -0.184391 0.557312 0.096063 0.359680 2 6 0.500046 7 0.499954
  6 0.006170 85.192154 0.575081 -0.879641 0.199108 0.431958 0.074016 0.342291 2 6 0.500330 7 0.499670
hwn2024_triboniophorus
  6 0.113342 84.893280 0.668334 -0.809570 -0.184391 0.557312 0.096063 0.359680 2 6 0.500046 7 0.499954
  6 0.355011 85.099289 1.050708 -0.714555 0.077101 0.695318 0.074016 0.391135 2 6 0.500011 7 0.499989
  6 0.006170 85.192154 0.575081 -0.879641 0.199108 0.431958 0.074016 0.342291 2 6 0.500330 7 0.499670
hwn2024_triboniophorus
  6 0.113342 84.893280 0.668334 -0.809570 -0.184391 0.557312 0.096063 0.359680 2 6 0.500046 7 0.499954
  6 0.362869 84.830887 0.925968 -0.723711 -0.278256 0.631519 0.095185 0.391208 2 6 0.500000 7 0.500000
  6 0.355011 85.099289 1.050708 -0.714555 0.077101 0.695318 0.074016 0.391135 2 6 0.500011 7 0.499989
hwn2024_triboniophorus
  6 0.610453 84.722527 1.075917 -0.592795 -0.425358 0.683860 0.096546 0.417954 2 6 0.500000 7 0.500000
  6 0.355011 85.099289 1.050708 -0.714555 0.077101 0.695318 0.074016 0.391135 2 6 0.500011 7 0.499989
  6 0.362869 84.830887 0.925968 -0.723711 -0.278256 0.631519 0.095185 0.391208 2 6 0.500000 7 0.500000
hwn2024_triboniophorus
  6 0.039577 84.547592 0.609386 -0.808878 0.175243 0.561255 0.125865 0.359477 2 6 0.500296 7 0.499704
  6 -0.090132 84.950058 0.307311 -0.924025 0.061038 0.377427 0.096696 0.323877 2 6 0.500682 7 0.499318
  6 -0.156891 84.598915 0.227650 -0.911882 0.170048 0.373569 0.127793 0.322181 2 6 0.503713 7 0.496287
hwn2024_triboniophorus
  6 0.039577 84.547592 0.609386 -0.808878 0.175243 0.561255 0.125865 0.359477 2 6 0.500296 7 0.499704
  6 0.113342 84.893280 0.668334 -0.809480 0.058614 0.584214 0.096063 0.359680 2 6 0.500046 7 0.499954
  6 -0.090132 84.950058 0.307311 -0.924025 0.061038 0.377427 0.096696 0.323877 2 6 0.500682 7 0.499318
hwn2024_triboniophorus
  6 0.288109 84.520454 0.862159 -0.640979 0.133281 0.755898 0.121678 0.390262 2 6 0.500010 7 0.499990
  6 0.113342 84.893280 0.668334 -0.809480 0.058614 0.584214 0.096063 0.359680 2 6 0.500046 7 0.499954
  6 0.039577 84.547592 0.609386 -0.808878 0.175243 0.561255 0.125865 0.359477 2 6 0.500296 7 0.499704
hwn2024_triboniophorus
  6 0.288109 84.520454 0.862159 -0.640979 0.133281 0.755898 0.121678 0.390262 2 6 0.500010 7 0.499990
  6 0.362869 84.830887 0.925968 -0.637658 -0.005806 0.770298 0.095185 0.391208 2 6 0.500000 7 0.500000
  6 0.113342 84.893280 0.668334 -0.809480 0.058614 0.584214 0.096063 0.359680 2 6 0.500046 7 0.499954
hwn2024_triboniophorus
  6 2.770350 83.466110 0.481158 0.906769 0.000091 0.421627 0.164586 0.644849 2 6 0.501093 7 0.498907
  6 2.849030 83.620773 0.108550 0.957045 -0.047071 0.286092 0.152765 0.676922 2 6 0.504680 7 0.495320
  6 2.729454 83.653358 0.488233 0.906769 0.000091 0.421627 0.149253 0.643149 2 6 0.500404 7 0.499596
hwn2024_triboniophorus
  6 2.770350 83.466110 0.481158 0.906769 0.000091 0.421627 0.164586 0.644849 2 6 0.501093 7 0.498907
  6 2.865608 83.448242 0.098508 0.970895 -0.144204 0.191225 0.167788 0.677046 2 6 0.506839 7 0.493161
  6 2.849030 83.620773 0.108550 0.957045 -0.047071 0.286092 0.152765 0.676922 2 6 0.504680 7 0.495320
hwn2024_triboniophorus
  6 2.865608 83.448242 0.098508 0.970895 -0.144204 0.191225 0.167788 0.677046 2 6 0.506839 7 0.493161
  6 2.770350 83.466110 0.481158 0.906769 0.000091 0.421627 0.164586 0.644849 2 6 0.501093 7 0.498907
  6 2.756865 83.296265 0.439794 0.845064 -0.387897 0.367970 0.178064 0.647057 2 6 0.507032 7 0.492968
hwn2024_triboniophorus
  6 2.264973 84.075623 0.956629 0.482036 -0.111078 0.869082 0.118748 0.582326 2 6 0.500000 7 0.500000
  6 2.545256 83.749481 0.784891 0.751705 0.114996 0.649397 0.143000 0.613682 2 6 0.500020 7 0.499980
  6 2.517542 84.021416 0.778703 0.688739 -0.164388 0.706127 0.120632 0.610195 2 6 0.500010 7 0.499990
hwn2024_triboniophorus
  6 2.545256 83.749481 0.784891 0.751705 0.114996 0.649397 0.143000 0.613682 2 6 0.500020 7 0.499980
  6 2.735279 83.944183 0.508476 0.844163 -0.194861 0.499418 0.124686 0.641397 2 6 0.500297 7 0.499703
  6 2.517542 84.021416 0.778703 0.688739 -0.164388 0.706127 0.120632 0.610195 2 6 0.500010 7 0.499990
hwn2024_triboniophorus
  6 2.545256 83.749481 0.784891 0.751705 0.114996 0.649397 0.143000 0.613682 2 6 0.500020 7 0.499980
  6 2.729454 83.653358 0.488233 0.906769 0.000091 0.421627 0.149253 0.643149 2 6 0.500404 7 0.499596
  6 2.735279 83.944183 0.508476 0.844163 -0.194861 0.499418 0.124686 0.641397 2 6 0.500297 7 0.499703
hwn2024_triboniophorus
  6 2.729454 83.653358 0.488233 0.906769 0.000091 0.421627 0.149253 0.643149 2 6 0.500404 7 0.499596
  6 2.907167 83.913048 0.112951 0.919387 -0.241976 0.310122 0.126667 0.679256 2 6 0.503770 7 0.496230
  6 2.735279 83.944183 0.508476 0.844163 -0.194861 0.499418 0.124686 0.641397 2 6 0.500297 7 0.499703
hwn2024_triboniophorus
  6 2.729454 83.653358 0.488233 0.906769 0.000091 0.421627 0.149253 0.643149 2 6 0.500404 7 0.499596
  6 2.849030 83.620773 0.108550 0.957045 -0.047071 0.286092 0.152765 0.676922 2 6 0.504680 7 0.495320
  6 2.907167 83.913048 0.112951 0.919387 -0.241976 0.310122 0.126667 0.679256 2 6 0.503770 7 0.496230
hwn2024_triboniophorus
  6 2.907167 83.913048 0.112951 0.919387 -0.241976 0.310122 0.126667 0.679256 2 6 0.503770 7 0.496230
  6 2.849030 83.620773 0.108550 0.957045 -0.047071 0.286092 0.152765 0.676922 2 6 0.504680 7 0.495320
  6 2.937752 83.547791 -0.327575 0.962692 -0.268955 -0.029778 0.162309 0.715012 2 6 0.529237 7 0.470763
hwn2024_triboniophorus
  6 2.937752 83.547791 -0.327575 0.962692 -0.268955 -0.029778 0.162309 0.715012 2 6 0.529237 7 0.470763
  6 2.849030 83.620773 0.108550 0.957045 -0.047071 0.286092 0.152765 0.676922 2 6 0.504680 7 0.495320
  6 2.865608 83.448242 0.098508 0.970895 -0.144204 0.191225 0.167788 0.677046 2 6 0.506839 7 0.493161
hwn2024_triboniophorus
  6 2.838060 83.331604 -0.008893 0.855617 -0.516466 0.034399 0.179193 0.684729 2 6 0.530732 7 0.469268
  6 2.937752 83.547791 -0.327575 0.962692 -0.268955 -0.029778 0.162309 0.715012 2 6 0.529237 7 0.470763
  6 2.865608 83.448242 0.098508 0.970895 -0.144204 0.191225 0.167788 0.677046 2 6 0.506839 7 0.493161
hwn2024_triboniophorus
  6 2.865608 83.448242 0.098508 0.970895 -0.144204 0.191225 0.167788 0.677046 2 6 0.506839 7 0.493161
  6 2.670725 83.147690 0.358099 0.730343 -0.654337 0.196067 0.193190 0.650102 2 6 0.545316 7 0.454684
  6 2.838060 83.331604 -0.008893 0.855617 -0.516466 0.034399 0.179193 0.684729 2 6 0.530732 7 0.469268
hwn2024_triboniophorus
  6 2.865608 83.448242 0.098508 0.970895 -0.144204 0.191225 0.167788 0.677046 2 6 0.506839 7 0.493161
  6 2.756865 83.296265 0.439794 0.845064 -0.387897 0.367970 0.178064 0.647057 2 6 0.507032 7 0.492968
  6 2.670725 83.147690 0.358099 0.730343 -0.654337 0.196067 0.193190 0.650102 2 6 0.545316 7 0.454684
hwn2024_triboniophorus
  6 2.523272 83.259186 0.783878 0.673052 -0.373731 0.638221 0.181725 0.615267 2 6 0.505353 7 0.494647
  6 2.670725 83.147690 0.358099 0.730343 -0.654337 0.196067 0.193190 0.650102 2 6 0.545316 7 0.454684
  6 2.756865 83.296265 0.439794 0.845064 -0.387897 0.367970 0.178064 0.647057 2 6 0.507032 7 0.492968
hwn2024_triboniophorus
  6 2.770350 83.466110 0.481158 0.906769 0.000091 0.421627 0.164586 0.644849 2 6 0.501093 7 0.498907
  6 2.523272 83.259186 0.783878 0.673052 -0.373731 0.638221 0.181725 0.615267 2 6 0.505353 7 0.494647
  6 2.756865 83.296265 0.439794 0.845064 -0.387897 0.367970 0.178064 0.647057 2 6 0.507032 7 0.492968
hwn2024_triboniophorus
  6 2.770350 83.466110 0.481158 0.906769 0.000091 0.421627 0.164586 0.644849 2 6 0.501093 7 0.498907
  6 2.572723 83.541550 0.810472 0.731721 -0.034712 0.680720 0.159678 0.614722 2 6 0.500434 7 0.499566
  6 2.523272 83.259186 0.783878 0.673052 -0.373731 0.638221 0.181725 0.615267 2 6 0.505353 7 0.494647
hwn2024_triboniophorus
  6 2.572723 83.541550 0.810472 0.731721 -0.034712 0.680720 0.159678 0.614722 2 6 0.500434 7 0.499566
  6 2.770350 83.466110 0.481158 0.906769 0.000091 0.421627 0.164586 0.644849 2 6 0.501093 7 0.498907
  6 2.729454 83.653358 0.488233 0.906769 0.000091 0.421627 0.149253 0.643149 2 6 0.500404 7 0.499596
hwn2024_triboniophorus
  6 2.572723 83.541550 0.810472 0.731721 -0.034712 0.680720 0.159678 0.614722 2 6 0.500434 7 0.499566
  6 2.729454 83.653358 0.488233 0.906769 0.000091 0.421627 0.149253 0.643149 2 6 0.500404 7 0.499596
  6 2.545256 83.749481 0.784891 0.751705 0.114996 0.649397 0.143000 0.613682 2 6 0.500020 7 0.499980
hwn2024_triboniophorus
  6 2.686588 82.965858 1.811661 -0.135321 0.444683 0.885407 0.527344 0.421875 2 6 0.500000 7 0.500000
  6 2.600473 83.003014 1.797876 0.164405 0.321814 0.932420 0.515625 0.421875 2 6 0.500000 7 0.500000
  6 2.560207 82.880669 1.847240 0.164405 0.321814 0.932420 0.515625 0.398438 2 6 0.500000 7 0.500000
hwn2024_triboniophorus
  6 2.686588 82.965858 1.811661 -0.135321 0.444683 0.885407 0.527344 0.421875 2 6 0.500000 7 0.500000
  6 2.560207 82.880669 1.847240 0.164405 0.321814 0.932420 0.515625 0.398438 2 6 0.500000 7 0.500000
  6 2.620090 82.855293 1.856753 -0.135321 0.444683 0.885407 0.527344 0.398438 2 6 0.500000 7 0.500000
hwn2024_triboniophorus
  6 2.757488 82.925117 1.861371 -0.388476 0.578128 0.717533 0.539062 0.421875 2 6 0.500000 7 0.500000
  6 2.686588 82.965858 1.811661 -0.135321 0.444683 0.885407 0.527344 0.421875 2 6 0.500000 7 0.500000
  6 2.620090 82.855293 1.856753 -0.135321 0.444683 0.885407 0.527344 0.398438 2 6 0.500000 7 0.500000
hwn2024_triboniophorus
  6 2.757488 82.925117 1.861371 -0.388476 0.578128 0.717533 0.539062 0.421875 2 6 0.500000 7 0.500000
  6 2.620090 82.855293 1.856753 -0.135321 0.444683 0.885407 0.527344 0.398438 2 6 0.500000 7 0.500000
  6 2.668749 82.826607 1.892525 -0.388476 0.578128 0.717533 0.539062 0.398438 2 6 0.500000 7 0.500000
hwn2024_triboniophorus
  6 2.802887 82.883537 1.937835 -0.530523 0.690634 0.491498 0.554688 0.421875 2 6 0.500000 7 0.500000
  6 2.757488 82.925117 1.861371 -0.388476 0.578128 0.717533 0.539062 0.421875 2 6 0.500000 7 0.500000
  6 2.668749 82.826607 1.892525 -0.388476 0.578128 0.717533 0.539062 0.398438 2 6 0.500000 7 0.500000
hwn2024_triboniophorus
  6 2.802887 82.883537 1.937835 -0.530523 0.690634 0.491498 0.554688 0.421875 2 6 0.500000 7 0.500000
  6 2.668749 82.826607 1.892525 -0.388476 0.578128 0.717533 0.539062 0.398438 2 6 0.500000 7 0.500000
  6 2.700130 82.798897 1.946459 -0.530523 0.690634 0.491498 0.554688 0.398438 2 6 0.500000 7 0.500000
hwn2024_triboniophorus
  6 2.816763 82.851128 2.029727 -0.583766 0.789113 0.191098 0.566406 0.421875 2 6 0.500000 7 0.500000
  6 2.802887 82.883537 1.937835 -0.530523 0.690634 0.491498 0.554688 0.421875 2 6 0.500000 7 0.500000
  6 2.700130 82.798897 1.946459 -0.530523 0.690634 0.491498 0.554688 0.398438 2 6 0.500000 7 0.500000
hwn2024_triboniophorus
  6 2.816763 82.851128 2.029727 -0.583766 0.789113 0.191098 0.566406 0.421875 2 6 0.500000 7 0.500000
  6 2.700130 82.798897 1.946459 -0.530523 0.690634 0.491498 0.554688 0.398438 2 6 0.500000 7 0.500000
  6 2.709669 82.776802 2.010422 -0.583766 0.789113 0.191098 0.566406 0.398438 2 6 0.500000 7 0.500000
hwn2024_triboniophorus
  6 2.796394 82.832573 2.121401 -0.519533 0.845803 -0.121254 0.578125 0.421875 2 6 0.500000 7 0.500000
  6 2.816763 82.851128 2.029727 -0.583766 0.789113 0.191098 0.566406 0.421875 2 6 0.500000 7 0.500000
  6 2.709669 82.776802 2.010422 -0.583766 0.789113 0.191098 0.566406 0.398438 2 6 0.500000 7 0.500000
hwn2024_triboniophorus
  6 2.796394 82.832573 2.121401 -0.519533 0.845803 -0.121254 0.578125 0.421875 2 6 0.500000 7 0.500000
  6 2.709669 82.776802 2.010422 -0.583766 0.789113 0.191098 0.566406 0.398438 2 6 0.500000 7 0.500000
  6 2.695564 82.763733 2.073811 -0.519533 0.845803 -0.121254 0.578125 0.398438 2 6 0.500000 7 0.500000
hwn2024_triboniophorus
  6 2.742428 82.830444 2.199319 -0.336565 0.847025 -0.411428 0.589844 0.421875 2 6 0.500000 7 0.500000
  6 2.796394 82.832573 2.121401 -0.519533 0.845803 -0.121254 0.578125 0.421875 2 6 0.500000 7 0.500000
  6 2.695564 82.763733 2.073811 -0.519533 0.845803 -0.121254 0.578125 0.398438 2 6 0.500000 7 0.500000
hwn2024_triboniophorus
  6 2.742428 82.830444 2.199319 -0.336565 0.847025 -0.411428 0.589844 0.421875 2 6 0.500000 7 0.500000
  6 2.695564 82.763733 2.073811 -0.519533 0.845803 -0.121254 0.578125 0.398438 2 6 0.500000 7 0.500000
  6 2.658203 82.762039 2.126725 -0.336565 0.847025 -0.411428 0.589844 0.398438 2 6 0.500000 7 0.500000
hwn2024_triboniophorus
  6 2.664591 82.844521 2.253842 -0.077659 0.797107 -0.598824 0.601562 0.421875 2 6 0.500000 7 0.500000
  6 2.742428 82.830444 2.199319 -0.336565 0.847025 -0.411428 0.589844 0.421875 2 6 0.500000 7 0.500000
  6 2.658203 82.762039 2.126725 -0.336565 0.847025 -0.411428 0.589844 0.398438 2 6 0.500000 7 0.500000
hwn2024_triboniophorus
  6 2.664591 82.844521 2.253842 -0.077659 0.797107 -0.598824 0.601562 0.421875 2 6 0.500000 7 0.500000
  6 2.658203 82.762039 2.126725 -0.336565 0.847025 -0.411428 0.589844 0.398438 2 6 0.500000 7 0.500000
  6 2.605095 82.771484 2.165082 -0.077659 0.797107 -0.598824 0.601562 0.398438 2 6 0.500000 7 0.500000
hwn2024_triboniophorus
  6 2.543629 82.790466 2.179740 0.228592 0.704048 -0.672355 0.417969 0.398438 2 6 0.500000 7 0.500000
  6 2.664591 82.844521 2.253842 -0.077659 0.797107 -0.598824 0.406250 0.421875 2 6 0.500000 7 0.500000
  6 2.605095 82.771484 2.165082 -0.077659 0.797107 -0.598824 0.406250 0.398438 2 6 0.500000 7 0.500000
hwn2024_triboniophorus
  6 2.543629 82.790466 2.179740 0.228592 0.704048 -0.672355 0.417969 0.398438 2 6 0.500000 7 0.500000
  6 2.575577 82.872459 2.276760 0.228592 0.704048 -0.672355 0.417969 0.421875 2 6 0.500000 7 0.500000
  6 2.664591 82.844521 2.253842 -0.077659 0.797107 -0.598824 0.406250 0.421875 2 6 0.500000 7 0.500000
hwn2024_triboniophorus
  6 2.575577 82.872459 2.276760 0.228592 0.704048 -0.672355 0.417969 0.421875 2 6 0.500000 7 0.500000
  6 2.543629 82.790466 2.179740 0.228592 0.704048 -0.672355 0.417969 0.398438 2 6 0.500000 7 0.500000
  6 2.484285 82.816559 2.171517 0.541287 0.565888 -0.621915 0.429688 0.398438 2 6 0.500000 7 0.500000
hwn2024_triboniophorus
  6 2.575577 82.872459 2.276760 0.228592 0.704048 -0.672355 0.417969 0.421875 2 6 0.500000 7 0.500000
  6 2.484285 82.816559 2.171517 0.541287 0.565888 -0.621915 0.429688 0.398438 2 6 0.500000 7 0.500000
  6 2.489115 82.909752 2.263744 0.541287 0.565888 -0.621915 0.429688 0.421875 2 6 0.500000 7 0.500000
hwn2024_triboniophorus
  6 2.435572 82.845772 2.137406 0.787983 0.436305 -0.434421 0.441406 0.398438 2 6 0.500000 7 0.500000
  6 2.489115 82.909752 2.263744 0.541287 0.565888 -0.621915 0.429688 0.421875 2 6 0.500000 7 0.500000
  6 2.484285 82.816559 2.171517 0.541287 0.565888 -0.621915 0.429688 0.398438 2 6 0.500000 7 0.500000
hwn2024_triboniophorus
  6 2.435572 82.845772 2.137406 0.787983 0.436305 -0.434421 0.441406 0.398438 2 6 0.500000 7 0.500000
  6 2.418684 82.951637 2.213871 0.787983 0.436305 -0.434421 0.441406 0.421875 2 6 0.500000 7 0.500000
  6 2.489115 82.909752 2.263744 0.541287 0.565888 -0.621915 0.429688 0.421875 2 6 0.500000 7 0.500000
hwn2024_triboniophorus
  6 2.403091 82.873619 2.083629 0.926288 0.320243 -0.198583 0.453125 0.398438 2 6 0.500000 7 0.500000
  6 2.418684 82.951637 2.213871 0.787983 0.436305 -0.434421 0.441406 0.421875 2 6 0.500000 7 0.500000
  6 2.435572 82.845772 2.137406 0.787983 0.436305 -0.434421 0.441406 0.398438 2 6 0.500000 7 0.500000
hwn2024_triboniophorus
  6 2.403091 82.873619 2.083629 0.926288 0.320243 -0.198583 0.453125 0.398438 2 6 0.500000 7 0.500000
  6 2.373465 82.992836 2.136657 0.926288 0.320243 -0.198583 0.453125 0.421875 2 6 0.500000 7 0.500000
  6 2.418684 82.951637 2.213871 0.787983 0.436305 -0.434421 0.441406 0.421875 2 6 0.500000 7 0.500000
hwn2024_triboniophorus
  6 2.392645 82.895973 2.019445 0.968240 0.230054 0.097910 0.468750 0.398438 2 6 0.500000 7 0.500000
  6 2.373465 82.992836 2.136657 0.926288 0.320243 -0.198583 0.453125 0.421875 2 6 0.500000 7 0.500000
  6 2.403091 82.873619 2.083629 0.926288 0.320243 -0.198583 0.453125 0.398438 2 6 0.500000 7 0.500000
hwn2024_triboniophorus
  6 2.392645 82.895973 2.019445 0.968240 0.230054 0.097910 0.468750 0.398438 2 6 0.500000 7 0.500000
  6 2.359606 83.023682 2.044486 0.968240 0.230054 0.097910 0.468750 0.421875 2 6 0.500000 7 0.500000
  6 2.373465 82.992836 2.136657 0.926288 0.320243 -0.198583 0.453125 0.421875 2 6 0.500000 7 0.500000
hwn2024_triboniophorus
  6 2.405846 82.908577 1.954788 0.894934 0.183428 0.406752 0.480469 0.398438 2 6 0.500000 7 0.500000
  6 2.359606 83.023682 2.044486 0.968240 0.230054 0.097910 0.468750 0.421875 2 6 0.500000 7 0.500000
  6 2.392645 82.895973 2.019445 0.968240 0.230054 0.097910 0.468750 0.398438 2 6 0.500000 7 0.500000
hwn2024_triboniophorus
  6 2.405846 82.908577 1.954788 0.894934 0.183428 0.406752 0.480469 0.398438 2 6 0.500000 7 0.500000
  6 2.379496 83.043015 1.952875 0.894934 0.183428 0.406752 0.480469 0.421875 2 6 0.500000 7 0.500000
  6 2.359606 83.023682 2.044486 0.968240 0.230054 0.097910 0.468750 0.421875 2 6 0.500000 7 0.500000
hwn2024_triboniophorus
  6 2.443604 82.909836 1.900699 0.703020 0.182090 0.687463 0.492188 0.398438 2 6 0.500000 7 0.500000
  6 2.379496 83.043015 1.952875 0.894934 0.183428 0.406752 0.480469 0.421875 2 6 0.500000 7 0.500000
  6 2.405846 82.908577 1.954788 0.894934 0.183428 0.406752 0.480469 0.398438 2 6 0.500000 7 0.500000
hwn2024_triboniophorus
  6 2.443604 82.909836 1.900699 0.703020 0.182090 0.687463 0.492188 0.398438 2 6 0.500000 7 0.500000
  6 2.433794 83.044418 1.875249 0.703020 0.182090 0.687463 0.492188 0.421875 2 6 0.500000 7 0.500000
  6 2.379496 83.043015 1.952875 0.894934 0.183428 0.406752 0.480469 0.421875 2 6 0.500000 7 0.500000
hwn2024_triboniophorus
  6 2.498104 82.900024 1.863056 0.454824 0.230471 0.860243 0.503906 0.398438 2 6 0.500000 7 0.500000
  6 2.433794 83.044418 1.875249 0.703020 0.182090 0.687463 0.492188 0.421875 2 6 0.500000 7 0.500000
  6 2.443604 82.909836 1.900699 0.703020 0.182090 0.687463 0.492188 0.398438 2 6 0.500000 7 0.500000
hwn2024_triboniophorus
  6 2.498104 82.900024 1.863056 0.454824 0.230471 0.860243 0.503906 0.398438 2 6 0.500000 7 0.500000
  6 2.511492 83.029884 1.821146 0.454824 0.230471 0.860243 0.503906 0.421875 2 6 0.500000 7 0.500000
  6 2.433794 83.044418 1.875249 0.703020 0.182090 0.687463 0.492188 0.421875 2 6 0.500000 7 0.500000
hwn2024_triboniophorus
  6 2.560207 82.880669 1.847240 0.164405 0.321814 0.932420 0.515625 0.398438 2 6 0.500000 7 0.500000
  6 2.511492 83.029884 1.821146 0.454824 0.230471 0.860243 0.503906 0.421875 2 6 0.500000 7 0.500000
  6 2.498104 82.900024 1.863056 0.454824 0.230471 0.860243 0.503906 0.398438 2 6 0.500000 7 0.500000
hwn2024_triboniophorus
  6 2.560207 82.880669 1.847240 0.164405 0.321814 0.932420 0.515625 0.398438 2 6 0.500000 7 0.500000
  6 2.600473 83.003014 1.797876 0.164405 0.321814 0.932420 0.515625 0.421875 2 6 0.500000 7 0.500000
  6 2.511492 83.029884 1.821146 0.454824 0.230471 0.860243 0.503906 0.421875 2 6 0.500000 7 0.500000
hwn2024_triboniophorus
  6 2.791552 82.794670 2.249922 0.338057 0.899255 0.277593 0.578125 0.437500 2 6 0.500000 7 0.500000
  6 2.796394 82.832573 2.121401 0.338057 0.899255 0.277593 0.593750 0.449219 2 6 0.500000 7 0.500000
  6 2.742428 82.830444 2.199319 0.338057 0.899255 0.277593 0.578125 0.449219 2 6 0.500000 7 0.500000
hwn2024_triboniophorus
  6 2.791552 82.794670 2.249922 0.338057 0.899255 0.277593 0.578125 0.437500 2 6 0.500000 7 0.500000
  6 2.862736 82.796745 2.146491 0.338057 0.899255 0.277593 0.593750 0.437500 2 6 0.500000 7 0.500000
  6 2.796394 82.832573 2.121401 0.338057 0.899255 0.277593 0.593750 0.449219 2 6 0.500000 7 0.500000
hwn2024_triboniophorus
  6 2.796394 82.832573 2.121401 0.338057 0.899255 0.277593 0.593750 0.449219 2 6 0.500000 7 0.500000
  6 2.862736 82.796745 2.146491 0.338057 0.899255 0.277593 0.593750 0.437500 2 6 0.500000 7 0.500000
  6 2.889187 82.822479 2.026330 0.398389 0.878016 0.265280 0.613281 0.437500 2 6 0.500000 7 0.500000
hwn2024_triboniophorus
  6 2.796394 82.832573 2.121401 0.338057 0.899255 0.277593 0.593750 0.449219 2 6 0.500000 7 0.500000
  6 2.889187 82.822479 2.026330 0.398389 0.878016 0.265280 0.613281 0.437500 2 6 0.500000 7 0.500000
  6 2.816763 82.851128 2.029727 0.398389 0.878016 0.265280 0.613281 0.449219 2 6 0.500000 7 0.500000
hwn2024_triboniophorus
  6 2.816763 82.851128 2.029727 0.398389 0.878016 0.265280 0.613281 0.449219 2 6 0.500000 7 0.500000
  6 2.889187 82.822479 2.026330 0.398389 0.878016 0.265280 0.613281 0.437500 2 6 0.500000 7 0.500000
  6 2.870323 82.864601 1.906164 0.398389 0.878016 0.265280 0.632812 0.437500 2 6 0.500000 7 0.500000
hwn2024_triboniophorus
  6 2.816763 82.851128 2.029727 0.398389 0.878016 0.265280 0.613281 0.449219 2 6 0.500000 7 0.500000
  6 2.870323 82.864601 1.906164 0.398389 0.878016 0.265280 0.632812 0.437500 2 6 0.500000 7 0.500000
  6 2.802887 82.883537 1.937835 0.398389 0.878016 0.265280 0.632812 0.449219 2 6 0.500000 7 0.500000
hwn2024_triboniophorus
  6 2.870323 82.864601 1.906164 0.398389 0.878016 0.265280 0.632812 0.437500 2 6 0.500000 7 0.500000
  6 2.757488 82.925117 1.861371 0.364364 0.901878 0.232065 0.656250 0.449219 2 6 0.500000 7 0.500000
  6 2.802887 82.883537 1.937835 0.398389 0.878016 0.265280 0.632812 0.449219 2 6 0.500000 7 0.500000
hwn2024_triboniophorus
  6 2.870323 82.864601 1.906164 0.398389 0.878016 0.265280 0.632812 0.437500 2 6 0.500000 7 0.500000
  6 2.811111 82.916077 1.803283 0.364364 0.901878 0.232065 0.656250 0.437500 2 6 0.500000 7 0.500000
  6 2.757488 82.925117 1.861371 0.364364 0.901878 0.232065 0.656250 0.449219 2 6 0.500000 7 0.500000
hwn2024_triboniophorus
  6 2.811111 82.916077 1.803283 0.364364 0.901878 0.232065 0.656250 0.437500 2 6 0.500000 7 0.500000
  6 2.686588 82.965858 1.811661 0.364364 0.901878 0.232065 0.675781 0.449219 2 6 0.500000 7 0.500000
  6 2.757488 82.925117 1.861371 0.364364 0.901878 0.232065 0.656250 0.449219 2 6 0.500000 7 0.500000
hwn2024_triboniophorus
  6 2.811111 82.916077 1.803283 0.364364 0.901878 0.232065 0.656250 0.437500 2 6 0.500000 7 0.500000
  6 2.718262 82.972328 1.739118 0.364364 0.901878 0.232065 0.675781 0.437500 2 6 0.500000 7 0.500000
  6 2.686588 82.965858 1.811661 0.364364 0.901878 0.232065 0.675781 0.449219 2 6 0.500000 7 0.500000
hwn2024_triboniophorus
  6 2.686588 82.965858 1.811661 0.364364 0.901878 0.232065 0.675781 0.449219 2 6 0.500000 7 0.500000
  6 2.718262 82.972328 1.739118 0.364364 0.901878 0.232065 0.675781 0.437500 2 6 0.500000 7 0.500000
  6 2.604813 83.021561 1.721149 0.364364 0.901878 0.232065 0.699219 0.437500 2 6 0.500000 7 0.500000
hwn2024_triboniophorus
  6 2.686588 82.965858 1.811661 0.364364 0.901878 0.232065 0.675781 0.449219 2 6 0.500000 7 0.500000
  6 2.604813 83.021561 1.721149 0.364364 0.901878 0.232065 0.699219 0.437500 2 6 0.500000 7 0.500000
  6 2.600473 83.003014 1.797876 0.364364 0.901878 0.232065 0.699219 0.449219 2 6 0.500000 7 0.500000
hwn2024_triboniophorus
  6 2.600473 83.003014 1.797876 0.364364 0.901878 0.232065 0.699219 0.449219 2 6 0.500000 7 0.500000
  6 2.604813 83.021561 1.721149 0.364364 0.901878 0.232065 0.699219 0.437500 2 6 0.500000 7 0.500000
  6 2.486641 83.058502 1.751755 0.338057 0.899255 0.277593 0.714844 0.437500 2 6 0.500000 7 0.500000
hwn2024_triboniophorus
  6 2.600473 83.003014 1.797876 0.364364 0.901878 0.232065 0.699219 0.449219 2 6 0.500000 7 0.500000
  6 2.486641 83.058502 1.751755 0.338057 0.899255 0.277593 0.714844 0.437500 2 6 0.500000 7 0.500000
  6 2.511492 83.029884 1.821146 0.338057 0.899255 0.277593 0.714844 0.449219 2 6 0.500000 7 0.500000
hwn2024_triboniophorus
  6 2.486641 83.058502 1.751755 0.338057 0.899255 0.277593 0.402344 0.437500 2 6 0.500000 7 0.500000
  6 2.433794 83.044418 1.875249 0.338057 0.899255 0.277593 0.417969 0.449219 2 6 0.500000 7 0.500000
  6 2.511492 83.029884 1.821146 0.338057 0.899255 0.277593 0.402344 0.449219 2 6 0.500000 7 0.500000
hwn2024_triboniophorus
  6 2.486641 83.058502 1.751755 0.338057 0.899255 0.277593 0.402344 0.437500 2 6 0.500000 7 0.500000
  6 2.383678 83.077538 1.824081 0.338057 0.899255 0.277593 0.417969 0.437500 2 6 0.500000 7 0.500000
  6 2.433794 83.044418 1.875249 0.338057 0.899255 0.277593 0.417969 0.449219 2 6 0.500000 7 0.500000
hwn2024_triboniophorus
  6 2.383678 83.077538 1.824081 0.338057 0.899255 0.277593 0.417969 0.437500 2 6 0.500000 7 0.500000
  6 2.379496 83.043015 1.952875 0.338057 0.899255 0.277593 0.441406 0.449219 2 6 0.500000 7 0.500000
  6 2.433794 83.044418 1.875249 0.338057 0.899255 0.277593 0.417969 0.449219 2 6 0.500000 7 0.500000
hwn2024_triboniophorus
  6 2.383678 83.077538 1.824081 0.338057 0.899255 0.277593 0.417969 0.437500 2 6 0.500000 7 0.500000
  6 2.311522 83.074104 1.926050 0.338057 0.899255 0.277593 0.441406 0.437500 2 6 0.500000 7 0.500000
  6 2.379496 83.043015 1.952875 0.338057 0.899255 0.277593 0.441406 0.449219 2 6 0.500000 7 0.500000
hwn2024_triboniophorus
  6 2.379496 83.043015 1.952875 0.338057 0.899255 0.277593 0.441406 0.449219 2 6 0.500000 7 0.500000
  6 2.311522 83.074104 1.926050 0.338057 0.899255 0.277593 0.441406 0.437500 2 6 0.500000 7 0.500000
  6 2.283783 83.050171 2.047221 0.338057 0.899255 0.277593 0.460938 0.437500 2 6 0.500000 7 0.500000
hwn2024_triboniophorus
  6 2.379496 83.043015 1.952875 0.338057 0.899255 0.277593 0.441406 0.449219 2 6 0.500000 7 0.500000
  6 2.283783 83.050171 2.047221 0.338057 0.899255 0.277593 0.460938 0.437500 2 6 0.500000 7 0.500000
  6 2.359606 83.023682 2.044486 0.338057 0.899255 0.277593 0.460938 0.449219 2 6 0.500000 7 0.500000
hwn2024_triboniophorus
  6 2.359606 83.023682 2.044486 0.338057 0.899255 0.277593 0.460938 0.449219 2 6 0.500000 7 0.500000
  6 2.283783 83.050171 2.047221 0.338057 0.899255 0.277593 0.460938 0.437500 2 6 0.500000 7 0.500000
  6 2.303946 83.006493 2.167244 0.338057 0.899255 0.277593 0.484375 0.437500 2 6 0.500000 7 0.500000
hwn2024_triboniophorus
  6 2.359606 83.023682 2.044486 0.338057 0.899255 0.277593 0.460938 0.449219 2 6 0.500000 7 0.500000
  6 2.303946 83.006493 2.167244 0.338057 0.899255 0.277593 0.484375 0.437500 2 6 0.500000 7 0.500000
  6 2.373465 82.992836 2.136657 0.338057 0.899255 0.277593 0.484375 0.449219 2 6 0.500000 7 0.500000
hwn2024_triboniophorus
  6 2.303946 83.006493 2.167244 0.338057 0.899255 0.277593 0.484375 0.437500 2 6 0.500000 7 0.500000
  6 2.418684 82.951637 2.213871 0.338057 0.899255 0.277593 0.503906 0.449219 2 6 0.500000 7 0.500000
  6 2.373465 82.992836 2.136657 0.338057 0.899255 0.277593 0.484375 0.449219 2 6 0.500000 7 0.500000
hwn2024_triboniophorus
  6 2.303946 83.006493 2.167244 0.338057 0.899255 0.277593 0.484375 0.437500 2 6 0.500000 7 0.500000
  6 2.364151 82.954224 2.268385 0.338057 0.899255 0.277593 0.503906 0.437500 2 6 0.500000 7 0.500000
  6 2.418684 82.951637 2.213871 0.338057 0.899255 0.277593 0.503906 0.449219 2 6 0.500000 7 0.500000
hwn2024_triboniophorus
  6 2.364151 82.954224 2.268385 0.338057 0.899255 0.277593 0.503906 0.437500 2 6 0.500000 7 0.500000
  6 2.489115 82.909752 2.263744 0.338887 0.884262 0.321304 0.523438 0.449219 2 6 0.500000 7 0.500000
  6 2.418684 82.951637 2.213871 0.338057 0.899255 0.277593 0.503906 0.449219 2 6 0.500000 7 0.500000
hwn2024_triboniophorus
  6 2.364151 82.954224 2.268385 0.338057 0.899255 0.277593 0.503906 0.437500 2 6 0.500000 7 0.500000
  6 2.456387 82.899040 2.334481 0.338887 0.884262 0.321304 0.523438 0.437500 2 6 0.500000 7 0.500000
  6 2.489115 82.909752 2.263744 0.338887 0.884262 0.321304 0.523438 0.449219 2 6 0.500000 7 0.500000
hwn2024_triboniophorus
  6 2.569929 82.850258 2.351822 0.338887 0.884262 0.321304 0.542969 0.437500 2 6 0.500000 7 0.500000
  6 2.489115 82.909752 2.263744 0.338887 0.884262 0.321304 0.523438 0.449219 2 6 0.500000 7 0.500000
  6 2.456387 82.899040 2.334481 0.338887 0.884262 0.321304 0.523438 0.437500 2 6 0.500000 7 0.500000
hwn2024_triboniophorus
  6 2.569929 82.850258 2.351822 0.338887 0.884262 0.321304 0.542969 0.437500 2 6 0.500000 7 0.500000
  6 2.575577 82.872459 2.276760 0.338887 0.884262 0.321304 0.542969 0.449219 2 6 0.500000 7 0.500000
  6 2.489115 82.909752 2.263744 0.338887 0.884262 0.321304 0.523438 0.449219 2 6 0.500000 7 0.500000
hwn2024_triboniophorus
  6 2.575577 82.872459 2.276760 0.338887 0.884262 0.321304 0.542969 0.449219 2 6 0.500000 7 0.500000
  6 2.569929 82.850258 2.351822 0.338887 0.884262 0.321304 0.542969 0.437500 2 6 0.500000 7 0.500000
  6 2.688105 82.813583 2.321593 0.338057 0.899255 0.277593 0.558594 0.437500 2 6 0.500000 7 0.500000
hwn2024_triboniophorus
  6 2.575577 82.872459 2.276760 0.338887 0.884262 0.321304 0.542969 0.449219 2 6 0.500000 7 0.500000
  6 2.688105 82.813583 2.321593 0.338057 0.899255 0.277593 0.558594 0.437500 2 6 0.500000 7 0.500000
  6 2.664591 82.844521 2.253842 0.338057 0.899255 0.277593 0.558594 0.449219 2 6 0.500000 7 0.500000
hwn2024_triboniophorus
  6 2.688105 82.813583 2.321593 0.338057 0.899255 0.277593 0.558594 0.437500 2 6 0.500000 7 0.500000
  6 2.742428 82.830444 2.199319 0.338057 0.899255 0.277593 0.578125 0.449219 2 6 0.500000 7 0.500000
  6 2.664591 82.844521 2.253842 0.338057 0.899255 0.277593 0.558594 0.449219 2 6 0.500000 7 0.500000
hwn2024_triboniophorus
  6 2.688105 82.813583 2.321593 0.338057 0.899255 0.277593 0.558594 0.437500 2 6 0.500000 7 0.500000
  6 2.791552 82.794670 2.249922 0.338057 0.899255 0.277593 0.578125 0.437500 2 6 0.500000 7 0.500000
  6 2.742428 82.830444 2.199319 0.338057 0.899255 0.277593 0.578125 0.449219 2 6 0.500000 7 0.500000
hwn2024_triboniophorus
  6 1.413599 81.402290 0.994995 0.955629 -0.237359 0.174455 0.351758 0.552124 1 6 1.000000
  6 1.505945 81.635040 0.651440 0.956603 -0.273982 0.099222 0.335605 0.569596 1 6 1.000000
  6 1.533822 81.857498 0.844297 0.937518 -0.084007 0.337643 0.320649 0.555103 1 6 1.000000
hwn2024_triboniophorus
  6 1.505945 81.635040 0.651440 0.956603 -0.273982 0.099222 0.335605 0.569596 1 6 1.000000
  6 1.680393 82.121986 0.580519 0.721620 -0.365551 0.587908 0.299439 0.578789 2 6 0.940785 7 0.059215
  6 1.533822 81.857498 0.844297 0.937518 -0.084007 0.337643 0.320649 0.555103 1 6 1.000000
hwn2024_triboniophorus
  6 1.505945 81.635040 0.651440 0.956603 -0.273982 0.099222 0.335605 0.569596 1 6 1.000000
  6 1.548033 81.816490 0.323209 0.750012 -0.548874 0.369078 0.328023 0.589153 1 6 1.000000
  6 1.680393 82.121986 0.580519 0.721620 -0.365551 0.587908 0.299439 0.578789 2 6 0.940785 7 0.059215
hwn2024_triboniophorus
  6 1.548033 81.816490 0.323209 0.750012 -0.548874 0.369078 0.328023 0.589153 1 6 1.000000
  6 1.984100 82.048988 0.276246 0.482199 -0.339223 0.807720 0.301821 0.615651 1 6 1.000000
  6 1.680393 82.121986 0.580519 0.721620 -0.365551 0.587908 0.299439 0.578789 2 6 0.940785 7 0.059215
hwn2024_triboniophorus
  6 1.548033 81.816490 0.323209 0.750012 -0.548874 0.369078 0.328023 0.589153 1 6 1.000000
  6 1.706795 81.758156 0.177253 0.187977 -0.461115 0.867201 0.329960 0.601460 1 6 1.000000
  6 1.984100 82.048988 0.276246 0.482199 -0.339223 0.807720 0.301821 0.615651 1 6 1.000000
hwn2024_triboniophorus
  6 1.706795 81.758156 0.177253 0.187977 -0.461115 0.867201 0.329960 0.601460 1 6 1.000000
  6 2.172842 81.677223 0.176001 0.256706 -0.028842 0.966059 0.327270 0.636375 1 6 1.000000
  6 1.984100 82.048988 0.276246 0.482199 -0.339223 0.807720 0.301821 0.615651 1 6 1.000000
hwn2024_triboniophorus
  6 1.706795 81.758156 0.177253 0.187977 -0.461115 0.867201 0.329960 0.601460 1 6 1.000000
  6 1.978082 81.496590 0.155198 0.004589 -0.144972 0.989425 0.342629 0.620359 1 6 1.000000
  6 2.172842 81.677223 0.176001 0.256706 -0.028842 0.966059 0.327270 0.636375 1 6 1.000000
hwn2024_triboniophorus
  6 2.172842 81.677223 0.176001 0.256706 -0.028842 0.966059 0.327270 0.636375 1 6 1.000000
  6 1.978082 81.496590 0.155198 0.004589 -0.144972 0.989425 0.342629 0.620359 1 6 1.000000
  6 2.236009 81.205673 0.142916 0.096954 -0.078501 0.992188 0.359628 0.637572 1 6 1.000000
hwn2024_triboniophorus
  6 2.172842 81.677223 0.176001 0.256706 -0.028842 0.966059 0.327270 0.636375 1 6 1.000000
  6 2.236009 81.205673 0.142916 0.096954 -0.078501 0.992188 0.359628 0.637572 1 6 1.000000
  6 2.406229 81.338341 0.141616 0.310568 0.057368 0.948818 0.350161 0.651387 1 6 1.000000
hwn2024_triboniophorus
  6 2.406229 81.338341 0.141616 0.310568 0.057368 0.948818 0.350161 0.651387 1 6 1.000000
  6 2.236009 81.205673 0.142916 0.096954 -0.078501 0.992188 0.359628 0.637572 1 6 1.000000
  6 2.468601 80.932449 0.076309 0.232905 -0.237268 0.943111 0.376891 0.651787 1 6 1.000000
hwn2024_triboniophorus
  6 2.406229 81.338341 0.141616 0.310568 0.057368 0.948818 0.350161 0.651387 1 6 1.000000
  6 2.468601 80.932449 0.076309 0.232905 -0.237268 0.943111 0.376891 0.651787 1 6 1.000000
  6 2.620421 81.054520 0.069629 0.399097 -0.058091 0.915067 0.368052 0.662273 1 6 1.000000
hwn2024_triboniophorus
  6 2.620421 81.054520 0.069629 0.399097 -0.058091 0.915067 0.368052 0.662273 1 6 1.000000
  6 2.468601 80.932449 0.076309 0.232905 -0.237268 0.943111 0.376891 0.651787 1 6 1.000000
  6 2.655540 80.756294 -0.076355 0.499377 -0.556482 0.664041 0.388672 0.666513 1 6 1.000000
hwn2024_triboniophorus
  6 2.620421 81.054520 0.069629 0.399097 -0.058091 0.915067 0.368052 0.662273 1 6 1.000000
  6 2.655540 80.756294 -0.076355 0.499377 -0.556482 0.664041 0.388672 0.666513 1 6 1.000000
  6 2.794144 80.884659 -0.076164 0.619288 -0.417291 0.665094 0.378732 0.673210 1 6 1.000000
hwn2024_triboniophorus
  6 2.794144 80.884659 -0.076164 0.619288 -0.417291 0.665094 0.378732 0.673210 1 6 1.000000
  6 2.655540 80.756294 -0.076355 0.499377 -0.556482 0.664041 0.388672 0.666513 1 6 1.000000
  6 2.753311 80.706841 -0.346849 0.686385 -0.717411 0.119152 0.395124 0.684584 1 6 1.000000
hwn2024_triboniophorus
  6 2.794144 80.884659 -0.076164 0.619288 -0.417291 0.665094 0.378732 0.673210 1 6 1.000000
  6 2.753311 80.706841 -0.346849 0.686385 -0.717411 0.119152 0.395124 0.684584 1 6 1.000000
  6 2.891631 80.839088 -0.313328 0.791358 -0.592843 0.149301 0.382980 0.686447 1 6 1.000000
hwn2024_triboniophorus
  6 2.753311 80.706841 -0.346849 0.686385 -0.717411 0.119152 0.395124 0.684584 1 6 1.000000
  6 2.904321 80.908867 -0.566938 0.841544 -0.382251 -0.381690 0.382475 0.700662 1 6 1.000000
  6 2.891631 80.839088 -0.313328 0.791358 -0.592843 0.149301 0.382980 0.686447 1 6 1.000000
hwn2024_triboniophorus
  6 2.891631 80.839088 -0.313328 0.791358 -0.592843 0.149301 0.382980 0.686447 1 6 1.000000
  6 2.904321 80.908867 -0.566938 0.841544 -0.382251 -0.381690 0.382475 0.700662 1 6 1.000000
  6 2.959710 81.020180 -0.487665 0.983177 0.020518 -0.181497 0.374474 0.697380 1 6 1.000000
hwn2024_triboniophorus
  6 2.890432 81.191635 -0.577067 0.925545 0.294361 -0.238154 0.365666 0.703642 1 6 1.000000
  6 2.959710 81.020180 -0.487665 0.983177 0.020518 -0.181497 0.374474 0.697380 1 6 1.000000
  6 2.904321 80.908867 -0.566938 0.841544 -0.382251 -0.381690 0.382475 0.700662 1 6 1.000000
end
